tissue,sample_id,mutations_per_mb,file_id,doubling_time_hours
COAD,TCGA-AZ-4313-01A-01D-1408-10,34.9,09fefec2-4650-459d-9eb6-8c0fb2a958e9,24
COAD,TCGA-AZ-4616-01A-21D-1835-10,2.533333333333333,39495aca-acc5-417a-8679-22e9246e77c0,24
COAD,TCGA-AA-3510-01A-01D-1408-10,94.6,8091fa97-b1d1-41cf-8d04-9de39b9527a5,24
COAD,TCGA-F4-6703-01A-11D-1835-10,12.7,2ea37d59-7910-4644-93d2-61c1aaa4a528,24
COAD,TCGA-CA-6716-01A-11D-1835-10,4.033333333333333,6d5f1f85-2ded-4b3d-8ea4-3029570d9bbf,24
COAD,TCGA-F4-6809-01A-11D-1835-10,4.3,be0a9525-3580-454a-9918-fd514320724f,24
COAD,TCGA-CK-4950-01A-01D-1719-10,4.866666666666666,cd5b5bb7-4e91-4c25-803c-6184dacb930b,24
COAD,TCGA-DM-A28A-01A-21D-A16V-10,3.566666666666667,da55c4e8-daf2-4c50-9f12-8fc5346378e6,24
COAD,TCGA-3L-AA1B-01A-11D-A36X-10,3.5,144983c0-174b-45c1-90c3-327e217ce685,24
COAD,TCGA-AA-3526-01A-02D-1953-10,0.7333333333333333,49e0a151-9f01-4a4a-a5c4-7a30bd921c2b,24
BRCA,TCGA-BH-A18H-01A-11D-A12B-09,1.2666666666666666,fb319d50-23ab-4c2b-9981-d296fdeeb983,100
BRCA,TCGA-E2-A14P-01A-31D-A12B-09,1.9333333333333331,d65025f4-8924-4112-a546-c73475a2e2d8,100
BRCA,TCGA-AN-A04A-01A-21W-A050-09,0.9,ba4e57dc-c15b-4282-90dd-e9ace6fb9d2b,100
BRCA,TCGA-A7-A0CD-01A-11W-A019-09,0.6,d6709b52-b2fb-4b89-89d4-a426de3f21f0,100
BRCA,TCGA-LL-A6FP-01A-11D-A31U-09,1.6666666666666667,1304fc51-cb16-40b1-a5fd-5b6703028347,100
BRCA,TCGA-A8-A06T-01A-11W-A019-09,0.9,a89b041d-e6cd-4298-93b9-13c62a5f2f01,100
BRCA,TCGA-GI-A2C8-01A-11D-A16D-09,3.033333333333333,b8be97d7-c1bd-43d2-b046-5fadd89f7e2c,100
BRCA,TCGA-AO-A0J5-01A-11W-A050-09,1.3666666666666667,45856a18-f98f-4b48-a145-19cbf03464d5,100
BRCA,TCGA-AR-A2LR-01A-12D-A18P-09,1.5666666666666669,2d5ff25c-01be-470f-a204-0b75e5817101,100
BRCA,TCGA-AQ-A0Y5-01A-11D-A14K-09,1.4333333333333331,402b8672-9f30-4de3-ac56-1a2f2607abd3,100
LUAD,TCGA-78-7158-01A-11D-2036-08,6.866666666666666,5dc8cf06-98c7-4552-b64d-80304abc70de,48
LUAD,TCGA-49-4507-01A-01D-1265-08,5.566666666666666,3015eea2-632f-4290-99eb-76e8d88a14f2,48
LUAD,TCGA-86-A4D0-01A-11D-A24D-08,7.5,0ab3b1d5-6990-4918-9cfb-77e3a749d199,48
LUAD,TCGA-73-4666-01A-01D-1265-08,10.266666666666667,b83cff33-e595-4835-8e5f-f03cc0713016,48
LUAD,TCGA-86-7714-01A-12D-2167-08,2.2333333333333334,1efa25a1-2998-4d61-a02c-f112e98322c4,48
LUAD,TCGA-91-8499-01A-11D-2393-08,9.2,d0aef9a8-1d05-40c0-8225-e8ea61e5f8d3,48
LUAD,TCGA-78-7159-01A-11D-2036-08,8.366666666666667,2f6ef881-200b-4bc4-960c-fce2a6609da2,48
LUAD,TCGA-55-7227-01A-11D-2036-08,4.666666666666667,78e931f1-010b-4321-9b21-f60fa0f95f06,48
LUAD,TCGA-86-7953-01A-11D-2184-08,1.4666666666666666,b6171ad0-d84d-46c2-adaa-500b7b45bbbb,48
LUAD,TCGA-75-7031-01A-11D-1945-08,5.7,6bfa1e21-392f-4400-be5e-74deba5cb673,48
GBM,TCGA-02-0047-01A-01D-1490-08,1.8666666666666667,9bfc590f-8fd6-4a9c-88e0-081d7fafef44,18
GBM,TCGA-06-6390-01A-11D-1696-08,1.0333333333333334,d9530104-a89a-48ea-8e46-7d3b8fe40a12,18
GBM,TCGA-16-1048-01B-01D-1353-08,1.8,d336cd05-a1a9-4d61-af68-a8ac23bb63a9,18
GBM,TCGA-06-5411-01A-01D-1696-08,0.8333333333333334,63fbb9a5-d153-48d0-8be9-60db3c39e595,18
GBM,TCGA-12-3648-01A-01W-0922-08,1.2333333333333334,82414dc1-c28d-40da-9cdb-71f6c19a5044,18
GBM,TCGA-41-3915-01A-01D-1353-08,0.8333333333333334,b918ab6e-cfec-40e8-af6e-fdaabfe04148,18
GBM,TCGA-06-5859-01A-01D-1696-08,1.3,06dd167b-3334-453e-a63f-dcd0f2c2e22a,18
GBM,TCGA-28-5208-01A-01D-1486-08,1.5333333333333334,4ebacb5d-3778-4923-b871-b1ce7a849bdf,18
GBM,TCGA-12-1092-01B-01W-0611-08,1.5,6751daba-2b0f-418a-b1eb-58fd9330369e,18
GBM,TCGA-27-2521-01A-01W-0837-08,1.6666666666666667,c119d8f6-4bc9-40b5-83c3-6558dc5fe50d,18
LAML,TCGA-AB-2806-03B-01W-0728-08,14.833333333333334,06522f6c-ebca-4019-b445-c3c2c2719c78,15
LAML,TCGA-AB-2937-03A-01W-0732-08,0.1666666666666666,cb60cedb-7ef7-419d-8733-c494eb62279d,15
LAML,TCGA-AB-2813-03B-01W-0728-08,0.3,06a0c367-e314-4007-a609-fbe4e04f59d8,15
LAML,TCGA-AB-2809-03D-01W-0755-09,0.0333333333333333,46371551-8b44-4788-8660-c669228dea37,15
LAML,TCGA-AB-2805-03B-01W-0728-08,1.1,19ea7971-ac2f-4e33-959e-f4a40faba6bf,15
LAML,TCGA-AB-2868-03B-01W-0728-08,0.5333333333333333,38427266-a7e7-427c-b4f0-3a82ae5d64ff,15
LAML,TCGA-AB-2933-03A-01W-0732-08,0.0333333333333333,29b39be1-365e-4eec-8f6d-280a91d068dd,15
LAML,TCGA-AB-2815-03B-01W-0728-08,0.0333333333333333,07c73952-8da0-49dc-8ca2-dc51b4b8a0a6,15
LAML,TCGA-AB-2814-03D-01W-0755-09,0.2666666666666666,50be6d57-898f-41fa-b5f6-1312754d6b93,15
