tissue,sample_id,mutations_per_mb,file_id
PRAD,TCGA-EJ-7791-01A-11D-2114-08,0.3,6e3e5ee1-c63f-4bb4-95c6-8f0932b90542
PRAD,TCGA-EJ-7123-01A-11D-1961-08,1.2333333333333334,2eb3765e-f4e5-4a68-b7b4-b64358f43a72
PRAD,TCGA-CH-5763-01A-11D-1576-08,0.23333333333333334,9d1470ab-dc79-45d9-963e-ccb9bc310202
PRAD,TCGA-2A-A8W1-01A-11D-A377-08,0.5,1b4f55f2-98aa-401b-b8eb-8dc425046836
PRAD,TCGA-XQ-A8TA-01A-11D-A364-08,3.2,97bb3f7f-7e9a-4ff8-a2c0-6aa9ee5d7066
PRAD,TCGA-XK-AAJT-01A-11D-A41K-08,0.7,142c7e84-d294-4117-a648-a7db6120960f
PRAD,TCGA-V1-A9O5-06A-11D-A41K-08,1.0333333333333334,9423dc25-ee8e-44fa-85cc-02806cd7bc80
PRAD,TCGA-G9-6499-01A-12D-1961-08,1.0,5733ca1e-8065-4565-b095-852c11b5b125
PRAD,TCGA-HC-8213-01A-11D-A29Q-08,0.5,04830c2f-834f-48c8-9713-38a3f3979854
PRAD,TCGA-CH-5762-01A-11D-1576-08,1.6333333333333333,94efa757-2d2d-4257-90db-fbf45a81b0c9
PRAD,TCGA-J4-A83M-01A-11D-A34U-08,0.7666666666666667,ab999a36-b691-4679-ba14-60c2ac593d74
PRAD,TCGA-KC-A4BN-01A-61D-A257-08,0.36666666666666664,820cfa11-17c9-411b-ac0a-242a3cdc54a3
PRAD,TCGA-HC-7749-01A-11D-2114-08,1.3666666666666667,fca5208e-5440-4a87-8642-7890fab58b17
PRAD,TCGA-SU-A7E7-01A-22D-A33T-08,0.6,51963a52-1b83-4662-946d-c21beb6b5562
PRAD,TCGA-V1-A9OY-01A-11D-A41K-08,0.4666666666666667,7f3f3dda-7c0a-439f-9b87-773d16fc7920
PRAD,TCGA-V1-A9O7-01A-21D-A41K-08,0.6666666666666666,10d0626b-d520-444e-a97c-c4ec8512562f
PRAD,TCGA-G9-7519-01A-11D-2260-08,0.7333333333333333,8f3beb10-d7f9-476a-a53d-9266daecbef3
PRAD,TCGA-YL-A8SQ-01B-11D-A377-08,0.9,cc6b15b6-1b8b-49ea-838b-4b5e99a9d06f
PRAD,TCGA-KK-A7B2-01A-12D-A32B-08,0.43333333333333335,d41a7840-21ec-4092-b556-fe9ce6b91d06
PRAD,TCGA-ZG-A9L1-01A-11D-A41K-08,0.6666666666666666,0170b7e9-fc21-4735-bcc8-54e6693da3ab
THCA,TCGA-DJ-A2Q6-01A-11D-A18F-08,0.16666666666666666,e5fece08-bc4d-49ca-a7fe-a6a7013b50e5
THCA,TCGA-FK-A3SE-01A-11D-A22D-08,0.06666666666666667,3bd6b51f-a172-42a5-a545-d9882c0c76e0
THCA,TCGA-DJ-A2QA-01A-11D-A18F-08,0.3,7af4cd9c-f155-417e-b6f6-d6e19a36b2a1
THCA,TCGA-FY-A2QD-01A-11D-A19J-08,0.2,7ef85a16-e2f6-4292-b919-7cd07e2093dd
THCA,TCGA-EL-A3GR-01A-21D-A202-08,0.26666666666666666,710faa6f-fd20-40c2-b5c9-d3f1b8b2ac5f
THCA,TCGA-EL-A3T7-01A-11D-A22D-08,0.3,f93413d2-870e-4a54-9392-efb4958cda50
THCA,TCGA-FE-A230-01A-11D-A14W-08,0.16666666666666666,bb6cd7ef-2e65-48a3-a767-a003fcd54b86
THCA,TCGA-EM-A3FO-01A-11D-A21A-08,0.13333333333333333,a4d07678-0106-4d0f-9be4-36d351d6578c
THCA,TCGA-DJ-A3VB-01A-11D-A23M-08,0.3,efc281d9-93fc-4d21-8891-a872d43a5310
THCA,TCGA-BJ-A28X-01A-11D-A22D-08,0.13333333333333333,d03a41ff-b820-45b9-a8d1-bfb335dd56a5
THCA,TCGA-L6-A4EU-01A-11D-A257-08,1.2,fee24144-8588-4fb0-9ff5-939a5c3478e3
THCA,TCGA-DJ-A2QB-01A-11D-A19J-08,0.3333333333333333,c9736da0-f67c-4c87-abdb-6c76f770eb20
THCA,TCGA-DJ-A4V4-01A-11D-A257-08,0.5,c993e286-b313-403f-b153-9c6ccb8d5a64
THCA,TCGA-DO-A1K0-01A-11D-A13W-08,0.16666666666666666,8a0d877b-5a67-4cf5-a650-7b68421c7bc6
THCA,TCGA-BJ-A192-01A-31D-A13W-08,0.26666666666666666,ed029b24-7731-48fc-b896-047b1cdb619d
THCA,TCGA-EM-A4FF-01A-11D-A257-08,0.23333333333333334,0f18e756-fb41-45ac-a0ed-a3bf29000ade
THCA,TCGA-DJ-A3V0-01A-11D-A22Z-08,0.5333333333333333,40ddfc49-7440-497f-ad8e-01a1908db31b
THCA,TCGA-BJ-A45G-01A-11D-A23U-08,0.23333333333333334,abbd1e80-2057-47bd-b200-c45183222eba
THCA,TCGA-FY-A3R7-01A-11D-A21Z-08,0.2,2d92a8e9-8fa9-4270-820a-9d4de22ba92f
THCA,TCGA-EM-A2P2-01A-11D-A202-08,0.5333333333333333,b533db2f-acf6-41a3-81a0-54dd8f49c481
