locus,ClinVar_ID,Pearl,Label,Category,transform,SFI,spectral_gap_disruption,spectral_gap_wt,spectral_gap_mut,eigenvalue_shifts_mean,eigenvector_angles_mean
HBB,VCV000015208,True,Pathogenic,missense,baseline,0.2118384570633346,0.000749511112072207,0.04183198934405483,0.04258150045612704,0.0063364689507732054,0.40945870828877884
HBB,VCV000015208,True,Pathogenic,missense,threshold_keep_0.75,0.21185043847084029,0.0007534431503070926,0.041854610108211635,0.04260805325851873,0.0063372182477424155,0.40949126103431077
HBB,VCV000015208,True,Pathogenic,missense,threshold_keep_0.50,0.19373402436175602,0.0010976939460125915,0.0398405536959436,0.040938247641956194,0.0061235020883554266,0.25907374504186165
HBB,VCV000015208,True,Pathogenic,missense,window_40,0.6831519903041203,0.0005903193387382238,0.06661137482566053,0.06720169416439875,0.00874351769979468,1.0439945366095824
HBB,VCV000015208,True,Pathogenic,missense,window_30,0.5429584491608672,7.24336277743709e-05,0.07707406363542665,0.07714649726320102,0.011997724185781386,0.8859800452434192
HBB,VCV000015208,True,Pathogenic,missense,coverage_keep_0.75,0.2993506232243098,0.000870299669437552,0.031889970583199506,0.03276027025263706,0.0294467748634001,0.522680990228085
HBB,VCV000015208,True,Pathogenic,missense,coverage_keep_0.50,0.4466478926226792,0.007595074075780469,0.01291652687517494,0.02051160095095541,0.022552048315533632,0.7357999486371551
HBB,VCV000015208,True,Pathogenic,missense,degree_preserving_null,0.9763807957753076,0.001905102019065783,0.002049190917549656,0.00014408889848387292,0.004259207551924878,0.9710963823412304
HBB,VCV000015208,True,Pathogenic,missense,weight_shuffled_null,1.0486624855776945,0.06280895855844382,0.07282128099532803,0.010012322436884213,0.04939169309146065,1.0016148115413968
HBB,VCV000811500,True,Pathogenic,missense,baseline,0.2118384570633346,0.000749511112072207,0.04183198934405483,0.04258150045612704,0.0063364689507732054,0.40945870828877884
HBB,VCV000811500,True,Pathogenic,missense,threshold_keep_0.75,0.21185043847084029,0.0007534431503070926,0.041854610108211635,0.04260805325851873,0.0063372182477424155,0.40949126103431077
HBB,VCV000811500,True,Pathogenic,missense,threshold_keep_0.50,0.19373402436175602,0.0010976939460125915,0.0398405536959436,0.040938247641956194,0.0061235020883554266,0.25907374504186165
HBB,VCV000811500,True,Pathogenic,missense,window_40,0.6831519903041203,0.0005903193387382238,0.06661137482566053,0.06720169416439875,0.00874351769979468,1.0439945366095824
HBB,VCV000811500,True,Pathogenic,missense,window_30,0.5429584491608672,7.24336277743709e-05,0.07707406363542665,0.07714649726320102,0.011997724185781386,0.8859800452434192
HBB,VCV000811500,True,Pathogenic,missense,coverage_keep_0.75,1.0140209243061329,0.0037727483201223655,0.02686367096905223,0.023090922648929865,0.02286844478221618,1.1954583402195995
HBB,VCV000811500,True,Pathogenic,missense,coverage_keep_0.50,1.3133313006788006,0.0029438731429893145,0.005408658204777629,0.0024647850617883146,0.031303448228128694,1.1343368813601913
HBB,VCV000811500,True,Pathogenic,missense,degree_preserving_null,0.9894254372219566,0.0038345940686361738,0.00029475024583929107,0.004129344314475465,0.010827706280395153,0.9294841469740249
HBB,VCV000811500,True,Pathogenic,missense,weight_shuffled_null,1.098073669529361,0.007018831437949624,0.008246487757731458,0.015265319195681082,0.07858505449014926,1.0184232576582302
HBB,VCV002664746,True,Pathogenic,missense,baseline,0.2118384570633346,0.000749511112072207,0.04183198934405483,0.04258150045612704,0.0063364689507732054,0.40945870828877884
HBB,VCV002664746,True,Pathogenic,missense,threshold_keep_0.75,0.21185043847084029,0.0007534431503070926,0.041854610108211635,0.04260805325851873,0.0063372182477424155,0.40949126103431077
HBB,VCV002664746,True,Pathogenic,missense,threshold_keep_0.50,0.19373402436175602,0.0010976939460125915,0.0398405536959436,0.040938247641956194,0.0061235020883554266,0.25907374504186165
HBB,VCV002664746,True,Pathogenic,missense,window_40,0.6831519903041203,0.0005903193387382238,0.06661137482566053,0.06720169416439875,0.00874351769979468,1.0439945366095824
HBB,VCV002664746,True,Pathogenic,missense,window_30,0.5429584491608672,7.24336277743709e-05,0.07707406363542665,0.07714649726320102,0.011997724185781386,0.8859800452434192
HBB,VCV002664746,True,Pathogenic,missense,coverage_keep_0.75,0.7865621958217537,0.00030207787877896755,0.029476349405534952,0.029174271526755984,0.04020129591823039,0.9571904702086341
HBB,VCV002664746,True,Pathogenic,missense,coverage_keep_0.50,1.55791490965919,0.0008423831553948206,0.017563636664574188,0.016721253509179367,0.030492428589247573,1.2358343290735994
HBB,VCV002664746,True,Pathogenic,missense,degree_preserving_null,1.0065055261937843,0.0015776159871286088,0.0015870710835322527,9.455096403643887e-06,0.008649512369223077,0.9824999741972452
HBB,VCV002664746,True,Pathogenic,missense,weight_shuffled_null,0.9306630190496186,0.00891483477432553,0.034378163372917436,0.025463328598591906,0.02908240574914796,0.946830748427745
HBB,VCV002024192,True,Pathogenic,splice_acceptor,baseline,0.04241409603487935,0.0011817187605457982,0.04098189973042622,0.04216361849097202,0.006161173152257356,0.10222830974823871
HBB,VCV002024192,True,Pathogenic,splice_acceptor,threshold_keep_0.75,0.14082683023611658,0.0011741932019480941,0.041002355798886565,0.04217654900083466,0.0061659382604478405,0.3187657698640705
HBB,VCV002024192,True,Pathogenic,splice_acceptor,threshold_keep_0.50,0.3570311541286597,0.0013939154512710716,0.0393078882493374,0.04070180370060847,0.005794178268544118,0.5410420295550771
HBB,VCV002024192,True,Pathogenic,splice_acceptor,window_40,0.29498021917149775,0.0009001079424717645,0.06891265958889274,0.0698127675313645,0.013499112969096252,0.4491665986110303
HBB,VCV002024192,True,Pathogenic,splice_acceptor,window_30,0.5673517379811636,0.0012501987306481332,0.08167627117436324,0.08292646990501137,0.017271101417851528,0.8838882988399547
HBB,VCV002024192,True,Pathogenic,splice_acceptor,coverage_keep_0.75,0.9290211450913755,0.021899454923318587,0.011699104252727986,0.03359855917604657,0.0298005271393111,0.9999923599182936
HBB,VCV002024192,True,Pathogenic,splice_acceptor,coverage_keep_0.50,0.8185307028947819,0.013038823102403454,0.0050004384373811914,0.018039261539784645,0.01969935812703696,0.8493927927345396
HBB,VCV002024192,True,Pathogenic,splice_acceptor,degree_preserving_null,1.2989313672667464,0.00025147938452761405,0.0007905511104434364,0.0010420304949710505,0.004243528195701195,1.062614144867367
HBB,VCV002024192,True,Pathogenic,splice_acceptor,weight_shuffled_null,1.0504597846806152,0.049553231639531514,0.03429973545328352,0.08385296709281503,0.03105291445989315,1.0039279093197733
HBB,VCV000869358,True,Pathogenic,frameshift,baseline,0.07361827700870442,0.0012212222674833281,0.04120202480997759,0.04242324707746092,0.012764855834580424,0.1789808620190999
HBB,VCV000869358,True,Pathogenic,frameshift,threshold_keep_0.75,0.03367709676665458,0.0012203357686329103,0.04121972370399181,0.04244005947262472,0.012765759782621131,0.06598378819921336
HBB,VCV000869358,True,Pathogenic,frameshift,threshold_keep_0.50,0.03232606890240815,0.001326246610106642,0.03945087166992718,0.040777118280033824,0.012481008669936369,0.06358374880561696
HBB,VCV000869358,True,Pathogenic,frameshift,window_40,0.5117198328086138,0.0001862888781265365,0.06804154440318294,0.06822783328130948,0.0165958724241057,0.8606828024094023
HBB,VCV000869358,True,Pathogenic,frameshift,window_30,0.1301237881646956,0.00034823201504141643,0.07916865005768048,0.07882041804263906,0.020564439798662997,0.23315039809217877
HBB,VCV000869358,True,Pathogenic,frameshift,coverage_keep_0.75,0.7709868946118303,0.0020244735120244044,0.02735809624390804,0.029382569755932446,0.030422595119587177,0.9580373893632453
HBB,VCV000869358,True,Pathogenic,frameshift,coverage_keep_0.50,1.276952981442668,0.013811659875301911,0.01697993432486129,0.003168274449559378,0.022812611412077154,1.03192513737734
HBB,VCV000869358,True,Pathogenic,frameshift,degree_preserving_null,0.9540647368178887,0.0015320530202257415,0.0005771238756804982,0.0021091768959062398,0.0018763714004274368,0.9651505553699565
HBB,VCV000869358,True,Pathogenic,frameshift,weight_shuffled_null,1.1702483602880283,0.04953735118592173,0.08960885729630519,0.04007150611038346,0.04377628101420785,0.9444655573801681
HBB,VCV000015470,True,Pathogenic,promoter,baseline,0.5478426340225242,0.0002869844671037694,0.042702653249294294,0.042415668782190524,0.010900211941421087,0.45843913024238625
HBB,VCV000015470,True,Pathogenic,promoter,threshold_keep_0.75,0.6200133533277212,0.0003390902535093804,0.04271369563047624,0.042374605376966856,0.010524064651723062,0.6636505956420071
HBB,VCV000015470,True,Pathogenic,promoter,threshold_keep_0.50,0.6184341786960685,0.0009088213517928212,0.04079366584998553,0.03988484449819271,0.008490308362390724,0.6649109709783662
HBB,VCV000015470,True,Pathogenic,promoter,window_40,0.1805294485857572,0.008284221010285128,0.06988272936259456,0.07816695037287968,0.02692932232171063,0.3597808697022368
HBB,VCV000015470,True,Pathogenic,promoter,window_30,0.623326583383278,0.016199037535572086,0.08388831327761972,0.10008735081319181,0.06417200931110197,0.7076020161853404
HBB,VCV000015470,True,Pathogenic,promoter,coverage_keep_0.75,0.47103724327049723,0.002392762126310649,0.031079397112064533,0.03347215923837518,0.014298862863677826,0.7939301192565842
HBB,VCV000015470,True,Pathogenic,promoter,coverage_keep_0.50,0.9083492789657882,0.0019343657542608868,0.020442431934926956,0.01850806618066607,0.008014983112037272,1.2147571404173334
HBB,VCV000015470,True,Pathogenic,promoter,degree_preserving_null,1.0533372449189338,0.002352992397991994,0.00014453009352613982,0.0024975224915181338,0.003496590675019962,1.0734457251806342
HBB,VCV000015470,True,Pathogenic,promoter,weight_shuffled_null,1.037328993827453,0.04601718297066376,0.03941011478378997,0.08542729775445373,0.01982175686650079,0.967782899538618
HBB,VCV000015471,True,Pathogenic,promoter,baseline,0.5478426340225242,0.0002869844671037694,0.042702653249294294,0.042415668782190524,0.010900211941421087,0.45843913024238625
HBB,VCV000015471,True,Pathogenic,promoter,threshold_keep_0.75,0.6200133533277212,0.0003390902535093804,0.04271369563047624,0.042374605376966856,0.010524064651723062,0.6636505956420071
HBB,VCV000015471,True,Pathogenic,promoter,threshold_keep_0.50,0.6184341786960685,0.0009088213517928212,0.04079366584998553,0.03988484449819271,0.008490308362390724,0.6649109709783662
HBB,VCV000015471,True,Pathogenic,promoter,window_40,0.1805294485857572,0.008284221010285128,0.06988272936259456,0.07816695037287968,0.02692932232171063,0.3597808697022368
HBB,VCV000015471,True,Pathogenic,promoter,window_30,0.623326583383278,0.016199037535572086,0.08388831327761972,0.10008735081319181,0.06417200931110197,0.7076020161853404
HBB,VCV000015471,True,Pathogenic,promoter,coverage_keep_0.75,0.7535557038507454,0.006837011121374588,0.03270030593570137,0.02586329481432678,0.03430669165403783,0.8402954035462803
HBB,VCV000015471,True,Pathogenic,promoter,coverage_keep_0.50,1.4849732645531586,0.004693025162443892,0.020490250992443865,0.015797225829999973,0.030144324441130195,1.1866890506906749
HBB,VCV000015471,True,Pathogenic,promoter,degree_preserving_null,1.00228648723626,0.0019738063167050427,0.0024493237577686293,0.00047551744106358665,0.010536224395542077,0.9758313744623245
HBB,VCV000015471,True,Pathogenic,promoter,weight_shuffled_null,0.9817178489087474,0.03211412133903213,0.03708872132630947,0.004974599987277339,0.0647432132816552,0.9854982604034789
HBB,VCV000869288,True,Pathogenic,promoter,baseline,0.10797255162252634,0.0004228598761976607,0.04276603770158419,0.04234317782538653,0.010867906576228166,0.24224227353065567
HBB,VCV000869288,True,Pathogenic,promoter,threshold_keep_0.75,0.24276217583718512,0.00047057304826940427,0.042784666249389036,0.04231409320111963,0.010479785065815381,0.4546698625873393
HBB,VCV000869288,True,Pathogenic,promoter,threshold_keep_0.50,0.7799281987531999,0.0011879669483264715,0.04078280241511091,0.03959483546678444,0.008561990599966412,0.8865587919173858
HBB,VCV000869288,True,Pathogenic,promoter,window_40,0.5074129380131873,0.009870281698343336,0.06891941260272758,0.07878969430107091,0.023819730421295243,0.5500338408110713
HBB,VCV000869288,True,Pathogenic,promoter,window_30,0.6003651343540911,0.022342581744736995,0.0784549523565807,0.1007975341013177,0.055862773439757,0.6725796798933809
HBB,VCV000869288,True,Pathogenic,promoter,coverage_keep_0.75,1.4019708594197755,0.01410227887009708,0.01071996447227664,0.02482224334237372,0.014071325191439,1.0514566616763068
HBB,VCV000869288,True,Pathogenic,promoter,coverage_keep_0.50,1.4111162463808524,0.0008991702318352814,0.008640860850704826,0.009540031082540108,0.007349880274628729,1.2122136148071068
HBB,VCV000869288,True,Pathogenic,promoter,degree_preserving_null,1.0541791001180156,0.003298604622284809,0.0003037293973893053,0.0036023340196741143,0.0028467301205568974,1.0734460980442013
HBB,VCV000869288,True,Pathogenic,promoter,weight_shuffled_null,1.0872047979014654,0.007416449726724672,0.03719228020982279,0.02977583048309812,0.09620149896218981,0.9903282341066532
HBB,VCV000869290,True,Pathogenic,promoter,baseline,0.3414444417934759,0.00019240053279601793,0.04359983191926795,0.04379223245206397,0.01114798240063168,0.46313909722107777
HBB,VCV000869290,True,Pathogenic,promoter,threshold_keep_0.75,0.5004091901931286,0.00017383571166559864,0.04363244676732702,0.04380628247899262,0.010788189156190814,0.682904703117544
HBB,VCV000869290,True,Pathogenic,promoter,threshold_keep_0.50,0.3425917482489045,0.0005766545949118934,0.041729668751607066,0.04115301415669517,0.008536766101323055,0.4706020612964307
HBB,VCV000869290,True,Pathogenic,promoter,window_40,0.3379346742881648,0.012753200059048841,0.06932461666339444,0.08207781672244328,0.023220858138171773,0.5489461975705985
HBB,VCV000869290,True,Pathogenic,promoter,window_30,0.579958904027207,0.021437165549343884,0.07750668283491502,0.0989438483842589,0.061743134524615675,0.6425028085438779
HBB,VCV000869290,True,Pathogenic,promoter,coverage_keep_0.75,0.7502098320288814,0.0067139648207814664,0.03131041697212894,0.024596452151347474,0.019415509335270364,1.0977745544551587
HBB,VCV000869290,True,Pathogenic,promoter,coverage_keep_0.50,0.5168492888109029,0.010013370051807868,0.004412924242679894,0.014426294294487762,0.01870253211298687,0.7404418445334873
HBB,VCV000869290,True,Pathogenic,promoter,degree_preserving_null,1.0243944745902818,0.006869286788122333,0.008083331572320145,0.0012140447841978127,0.004813307044614888,0.9999661703263024
HBB,VCV000869290,True,Pathogenic,promoter,weight_shuffled_null,1.0437677435631096,0.026601231933629343,0.04792135132917463,0.02132011939554529,0.04153480931511911,0.9795922525384392
HBB,VCV000015466,True,Pathogenic,promoter,baseline,0.7032361719265435,0.0002902770059813736,0.04252984947962932,0.04282012648561069,0.011376483608511852,0.8375267341043949
HBB,VCV000015466,True,Pathogenic,promoter,threshold_keep_0.75,0.1856608900847722,0.0001985063242542634,0.04255825618711894,0.042756762511373204,0.010996262175694944,0.4064017524144214
HBB,VCV000015466,True,Pathogenic,promoter,threshold_keep_0.50,0.6568071642901091,0.00019549178741645745,0.04075876663248082,0.04056327484506436,0.00885375577016987,0.7136775099245555
HBB,VCV000015466,True,Pathogenic,promoter,window_40,0.5209356336221289,0.011340937860256986,0.07045730366021062,0.08179824152046761,0.020787133999927983,0.5830295961804571
HBB,VCV000015466,True,Pathogenic,promoter,window_30,0.5604949182664546,0.017809481398636112,0.07949689679977301,0.09730637819840912,0.059597062529899394,0.6064396054323559
HBB,VCV000015466,True,Pathogenic,promoter,coverage_keep_0.75,1.033899043154442,0.0019595245972408165,0.03131845378730568,0.0332779783845465,0.011937681583142401,1.240391593714302
HBB,VCV000015466,True,Pathogenic,promoter,coverage_keep_0.50,1.1997728886094197,0.016097530930630807,0.0041628639485785605,0.020260394879209366,0.04271849885951225,0.9324701043249429
HBB,VCV000015466,True,Pathogenic,promoter,degree_preserving_null,1.1172626612659275,0.0014652467622204121,0.0017462241543232196,0.0002809773921028075,0.0016611420751915422,1.050199672659477
HBB,VCV000015466,True,Pathogenic,promoter,weight_shuffled_null,1.0459154913233166,0.002710678568641267,0.018041065597131367,0.020751744165772634,0.042457126928471034,0.9993859725810689
HBB,VCV000801184,True,Pathogenic,promoter,baseline,0.6815865760435227,0.0005604872451589193,0.04104457481700497,0.04048408757184605,0.010579501240284374,0.6656496902950446
HBB,VCV000801184,True,Pathogenic,promoter,threshold_keep_0.75,0.5132541528186747,0.0006248021086752223,0.04107078270209236,0.040445980593417134,0.010206885889280929,0.4545383294400093
HBB,VCV000801184,True,Pathogenic,promoter,threshold_keep_0.50,0.3743856575462237,0.001002922704006405,0.039066496590887,0.03806357388688059,0.008247239154483063,0.23983223663523257
HBB,VCV000801184,True,Pathogenic,promoter,window_40,0.5186902475329963,0.007710922896737277,0.06833084120517224,0.07604176410190952,0.024486627721662726,0.5705594806443508
HBB,VCV000801184,True,Pathogenic,promoter,window_30,0.5861103703980889,0.01801284619748625,0.08024501786230268,0.09825786405978892,0.057606126119377335,0.6547685803503626
HBB,VCV000801184,True,Pathogenic,promoter,coverage_keep_0.75,0.8350310333431956,0.0013524966090821336,0.02599018408020485,0.027342680689286983,0.019454115494534605,0.9606320703273347
HBB,VCV000801184,True,Pathogenic,promoter,coverage_keep_0.50,0.7067734405224416,0.015460389570052292,0.019091558698820205,0.003631169128767913,0.02025653888064173,0.9109539577067776
HBB,VCV000801184,True,Pathogenic,promoter,degree_preserving_null,0.8962821315682907,0.0036011451519407742,0.00011179974584470641,0.0037129448977854806,0.008777577831752901,0.9516193185974924
HBB,VCV000801184,True,Pathogenic,promoter,weight_shuffled_null,1.1079262517590331,0.02238401706804455,0.021962938058021075,0.044346955126065624,0.058432171497981696,1.020775303061317
HBB,VCV000036284,True,Pathogenic,promoter,baseline,0.3944062157061324,0.0012994582936165303,0.04157350590002851,0.040274047606411977,0.010447604717029494,0.4514777791649688
HBB,VCV000036284,True,Pathogenic,promoter,threshold_keep_0.75,0.3940868363271049,0.0013925256037299327,0.04159115744115971,0.04019863183742978,0.010076778831757689,0.4515349982664383
HBB,VCV000036284,True,Pathogenic,promoter,threshold_keep_0.50,0.582863722122886,0.0018180650913608432,0.03960025062005053,0.037782185528689685,0.008159304548628081,0.8845326425119941
HBB,VCV000036284,True,Pathogenic,promoter,window_40,0.9437307056326617,0.004837813876828523,0.06728056909118695,0.07211838296801547,0.027246113965341597,1.054223897266565
HBB,VCV000036284,True,Pathogenic,promoter,window_30,0.8514918098734737,0.018044737849917128,0.08111670667272315,0.09916144452264028,0.06375702145832217,0.9421001689274665
HBB,VCV000036284,True,Pathogenic,promoter,coverage_keep_0.75,0.6158047577386933,0.0030060613098222104,0.03299050302951361,0.0299844417196914,0.02063359892609237,0.8854699490610097
HBB,VCV000036284,True,Pathogenic,promoter,coverage_keep_0.50,1.6815178502123451,0.0008056044728284757,0.01990321233975161,0.019097607866923133,0.012766441860989753,1.396268798826061
HBB,VCV000036284,True,Pathogenic,promoter,degree_preserving_null,0.7439172392424589,0.008786350746008682,0.008934921367720536,0.00014857062171185452,0.008720815047764681,0.8394693265953468
HBB,VCV000036284,True,Pathogenic,promoter,weight_shuffled_null,1.1299515754439704,0.02453371358180123,0.012239443326176658,0.03677315690797789,0.05353841704925895,1.0725413124152203
HBB,VCV002506212,True,Pathogenic,promoter,baseline,0.3944062157061324,0.0012994582936165303,0.04157350590002851,0.040274047606411977,0.010447604717029494,0.4514777791649688
HBB,VCV002506212,True,Pathogenic,promoter,threshold_keep_0.75,0.3940868363271049,0.0013925256037299327,0.04159115744115971,0.04019863183742978,0.010076778831757689,0.4515349982664383
HBB,VCV002506212,True,Pathogenic,promoter,threshold_keep_0.50,0.582863722122886,0.0018180650913608432,0.03960025062005053,0.037782185528689685,0.008159304548628081,0.8845326425119941
HBB,VCV002506212,True,Pathogenic,promoter,window_40,0.9437307056326617,0.004837813876828523,0.06728056909118695,0.07211838296801547,0.027246113965341597,1.054223897266565
HBB,VCV002506212,True,Pathogenic,promoter,window_30,0.8514918098734737,0.018044737849917128,0.08111670667272315,0.09916144452264028,0.06375702145832217,0.9421001689274665
HBB,VCV002506212,True,Pathogenic,promoter,coverage_keep_0.75,0.6741229827662444,0.0043739193898071765,0.02800526194529737,0.023631342555490195,0.014434106526569766,0.9888527353276216
HBB,VCV002506212,True,Pathogenic,promoter,coverage_keep_0.50,0.6338531175706872,0.01054717024723155,0.0178860567045584,0.007338886457326849,0.032308340470351554,0.8381357957550581
HBB,VCV002506212,True,Pathogenic,promoter,degree_preserving_null,1.1714113871178433,0.0026066915375403932,0.0010224822265347284,0.0036291737640751216,0.002567391748415358,1.1033486796033314
HBB,VCV002506212,True,Pathogenic,promoter,weight_shuffled_null,1.0900532667682794,0.028988390478483117,0.0416688123503518,0.012680421871868686,0.05718865814345402,1.0548269437666216
HBB,VCV000015464,True,Pathogenic,promoter,baseline,0.28219298311808444,2.408305665384247e-06,0.042750490054983166,0.04274808174931778,0.010629496162782226,0.44892266351597354
HBB,VCV000015464,True,Pathogenic,promoter,threshold_keep_0.75,0.11346296087173599,0.00011989083283379248,0.042760319127307135,0.04264042829447334,0.010356087113050064,0.2371715598996742
HBB,VCV000015464,True,Pathogenic,promoter,threshold_keep_0.50,0.42834012653071374,0.0007173889959713534,0.04095168983322234,0.040234300837250984,0.008501064436103248,0.6612334643796545
HBB,VCV000015464,True,Pathogenic,promoter,window_40,0.6802117474101953,0.007219352645328844,0.06861132001349575,0.0758306726588246,0.025227716762210375,0.7634194051658691
HBB,VCV000015464,True,Pathogenic,promoter,window_30,0.6814874317637679,0.01837899924533823,0.08245590851278686,0.10083490775812509,0.06224072807383031,0.8022478600312171
HBB,VCV000015464,True,Pathogenic,promoter,coverage_keep_0.75,0.9130022861251708,0.00213665022118021,0.03158918706005682,0.03372583728123703,0.011438422251803602,1.034669770671868
HBB,VCV000015464,True,Pathogenic,promoter,coverage_keep_0.50,0.7198307551185874,0.01098363096831164,0.010708650394933336,0.021692281363244977,0.01938602212219928,0.8998244138519779
HBB,VCV000015464,True,Pathogenic,promoter,degree_preserving_null,0.9874173841380633,0.0021740755600982258,0.0002682967596587052,0.002442372319756931,0.0026239814700198733,1.018897202475034
HBB,VCV000015464,True,Pathogenic,promoter,weight_shuffled_null,1.1129064163319027,0.07460556419233111,0.04263290229069838,0.11723846648302949,0.04616619002601008,1.044951363617323
HBB,VCV000036285,True,Pathogenic,promoter,baseline,0.28219298311808444,2.408305665384247e-06,0.042750490054983166,0.04274808174931778,0.010629496162782226,0.44892266351597354
HBB,VCV000036285,True,Pathogenic,promoter,threshold_keep_0.75,0.11346296087173599,0.00011989083283379248,0.042760319127307135,0.04264042829447334,0.010356087113050064,0.2371715598996742
HBB,VCV000036285,True,Pathogenic,promoter,threshold_keep_0.50,0.42834012653071374,0.0007173889959713534,0.04095168983322234,0.040234300837250984,0.008501064436103248,0.6612334643796545
HBB,VCV000036285,True,Pathogenic,promoter,window_40,0.6802117474101953,0.007219352645328844,0.06861132001349575,0.0758306726588246,0.025227716762210375,0.7634194051658691
HBB,VCV000036285,True,Pathogenic,promoter,window_30,0.6814874317637679,0.01837899924533823,0.08245590851278686,0.10083490775812509,0.06224072807383031,0.8022478600312171
HBB,VCV000036285,True,Pathogenic,promoter,coverage_keep_0.75,1.029151941327057,0.003521080701273875,0.028345241961007718,0.024824161259733843,0.018523496438950272,1.2519121312224615
HBB,VCV000036285,True,Pathogenic,promoter,coverage_keep_0.50,1.2462184612317926,0.0005588654339186514,0.015070031482490422,0.01451116604857177,0.022873247493198294,1.0622390074819528
HBB,VCV000036285,True,Pathogenic,promoter,degree_preserving_null,1.1080892293342959,0.002688868255979809,0.0035909349210885497,0.0009020666651087405,0.0038933735062214266,1.0195306649841305
HBB,VCV000036285,True,Pathogenic,promoter,weight_shuffled_null,1.1383902899149818,0.014831416767615568,0.02276163788458163,0.007930221116966063,0.0970547984297317,0.9694321415187456
HBB,VCV000036287,True,Pathogenic,promoter,baseline,0.28219298311808444,2.408305665384247e-06,0.042750490054983166,0.04274808174931778,0.010629496162782226,0.44892266351597354
HBB,VCV000036287,True,Pathogenic,promoter,threshold_keep_0.75,0.11346296087173599,0.00011989083283379248,0.042760319127307135,0.04264042829447334,0.010356087113050064,0.2371715598996742
HBB,VCV000036287,True,Pathogenic,promoter,threshold_keep_0.50,0.42834012653071374,0.0007173889959713534,0.04095168983322234,0.040234300837250984,0.008501064436103248,0.6612334643796545
HBB,VCV000036287,True,Pathogenic,promoter,window_40,0.6802117474101953,0.007219352645328844,0.06861132001349575,0.0758306726588246,0.025227716762210375,0.7634194051658691
HBB,VCV000036287,True,Pathogenic,promoter,window_30,0.6814874317637679,0.01837899924533823,0.08245590851278686,0.10083490775812509,0.06224072807383031,0.8022478600312171
HBB,VCV000036287,True,Pathogenic,promoter,coverage_keep_0.75,0.6369348601033515,0.0008263288852448439,0.031633061365073684,0.03080673247982884,0.0316611743922435,0.7404328980935883
HBB,VCV000036287,True,Pathogenic,promoter,coverage_keep_0.50,1.3208807288035205,0.010740452940330202,0.005026801522553101,0.015767254462883303,0.025917424268946276,1.0540667698771027
HBB,VCV000036287,True,Pathogenic,promoter,degree_preserving_null,1.028146734315688,0.00013874597381957707,0.002834251613331866,0.002972997587151443,0.00578900191522589,1.0656807387090557
HBB,VCV000036287,True,Pathogenic,promoter,weight_shuffled_null,1.1394387605784606,0.004956426666123059,0.04595974457585883,0.04100331790973577,0.11128107771295283,1.0133835809535874
HBB,VCV000393701,True,Pathogenic,promoter,baseline,0.11356417345727565,0.0004679224037042323,0.041959258586480294,0.04149133618277606,0.010501927521869372,0.23712906617409146
HBB,VCV000393701,True,Pathogenic,promoter,threshold_keep_0.75,0.33083927180573225,0.0006226987313657714,0.04197999011844514,0.041357291387079366,0.01019142713910038,0.44300120289557693
HBB,VCV000393701,True,Pathogenic,promoter,threshold_keep_0.50,0.42803613921045397,0.000812723287321522,0.04014031069137526,0.03932758740405374,0.008415191614831584,0.6609241586495491
HBB,VCV000393701,True,Pathogenic,promoter,window_40,0.5340325240357856,0.006440735116272814,0.0706894822154306,0.07713021733170342,0.027045606328341402,0.6018357334031087
HBB,VCV000393701,True,Pathogenic,promoter,window_30,0.32294504277861247,0.015455105967789665,0.08689685627264546,0.10235196224043512,0.062146047436053536,0.5572509387836965
HBB,VCV000393701,True,Pathogenic,promoter,coverage_keep_0.75,0.5133325731862286,0.0031677074806159243,0.026231537813568764,0.029399245294184688,0.013397540589261717,0.7687024292062482
HBB,VCV000393701,True,Pathogenic,promoter,coverage_keep_0.50,1.2906080252914067,0.01007712021659983,0.01733364589618455,0.007256525679584718,0.014261047268995809,1.1210988736234673
HBB,VCV000393701,True,Pathogenic,promoter,degree_preserving_null,0.9960932809800347,0.0019058550319811388,7.791221257774125e-05,0.00198376724455888,0.002338966665045916,0.9716334472574365
HBB,VCV000393701,True,Pathogenic,promoter,weight_shuffled_null,1.136601606592641,0.0011175958366091698,0.0159230032095298,0.014805407372920631,0.10076196545380373,1.020900684890375
HBB,VCV000015514,True,Pathogenic,promoter,baseline,0.13987007213672006,0.0009003511402367881,0.04277842168460732,0.04187807054437053,0.011659991306457118,0.2968849972339065
HBB,VCV000015514,True,Pathogenic,promoter,threshold_keep_0.75,0.3768635651794534,0.0009997395903522527,0.04280923862999188,0.041809499039639625,0.011260853590655385,0.7020392113317189
HBB,VCV000015514,True,Pathogenic,promoter,threshold_keep_0.50,0.34431169705374043,0.0014846591218756894,0.04088588426448926,0.03940122514261357,0.00907476418629228,0.641311523253778
HBB,VCV000015514,True,Pathogenic,promoter,window_40,0.559914604092523,0.006219309157645181,0.07070827345604302,0.0769275826136882,0.03048489702193853,0.6445890772170111
HBB,VCV000015514,True,Pathogenic,promoter,window_30,0.802334202711068,0.017390313797916418,0.08214869485038115,0.09953900864829757,0.06660051777229158,0.8478417157512692
HBB,VCV000015514,True,Pathogenic,promoter,coverage_keep_0.75,0.8080445165040816,0.011634053254752228,0.020419387096006717,0.032053440350758945,0.046855194205340615,1.0149600878198208
HBB,VCV000015514,True,Pathogenic,promoter,coverage_keep_0.50,0.5197848699762636,0.0044571848065624795,0.017418229967857635,0.021875414774420114,0.027470112209529926,0.7677415574776443
HBB,VCV000015514,True,Pathogenic,promoter,degree_preserving_null,0.998241537773463,0.0037405868656028712,0.00532464914274937,0.001584062277146499,0.007110698626672175,1.0059746688910098
HBB,VCV000015514,True,Pathogenic,promoter,weight_shuffled_null,1.0796680085484311,0.03361780949073995,0.08347423552130573,0.04985642603056578,0.0562105069918447,0.984212980631857
HBB,VCV000015462,True,Pathogenic,promoter,baseline,0.2825220391783394,0.0002937872094352853,0.04315849773430742,0.0434522849437427,0.010734693532482166,0.44926927198682876
HBB,VCV000015462,True,Pathogenic,promoter,threshold_keep_0.75,0.38118873417866034,0.00017085747606384455,0.043181245817736726,0.04335210329380057,0.010433094699261942,0.667003311326195
HBB,VCV000015462,True,Pathogenic,promoter,threshold_keep_0.50,0.023973393566629232,0.00038223640828025096,0.04153160032238779,0.04114936391410754,0.008632240334804765,0.016459168843606282
HBB,VCV000015462,True,Pathogenic,promoter,window_40,0.5076141857877152,0.010717187394310365,0.07112922857009261,0.08184641596440298,0.023849759422331418,0.5509783528678445
HBB,VCV000015462,True,Pathogenic,promoter,window_30,0.6217194962261842,0.019547743794573358,0.07858547345028946,0.09813321724486282,0.060670444187069655,0.7198627796660594
HBB,VCV000015462,True,Pathogenic,promoter,coverage_keep_0.75,0.5498774381892468,0.0025394459382067774,0.028720769767003385,0.03126021570521016,0.022621901303034018,0.7818532820783962
HBB,VCV000015462,True,Pathogenic,promoter,coverage_keep_0.50,0.6504752134576289,0.00030255892571370846,0.01669319472423576,0.016995753649949468,0.018508957933936945,0.9328862511839482
HBB,VCV000015462,True,Pathogenic,promoter,degree_preserving_null,0.9900821436944907,0.0020681610920706417,0.0026732299795582063,0.0006050688874875646,0.010730456148196704,1.0134970596113033
HBB,VCV000015462,True,Pathogenic,promoter,weight_shuffled_null,1.075008172665348,0.005428215421000693,0.048877887093995764,0.04344967167299507,0.114577647405313,1.0236299730210625
HBB,VCV000015586,True,Pathogenic,promoter,baseline,0.5912060895896336,0.00013261403115708698,0.040720118451525636,0.04058750442036855,0.010544117874214519,0.6737493247670567
HBB,VCV000015586,True,Pathogenic,promoter,threshold_keep_0.75,0.30961962095061546,0.00017819537333146895,0.040744401884685415,0.040566206511353946,0.01019590074717918,0.4456639526614785
HBB,VCV000015586,True,Pathogenic,promoter,threshold_keep_0.50,0.5544997689369576,0.0006053377375268218,0.03879675854493479,0.03819142080740797,0.008113526570366434,0.6832469640366174
HBB,VCV000015586,True,Pathogenic,promoter,window_40,0.3547742288030756,0.009797849713619966,0.0658178136512866,0.07561566336490656,0.022712429009649218,0.5815773636657466
HBB,VCV000015586,True,Pathogenic,promoter,window_30,0.6337851384990417,0.02295123882307179,0.07416577286514486,0.09711701168821665,0.063273138892045,0.7329736752447085
HBB,VCV000015586,True,Pathogenic,promoter,coverage_keep_0.75,0.4990518431030594,0.0016024262716297297,0.025080546918205344,0.026682973189835073,0.03232534288807323,0.780819015465362
HBB,VCV000015586,True,Pathogenic,promoter,coverage_keep_0.50,0.3449987664632517,0.0023023138084048815,0.018270592095220983,0.0159682782868161,0.010441612012580136,0.6063701735795414
HBB,VCV000015586,True,Pathogenic,promoter,degree_preserving_null,0.9843321445376133,0.0027415045733155674,0.0013431961235409531,0.0040847006968565205,0.0025919620808120634,1.0026031177901866
HBB,VCV000015586,True,Pathogenic,promoter,weight_shuffled_null,1.0036802394083348,0.014403534259876172,0.05079080473452591,0.06519433899440208,0.0529937633996406,0.9462298044303622
HBB,VCV001118308,False,Benign,synonymous,baseline,0.1795287240901744,0.00010411495935690185,0.04183198934405483,0.041936104303411735,0.0006167115294752373,0.4431423300206359
HBB,VCV001118308,False,Benign,synonymous,threshold_keep_0.75,0.07853589394841574,0.0001046441293526823,0.041854610108211635,0.04195925423756432,0.0006169519213186825,0.22092621522946576
HBB,VCV001118308,False,Benign,synonymous,threshold_keep_0.50,0.2551924435665811,0.00016112742862813695,0.0398405536959436,0.04000168112457174,0.0005790129050083598,0.4430021917875929
HBB,VCV001118308,False,Benign,synonymous,window_40,0.49177910705129224,8.808744383083378e-05,0.06661137482566053,0.06669946226949136,0.001208508580846695,0.6666456341407401
HBB,VCV001118308,False,Benign,synonymous,window_30,0.2370262199573642,3.7506539105877645e-05,0.07707406363542665,0.07703655709632078,0.0017022952963940438,0.22234869181036337
HBB,VCV001118308,False,Benign,synonymous,coverage_keep_0.75,0.6538370383472867,0.00209094238278406,0.032568645276608965,0.030477702893824905,0.03204546405248557,0.7608795849830474
HBB,VCV001118308,False,Benign,synonymous,coverage_keep_0.50,0.6655511509730558,0.0026257050725364897,0.02268397776626142,0.02005827269372493,0.006078226437213734,0.8429419068543458
HBB,VCV001118308,False,Benign,synonymous,degree_preserving_null,0.9853054574185851,0.00029034369331441844,0.000659876267842462,0.0009502199611568804,0.000763556690927217,0.9950930511840796
HBB,VCV001118308,False,Benign,synonymous,weight_shuffled_null,1.1134080899128571,0.0352159873276226,0.07989264091945736,0.11510862824707996,0.03852721791775022,1.0373224379266386
HBB,VCV002010262,False,Benign,synonymous,baseline,0.1967031384209439,0.00011132819805049349,0.042321471017252116,0.04243279921530261,0.0004711537282841502,0.44425170230420363
HBB,VCV002010262,False,Benign,synonymous,threshold_keep_0.75,0.0004891204142394171,0.00011185233725124338,0.04234318271047504,0.04245503504772628,0.0004711620874334897,0.0002623364079401928
HBB,VCV002010262,False,Benign,synonymous,threshold_keep_0.50,0.0004809366499632783,0.00016091544177777167,0.04029021536998183,0.0404511308117596,0.00044246200166495167,0.0003200872966997818
HBB,VCV002010262,False,Benign,synonymous,window_40,0.17820991053822802,0.00014170023364452888,0.06687363264996134,0.06701533288360587,0.001128328869235716,0.22358006230365537
HBB,VCV002010262,False,Benign,synonymous,window_30,0.2437718705485172,3.975094717918737e-05,0.08212817816207643,0.08216792910925562,0.0017024432433567801,0.4444147735948948
HBB,VCV002010262,False,Benign,synonymous,coverage_keep_0.75,0.6519983593746687,0.0012070430467188975,0.030301753751041438,0.031508796797760336,0.025967542695061303,0.9511239650590946
HBB,VCV002010262,False,Benign,synonymous,coverage_keep_0.50,0.41885286504446534,0.001544872136944861,0.0208364847147064,0.02238135685165126,0.009056642938905197,0.6898631779467713
HBB,VCV002010262,False,Benign,synonymous,degree_preserving_null,1.003091150702478,0.0010148489431655349,0.0017007477384238263,0.0006858987952582914,0.004775641665676167,1.00226283772335
HBB,VCV002010262,False,Benign,synonymous,weight_shuffled_null,1.0037143362628602,0.0027262166246621033,0.020086961270695314,0.022813177895357417,0.04769162641835998,1.0044313382330552
HBB,VCV002577313,False,Benign,synonymous,baseline,0.1967031384209439,0.00011132819805049349,0.042321471017252116,0.04243279921530261,0.0004711537282841502,0.44425170230420363
HBB,VCV002577313,False,Benign,synonymous,threshold_keep_0.75,0.0004891204142394171,0.00011185233725124338,0.04234318271047504,0.04245503504772628,0.0004711620874334897,0.0002623364079401928
HBB,VCV002577313,False,Benign,synonymous,threshold_keep_0.50,0.0004809366499632783,0.00016091544177777167,0.04029021536998183,0.0404511308117596,0.00044246200166495167,0.0003200872966997818
HBB,VCV002577313,False,Benign,synonymous,window_40,0.17820991053822802,0.00014170023364452888,0.06687363264996134,0.06701533288360587,0.001128328869235716,0.22358006230365537
HBB,VCV002577313,False,Benign,synonymous,window_30,0.2437718705485172,3.975094717918737e-05,0.08212817816207643,0.08216792910925562,0.0017024432433567801,0.4444147735948948
HBB,VCV002577313,False,Benign,synonymous,coverage_keep_0.75,0.5119037836160724,0.00801213909025706,0.02163870358518655,0.02965084267544361,0.020497136929240004,0.8210380046354502
HBB,VCV002577313,False,Benign,synonymous,coverage_keep_0.50,0.6319523939070325,0.002238893275318404,0.01410539385315694,0.011866500577838536,0.01853224746134831,0.9314419246181029
HBB,VCV002577313,False,Benign,synonymous,degree_preserving_null,0.9163843739717281,0.0030082614184185896,0.0020299540547181055,0.005038215473136695,0.007302455635582223,0.9899206763540678
HBB,VCV002577313,False,Benign,synonymous,weight_shuffled_null,1.126202105038647,0.03836649817595822,0.021296986221575276,0.059663484397533495,0.013646482743457046,1.0524546209767847
HBB,VCV001127632,False,Benign,synonymous,baseline,0.14190539067460933,0.00010632164251313247,0.040820154939555015,0.04092647658206815,0.00047183060153194677,0.22257856700293427
HBB,VCV001127632,False,Benign,synonymous,threshold_keep_0.75,0.2950780471018443,0.00010686314001578934,0.04084122725868639,0.04094809039870218,0.0004719489951212784,0.44479548349350634
HBB,VCV001127632,False,Benign,synonymous,threshold_keep_0.50,0.0005038455162999166,0.00018840406971426527,0.03895548589268823,0.03914388996240249,0.0004524648845282034,0.0004086762637057638
HBB,VCV001127632,False,Benign,synonymous,window_40,0.10208693304724958,0.00013283652327152062,0.06522403091595659,0.06535686743922811,0.0012667192924969112,0.22237915981333586
HBB,VCV001127632,False,Benign,synonymous,window_30,0.2695827223835702,3.5875777035648815e-05,0.07700023307996276,0.07696435730292711,0.0016459420402263583,0.6672676547055352
HBB,VCV001127632,False,Benign,synonymous,coverage_keep_0.75,0.69720583472706,0.002563274007111843,0.031134211206339298,0.028570937199227455,0.027219826420659416,1.010489242815219
HBB,VCV001127632,False,Benign,synonymous,coverage_keep_0.50,0.8369366640112614,0.013925534448128073,0.00398074269429665,0.017906277142424723,0.01150692808453712,1.0244355057612777
HBB,VCV001127632,False,Benign,synonymous,degree_preserving_null,1.114781433534007,0.0024688763538902405,0.0011551033342003247,0.0036239796880905653,0.005417781534628307,1.0224424930320961
HBB,VCV001127632,False,Benign,synonymous,weight_shuffled_null,1.0668787485066202,0.013456594838633595,0.03829141722026108,0.05174801205889468,0.03884235227374554,1.016842688796666
HBB,VCV002860725,False,Benign,synonymous,baseline,0.07893672296855346,0.00011628144555098086,0.04236684621929453,0.04248312766484551,0.00043866958211718273,0.22222549918417536
HBB,VCV002860725,False,Benign,synonymous,threshold_keep_0.75,0.07893676267563261,0.00011684329475859789,0.04239569335466739,0.04251253664942599,0.0004386112641606378,0.22222543923209992
HBB,VCV002860725,False,Benign,synonymous,threshold_keep_0.50,0.17710518156637528,0.00017736144455963998,0.040370307362504076,0.040547668807063716,0.00041342304250486573,0.2222652786711682
HBB,VCV002860725,False,Benign,synonymous,window_40,0.4136849650065402,0.00013611364926822966,0.06874054733601535,0.06887666098528358,0.0013065512055303358,0.4452967887789183
HBB,VCV002860725,False,Benign,synonymous,window_30,0.09010247811868762,3.052022580191105e-05,0.08152942679045383,0.08155994701625574,0.0016810273207418607,0.2229131607314908
HBB,VCV002860725,False,Benign,synonymous,coverage_keep_0.75,1.1255382924835655,0.0011178843843361493,0.030104337380838227,0.031222221765174377,0.029692760627536625,1.3603388900312947
HBB,VCV002860725,False,Benign,synonymous,coverage_keep_0.50,0.476876637781039,0.0013761078190149684,0.016691885359568785,0.015315777540553816,0.0412401481733323,0.8074997737011258
HBB,VCV002860725,False,Benign,synonymous,degree_preserving_null,1.0117307363780463,0.0011201101761544913,0.0019335544824880917,0.003053664658642583,0.004178983484373739,0.989925003697755
HBB,VCV002860725,False,Benign,synonymous,weight_shuffled_null,1.4272589154104403,0.07687455586019556,0.0817839310608427,0.15865848692103826,0.04057837013237743,1.1081198592233712
HBB,VCV002828894,False,Benign,synonymous,baseline,0.0008374719010478085,0.00010341748264884598,0.04386459907383972,0.04396801655648857,0.0009111887989515248,0.0008094301827901656
HBB,VCV002828894,False,Benign,synonymous,threshold_keep_0.75,0.07883724607913577,0.00010392477857283644,0.04388716386695506,0.0439910886455279,0.0009114394107438536,0.22146787716268074
HBB,VCV002828894,False,Benign,synonymous,threshold_keep_0.50,0.0008091423304422604,6.782691621951692e-05,0.041986814063086894,0.04205464097930641,0.0008976757675502292,0.000778399143412403
HBB,VCV002828894,False,Benign,synonymous,window_40,0.46236165456830625,7.538677182160336e-05,0.06945046915171446,0.06952585592353606,0.0012935718913314872,0.8888249639633303
HBB,VCV002828894,False,Benign,synonymous,window_30,0.14299103360608464,4.43191945534438e-06,0.07752138587167698,0.07751695395222163,0.0016389925491740083,0.22275664980934934
HBB,VCV002828894,False,Benign,synonymous,coverage_keep_0.75,0.3043703506910988,0.005058733546509708,0.025054276199543313,0.03011300974605302,0.018687555086859375,0.5919012134321051
HBB,VCV002828894,False,Benign,synonymous,coverage_keep_0.50,1.2189538909000586,0.005351091116876776,0.010149672817100453,0.004798581700223677,0.012645188826275508,1.1273634111867306
HBB,VCV002828894,False,Benign,synonymous,degree_preserving_null,1.035432261761069,0.0030778429611761082,0.0050188054534293074,0.0019409624922531992,0.008580301243503416,1.0451230444774362
HBB,VCV002828894,False,Benign,synonymous,weight_shuffled_null,1.0968164635911026,0.00013214879166323357,0.027523800784441277,0.027391651992778043,0.038737635168346635,1.0628246815887394
HBB,VCV001129520,False,Benign,synonymous,baseline,0.24276353460388567,0.00011209537856932822,0.04244015985501262,0.04255225523358195,0.0004269950242770632,0.44444618639376
HBB,VCV001129520,False,Benign,synonymous,threshold_keep_0.75,0.08875814003056673,0.00011254772168112215,0.04245379398560274,0.042566341707283864,0.0004269422345989733,0.22224708691901965
HBB,VCV001129520,False,Benign,synonymous,threshold_keep_0.50,0.00035890801371306916,0.00013210115036899756,0.040655125444796464,0.04078722659516546,0.0003935968854640901,2.627078862562884e-05
HBB,VCV001129520,False,Benign,synonymous,window_40,0.17766463401750152,0.00010189846376923439,0.06972952696087498,0.06983142542464421,0.0012348179256734275,0.22237781068353682
HBB,VCV001129520,False,Benign,synonymous,window_30,0.4104250631423518,5.322113803765682e-05,0.0828144970976705,0.08286771823570815,0.0017095660878219707,0.8888767622488258
HBB,VCV001129520,False,Benign,synonymous,coverage_keep_0.75,0.44278560038825104,0.0039961812533483715,0.030224257824843455,0.034220439078191826,0.021090711313717012,0.7672816708890777
HBB,VCV001129520,False,Benign,synonymous,coverage_keep_0.50,0.6415829486365977,0.0014150918502534079,0.015115849719237448,0.01370075786898404,0.015204094209137391,0.8580278470547995
HBB,VCV001129520,False,Benign,synonymous,degree_preserving_null,0.5918835954125615,0.0032170717460553323,0.0004892486995729188,0.0037063204456282512,0.0013319013589475947,0.8561966539475923
HBB,VCV001129520,False,Benign,synonymous,weight_shuffled_null,0.9810961871222057,0.015275546089044134,0.017834251517999,0.002558705428954866,0.018040195137955423,0.9582171106321851
HBB,VCV001608998,False,Benign,synonymous,baseline,0.0003805347788527321,0.00011696625429655216,0.04091258762647658,0.04102955388077313,0.00041568549180296386,3.505031264059186e-05
HBB,VCV001608998,False,Benign,synonymous,threshold_keep_0.75,0.1417662325033804,0.00011745895804154277,0.040932079043849545,0.04104953800189109,0.00041563644172722857,0.22224365566895
HBB,VCV001608998,False,Benign,synonymous,threshold_keep_0.50,0.24273193727923448,0.00015212427888930402,0.039106861681805966,0.03925898596069527,0.00038883416413401417,0.44445661712240914
HBB,VCV001608998,False,Benign,synonymous,window_40,0.1806170992186983,0.00013437035682269116,0.06789069236455246,0.06802506272137515,0.0012688512502107647,0.4444356603098376
HBB,VCV001608998,False,Benign,synonymous,window_30,0.30978005484091364,0.00010549978198268195,0.08411834066968127,0.08422384045166395,0.001686557625355578,0.6667864827884811
HBB,VCV001608998,False,Benign,synonymous,coverage_keep_0.75,1.2741909874713793,0.016292108934571864,0.011611281030228321,0.027903389964800185,0.02885250394283032,1.0262439980480667
HBB,VCV001608998,False,Benign,synonymous,coverage_keep_0.50,1.2882195356199617,0.009302400069068874,0.008210442821265224,0.0175128428903341,0.0032296482362018184,0.9582996375769608
HBB,VCV001608998,False,Benign,synonymous,degree_preserving_null,1.0289240360100016,0.001294496577888308,0.0019335414346656173,0.0006390448567773093,0.0038665363824552557,0.9949359422671462
HBB,VCV001608998,False,Benign,synonymous,weight_shuffled_null,1.1099720505636865,0.02336708678766669,0.06617743137081022,0.042810344583143534,0.05992308490445189,1.001655371191922
HBB,VCV001157531,False,Benign,synonymous,baseline,0.22016127804302404,0.00010909889646158744,0.043879350582669424,0.04398844947913101,0.000609380433192968,0.44378601082239555
HBB,VCV001157531,False,Benign,synonymous,threshold_keep_0.75,0.0007009060608878407,0.0001096501867712471,0.043904274867696845,0.04401392505446809,0.0006095827563620183,0.0007051515569790704
HBB,VCV001157531,False,Benign,synonymous,threshold_keep_0.50,0.14208134956293922,0.00010728042405408478,0.04198369966708328,0.04209098009113736,0.000604930632647357,0.22294314881116634
HBB,VCV001157531,False,Benign,synonymous,window_40,0.0010913987203634303,6.0373001771515944e-05,0.07094872068828535,0.07100909369005687,0.001324388388781148,0.0003846702965777012
HBB,VCV001157531,False,Benign,synonymous,window_30,0.22133477312056776,1.2414127494822513e-05,0.08165016532048613,0.08163775119299131,0.0016775628071104723,0.44448323098067216
HBB,VCV001157531,False,Benign,synonymous,coverage_keep_0.75,0.6956262998192224,0.000180775798656857,0.031984430592892465,0.03216520639154932,0.012732095343862892,0.9490427510378251
HBB,VCV001157531,False,Benign,synonymous,coverage_keep_0.50,0.9846804915720948,0.003109951967702331,0.013893055798045426,0.010783103830343095,0.01205585534127149,0.6949579225989051
HBB,VCV001157531,False,Benign,synonymous,degree_preserving_null,0.9713046987167584,0.0015784980179160582,0.004965508485589925,0.0033870104676738664,0.006464734904443801,0.9651244014932503
HBB,VCV001157531,False,Benign,synonymous,weight_shuffled_null,1.0525770645137658,0.04530028058109392,0.03071780186523465,0.07601808244632857,0.036861546961502706,1.0225472178143553
HBB,VCV001095859,False,Benign,synonymous,baseline,0.24283150439072942,0.00011443992993182689,0.04214390765876241,0.042258347588694234,0.00047521735256643053,0.4445906323038156
HBB,VCV001095859,False,Benign,synonymous,threshold_keep_0.75,0.07891730379253777,0.00011494462398171229,0.042162691704452186,0.0422776363284339,0.0004752484392738594,0.22213117641173344
HBB,VCV001095859,False,Benign,synonymous,threshold_keep_0.50,0.39700611498470806,0.00012248598598225274,0.040116804034176695,0.04023929002015895,0.00045456215622526324,0.6665320141173159
HBB,VCV001095859,False,Benign,synonymous,window_40,0.17763391804243864,0.00011010097512835493,0.06892350501872603,0.06903360599385439,0.0011559537564581534,0.22236529691852377
HBB,VCV001095859,False,Benign,synonymous,window_30,0.14258421423094253,6.92267007199876e-05,0.08270047594638955,0.08276970264710953,0.0017304458597261593,0.22225915908319452
HBB,VCV001095859,False,Benign,synonymous,coverage_keep_0.75,1.112389634931497,0.010826835763954028,0.01946502724813634,0.03029186301209037,0.04221954652012484,0.8738942696013772
HBB,VCV001095859,False,Benign,synonymous,coverage_keep_0.50,1.1365591985986339,0.008933306507496602,0.014794651715137209,0.005861345207640607,0.009040903200789345,1.0281655508737488
HBB,VCV001095859,False,Benign,synonymous,degree_preserving_null,0.9731519681768372,0.0015985304329012586,0.00028969463810906305,0.0018882250710103216,0.0016282157795310735,0.9266469832898007
HBB,VCV001095859,False,Benign,synonymous,weight_shuffled_null,1.0286193893136117,0.011421679432346343,0.07867281368108703,0.06725113424874068,0.061815847830995106,1.024569427637852
HBB,VCV002053821,False,Benign,synonymous,baseline,0.24283150439072942,0.00011443992993182689,0.04214390765876241,0.042258347588694234,0.00047521735256643053,0.4445906323038156
HBB,VCV002053821,False,Benign,synonymous,threshold_keep_0.75,0.07891730379253777,0.00011494462398171229,0.042162691704452186,0.0422776363284339,0.0004752484392738594,0.22213117641173344
HBB,VCV002053821,False,Benign,synonymous,threshold_keep_0.50,0.39700611498470806,0.00012248598598225274,0.040116804034176695,0.04023929002015895,0.00045456215622526324,0.6665320141173159
HBB,VCV002053821,False,Benign,synonymous,window_40,0.17763391804243864,0.00011010097512835493,0.06892350501872603,0.06903360599385439,0.0011559537564581534,0.22236529691852377
HBB,VCV002053821,False,Benign,synonymous,window_30,0.14258421423094253,6.92267007199876e-05,0.08270047594638955,0.08276970264710953,0.0017304458597261593,0.22225915908319452
HBB,VCV002053821,False,Benign,synonymous,coverage_keep_0.75,1.3883134196245455,0.006202351670509365,0.023895744412142858,0.030098096082652223,0.02081396150398878,1.2345373826646742
HBB,VCV002053821,False,Benign,synonymous,coverage_keep_0.50,0.8365056395802065,0.011925284624225171,0.00859604085511667,0.02052132547934184,0.01475542995943068,1.0177295715824966
HBB,VCV002053821,False,Benign,synonymous,degree_preserving_null,1.0102889912770974,0.0009094199370707494,0.004182120603461822,0.003272700666391073,0.0052238057469607925,0.9752729200643304
HBB,VCV002053821,False,Benign,synonymous,weight_shuffled_null,1.031635800582301,0.012237069273320328,0.07344047296994971,0.08567754224327004,0.023134569338103355,0.9910760522017923
HBB,VCV001942494,False,Benign,synonymous,baseline,0.0009702620916090261,0.00011672845218781147,0.04389247762413777,0.04400920607632558,0.0009228584735900485,0.0011551945238174415
HBB,VCV001942494,False,Benign,synonymous,threshold_keep_0.75,0.0009681731698733707,0.00011724660572241807,0.043914017609190725,0.04403126421491314,0.000923174632583277,0.0011487749877335436
HBB,VCV001942494,False,Benign,synonymous,threshold_keep_0.50,0.14234466216959107,0.00016900980907167545,0.04199378017445231,0.042162789983523984,0.0009065059403450993,0.22340620034559727
HBB,VCV001942494,False,Benign,synonymous,window_40,0.4160995914114793,0.00010085748816515694,0.0708594436581653,0.07096030114633045,0.0012789577302648304,0.6666443369364892
HBB,VCV001942494,False,Benign,synonymous,window_30,0.11918734719436702,6.802674040327916e-05,0.08320235244560249,0.08327037918600577,0.0016687666343496211,0.22223609313712758
HBB,VCV001942494,False,Benign,synonymous,coverage_keep_0.75,0.44655154388963875,0.004975803597315431,0.03280761577903003,0.027831812181714603,0.03599975392314551,0.7776321676467389
HBB,VCV001942494,False,Benign,synonymous,coverage_keep_0.50,0.6791406243416507,0.012724999220125483,0.008264719463283951,0.020989718683409434,0.04169999870453294,0.8741411595163868
HBB,VCV001942494,False,Benign,synonymous,degree_preserving_null,1.0173716286963286,0.0031601093257865266,0.003205565628129232,4.545630234270516e-05,0.005726034256925517,1.027794165228704
HBB,VCV001942494,False,Benign,synonymous,weight_shuffled_null,0.9688017020645965,0.07780524715210685,0.12294184860121382,0.04513660144910697,0.056263332572964626,0.929302137803265
HBB,VCV002086531,False,Benign,synonymous,baseline,0.001226348989595121,0.00010172637157252612,0.04243864966400432,0.042540376035576845,0.000817880074498355,0.0020053030038061173
HBB,VCV002086531,False,Benign,synonymous,threshold_keep_0.75,0.07838199586235454,0.00010229875354000884,0.04246508889882403,0.042567387652364036,0.000817925365761224,0.2202759254904156
HBB,VCV002086531,False,Benign,synonymous,threshold_keep_0.50,0.0011919049363846661,0.00015725382235490942,0.04056234328272777,0.04071959710508268,0.0008124171387265985,0.0019646658522651053
HBB,VCV002086531,False,Benign,synonymous,window_40,0.0013139267053075923,6.452568230658207e-05,0.0678695304239844,0.06793405610629098,0.0012856805195689978,0.0008966068336796104
HBB,VCV002086531,False,Benign,synonymous,window_30,0.24357910152759496,7.032174872856345e-05,0.07717686239142388,0.07710654064269531,0.0016153037400793466,0.4443705156258543
HBB,VCV002086531,False,Benign,synonymous,coverage_keep_0.75,0.8489810595383175,0.013857246880911802,0.01559510808221469,0.029452354963126492,0.03934383765822206,1.081127909171205
HBB,VCV002086531,False,Benign,synonymous,coverage_keep_0.50,0.564803326686224,0.009385222892020414,0.0078107186461133515,0.017195941538133766,0.04609899293097001,0.8156357836119255
HBB,VCV002086531,False,Benign,synonymous,degree_preserving_null,1.0739192501725416,0.004909517353719922,0.006658705633997402,0.0017491882802774805,0.0020364443170419935,1.0463839571236377
HBB,VCV002086531,False,Benign,synonymous,weight_shuffled_null,1.0230849617612883,0.11237530800809209,0.15810221407025837,0.045726906062166284,0.06906490820491597,0.9778626563218206
HBB,VCV002743033,False,Benign,synonymous,baseline,0.10136462996326986,0.00011131668631834263,0.04090057588509465,0.041011892571412994,0.0004078525290157658,0.2222398710094161
HBB,VCV002743033,False,Benign,synonymous,threshold_keep_0.75,0.0003725429096808346,0.00011184464923207071,0.040925984014953065,0.041037828664185136,0.00040777328910658026,2.5995191903222586e-05
HBB,VCV002743033,False,Benign,synonymous,threshold_keep_0.50,0.1897132275418805,0.00010446443067115702,0.03924696992060337,0.03935143435127453,0.00038858694752602076,0.44446005708039177
HBB,VCV002743033,False,Benign,synonymous,window_40,0.4161182620965589,9.887649184463221e-05,0.06892284284593264,0.06902171933777727,0.001262152100117298,0.6666471623457687
HBB,VCV002743033,False,Benign,synonymous,window_30,0.1027847215268479,9.701591596744663e-06,0.07888394018481343,0.07889364177641017,0.0016408941313994924,0.22304405263583568
HBB,VCV002743033,False,Benign,synonymous,coverage_keep_0.75,0.7022299273073866,0.021491445619461504,0.008026687389911951,0.029518133009373455,0.02794652925291579,1.0051645816517116
HBB,VCV002743033,False,Benign,synonymous,coverage_keep_0.50,0.6596916777426768,0.0011227001034812192,0.0045470782304854376,0.0034243781270042184,0.011208291158142071,0.8656807124842464
HBB,VCV002743033,False,Benign,synonymous,degree_preserving_null,1.0092343141866016,0.0012440974865430537,0.0023813300637535065,0.0011372325772104528,0.002307782303643233,1.0128554085159078
HBB,VCV002743033,False,Benign,synonymous,weight_shuffled_null,1.2105170973142532,0.020177776453109364,0.036220437557224816,0.016042661104115452,0.0187872609107607,1.0967685550779516
HBB,VCV001551548,False,Benign,synonymous,baseline,0.17973527125956984,0.00011587057031678394,0.043982227979603786,0.04409809854992057,0.0009371676290683707,0.44337759063877025
HBB,VCV001551548,False,Benign,synonymous,threshold_keep_0.75,0.3211225289271975,0.00011644340281359578,0.044009598153807145,0.04412604155662074,0.0009374256673904637,0.6655902825012402
HBB,VCV001551548,False,Benign,synonymous,threshold_keep_0.50,0.17765231979340715,0.00011663763028278706,0.04202952003993471,0.042146157670217496,0.0009352369211270286,0.2232506139761681
HBB,VCV001551548,False,Benign,synonymous,window_40,0.1019575032768818,0.00012215040493096518,0.07036948869159991,0.07049163909653088,0.0013158071953282727,0.2222627673380972
HBB,VCV001551548,False,Benign,synonymous,window_30,0.44341600056384,5.8545304018164934e-05,0.083893475367842,0.08395202067186017,0.0016884264390560513,0.6666780321905714
HBB,VCV001551548,False,Benign,synonymous,coverage_keep_0.75,0.4752249599583007,0.0002920706440632942,0.030263346061210998,0.030555416705274292,0.02221714665721182,0.8328820704285794
HBB,VCV001551548,False,Benign,synonymous,coverage_keep_0.50,0.8711856863493712,0.003990791327131812,0.011433374875313885,0.0074425835481820735,0.005930469412337689,0.9849309104257284
HBB,VCV001551548,False,Benign,synonymous,degree_preserving_null,1.0157627837678298,0.0024254500801459368,0.00038560619526391694,0.002811056275409854,0.004708265244455865,1.0201515541852368
HBB,VCV001551548,False,Benign,synonymous,weight_shuffled_null,1.0054153803064827,0.06700856198106814,0.052660281698845846,0.11966884367991398,0.029885857717564177,0.9933337068128653
HBB,VCV004685642,False,Benign,synonymous,baseline,0.07871261391716472,0.00011685199503345262,0.04384319468297856,0.04396004667801201,0.0005697799487865368,0.22144543476119793
HBB,VCV004685642,False,Benign,synonymous,threshold_keep_0.75,0.2599369189390462,0.00011730363381370207,0.043857719720634,0.0439750233544477,0.0005699461258929875,0.44525140172966604
HBB,VCV004685642,False,Benign,synonymous,threshold_keep_0.50,0.17745988752781997,9.768510476271253e-05,0.04197061044031643,0.04206829554507914,0.0005625354146315581,0.22307240632593864
HBB,VCV004685642,False,Benign,synonymous,window_40,0.11886380595318048,0.00011989421768443531,0.07121267480046026,0.07133256901814469,0.0013057380551807348,0.22259698149001755
HBB,VCV004685642,False,Benign,synonymous,window_30,0.24372790000799593,0.00013546093429439576,0.08520642422113014,0.08534188515542454,0.001640609772237368,0.4443892960791962
HBB,VCV004685642,False,Benign,synonymous,coverage_keep_0.75,1.3923558670772904,0.005085072137583489,0.029316826998420392,0.03440189913600388,0.02972428008182557,1.1254702175644578
HBB,VCV004685642,False,Benign,synonymous,coverage_keep_0.50,1.404148378446025,0.0063244387314248356,0.017495287467295784,0.011170848735870948,0.02264011532201012,1.1088110859926201
HBB,VCV004685642,False,Benign,synonymous,degree_preserving_null,0.9266162586622025,0.009968072519242529,0.0019119712238304678,0.011880043743072997,0.010146715291048262,0.9395450741529855
HBB,VCV004685642,False,Benign,synonymous,weight_shuffled_null,0.9855442392223365,0.016067709389452955,0.026074431698948186,0.01000672230949523,0.021267759698628222,0.9562752400850886
HBB,VCV001111710,False,Benign,synonymous,baseline,0.2596130412154715,0.0001085590199962766,0.04100436863816985,0.041112927658166126,0.0004490421726588766,0.44447367498455037
HBB,VCV001111710,False,Benign,synonymous,threshold_keep_0.75,0.33814500175894374,0.00010905852682124156,0.04102122616162755,0.041130284688448794,0.0004490173114347991,0.6666379181537547
HBB,VCV001111710,False,Benign,synonymous,threshold_keep_0.50,0.31850353326338615,0.00016228259997232153,0.03908719667760292,0.039249479277575244,0.0004301195634673804,0.4444786375651187
HBB,VCV001111710,False,Benign,synonymous,window_40,0.17762081242478733,0.00010059388514040146,0.06580480323406157,0.06590539711920197,0.001144725654701775,0.22238160908141402
HBB,VCV001111710,False,Benign,synonymous,window_30,0.08221495845402242,4.1336551408713285e-05,0.07733183890281459,0.07729050235140587,0.0016893260326606445,0.22622108167445487
HBB,VCV001111710,False,Benign,synonymous,coverage_keep_0.75,0.6208154092043622,0.0038350988154073652,0.027503667861718744,0.03133876667712611,0.02291755448631626,0.8841721570533995
HBB,VCV001111710,False,Benign,synonymous,coverage_keep_0.50,1.4119934911069463,0.015972788275262904,0.003269964419247668,0.019242752694510572,0.011653820632033907,1.2304654501107266
HBB,VCV001111710,False,Benign,synonymous,degree_preserving_null,0.9146502895807435,0.005871207449994146,0.008147567979977325,0.0022763605299831787,0.006764716006544807,0.9173303893730635
HBB,VCV001111710,False,Benign,synonymous,weight_shuffled_null,0.9982514240553585,0.04653654014748865,0.026218384016867158,0.0727549241643558,0.014677501708454258,0.9810260442650333
HBB,VCV002770110,False,Benign,synonymous,baseline,0.23603293913731632,0.0001064126282605618,0.04260767224925274,0.042714084877513304,0.0004255966560978511,0.222236083366156
HBB,VCV002770110,False,Benign,synonymous,threshold_keep_0.75,0.37741851299226864,0.00010692929891294167,0.042633384314546455,0.042740313613459396,0.0004255283922397317,0.44444447853583213
HBB,VCV002770110,False,Benign,synonymous,threshold_keep_0.50,0.00035858884783493926,0.0002082618381060164,0.04075052585494708,0.0409587876930531,0.0004100450754729062,2.355787883064527e-05
HBB,VCV002770110,False,Benign,synonymous,window_40,0.0010464780015485352,6.107969964025406e-05,0.07001937782738005,0.0700804575270203,0.0013126123403099839,0.00032564472025317957
HBB,VCV002770110,False,Benign,synonymous,window_30,0.33207910312382205,1.1830179461436163e-05,0.08063986154912003,0.08065169172858147,0.0016341135544943304,0.6666114543620585
HBB,VCV002770110,False,Benign,synonymous,coverage_keep_0.75,0.7686218204856063,0.007974168705150185,0.034017092246425136,0.02604292354127495,0.019094179454344152,1.1447434652258623
HBB,VCV002770110,False,Benign,synonymous,coverage_keep_0.50,0.7889917810761176,0.004805658101198502,0.020376372261425746,0.015570714160227244,0.022467251750140832,0.986867891486995
HBB,VCV002770110,False,Benign,synonymous,degree_preserving_null,1.247226133048609,0.0006779794804586013,0.0011352526255681338,0.00045727314510953253,0.0013914877586294174,1.1555286218767997
HBB,VCV002770110,False,Benign,synonymous,weight_shuffled_null,1.057084654865018,0.03082744760538325,0.006900456832708901,0.03772790443809215,0.04661743389560651,1.0093372909008869
HBB,VCV001529989,False,Benign,synonymous,baseline,0.07853992111650314,0.00010884087754330085,0.04199189546366684,0.04210073634121014,0.0006953286536315078,0.22084392239488113
HBB,VCV001529989,False,Benign,synonymous,threshold_keep_0.75,0.0009967640479653635,0.00010930900816181338,0.04200695414982454,0.042116263157986354,0.0006956396586902803,0.001476308905292181
HBB,VCV001529989,False,Benign,synonymous,threshold_keep_0.50,0.07847156396235899,0.00015226076339372452,0.04016213031182008,0.040314391075213805,0.000656500346417921,0.22074904199747408
HBB,VCV001529989,False,Benign,synonymous,window_40,0.27876299777217534,0.00011772719241734397,0.06680806082149654,0.06692578801391388,0.0012504504198231749,0.4445240139589733
HBB,VCV001529989,False,Benign,synonymous,window_30,0.24369709225224462,2.104649612752474e-05,0.07866289098149946,0.07868393747762699,0.0016383243933401456,0.44438790173999876
HBB,VCV001529989,False,Benign,synonymous,coverage_keep_0.75,0.6914232478293012,0.00040142440313249705,0.028139665632818,0.027738241229685504,0.023869272748099715,0.995021672605168
HBB,VCV001529989,False,Benign,synonymous,coverage_keep_0.50,1.3000035027437153,0.003419103631380975,0.00944683101849363,0.012865934649874605,0.012326622372891935,1.113052330471146
HBB,VCV001529989,False,Benign,synonymous,degree_preserving_null,0.8803390385838828,0.0001138828990891389,0.0012405788371563028,0.001126695938067164,0.0036392302447914395,0.8719296392019742
HBB,VCV001529989,False,Benign,synonymous,weight_shuffled_null,0.9686294725459748,0.012928640469741182,0.029586745772411494,0.042515386242152675,0.026340934948707435,0.9377360397917742
HBB,VCV003627289,False,Benign,synonymous,baseline,0.08879278306166458,0.00011602584350334233,0.04324260171390709,0.043358627557410434,0.0004365196172693107,0.22233463052642
HBB,VCV003627289,False,Benign,synonymous,threshold_keep_0.75,0.00042261223259908805,0.00011657179243908938,0.04326530477624743,0.04338187656868652,0.0004364717909733412,0.00011547448571944428
HBB,VCV003627289,False,Benign,synonymous,threshold_keep_0.50,0.10139046508698872,0.00011165810710704605,0.04127225578507952,0.04138391389218657,0.00041964249765810935,0.22232090557048304
HBB,VCV003627289,False,Benign,synonymous,window_40,0.5310876809824532,0.0001350529984972676,0.0698940263244614,0.07002907932295867,0.0013103124244937744,0.6666895901674269
HBB,VCV003627289,False,Benign,synonymous,window_30,0.1684121236546748,6.451387645042828e-05,0.082879698563322,0.08294421243977243,0.0017343501975198895,0.44455122797199453
HBB,VCV003627289,False,Benign,synonymous,coverage_keep_0.75,0.23688435130003757,0.00345135029277268,0.029380890888919035,0.025929540596146355,0.015550201494248343,0.45149249047492535
HBB,VCV003627289,False,Benign,synonymous,coverage_keep_0.50,1.5057062231647362,0.004879248195202744,0.018285866635621272,0.013406618440418528,0.009948243582805515,1.2437270815348895
HBB,VCV003627289,False,Benign,synonymous,degree_preserving_null,1.153026277542762,0.0028456697763082025,0.0031224400328289737,0.00027677025652077117,0.0021250798147927964,1.1299160634485426
HBB,VCV003627289,False,Benign,synonymous,weight_shuffled_null,1.0345639263546957,0.014108014491049481,0.01629851565778828,0.030406530148837763,0.02948854297105138,0.9891778733559171
HBB,VCV002808627,False,Benign,synonymous,baseline,0.0784816727251205,0.00010737914302722668,0.043055870944440584,0.04316325008746781,0.0008267075784893527,0.22054109550289702
HBB,VCV002808627,False,Benign,synonymous,threshold_keep_0.75,0.0011400762919449195,0.00010797309880752198,0.04308185984867474,0.043189832947482264,0.0008271195222906236,0.0017435371004320072
HBB,VCV002808627,False,Benign,synonymous,threshold_keep_0.50,0.0010849806333736729,0.00015280044525485537,0.041134033180073394,0.04128683362532825,0.000778418958970529,0.001705678161178972
HBB,VCV002808627,False,Benign,synonymous,window_40,0.2786787690714747,8.131355854981703e-05,0.0692266378092457,0.06930795136779552,0.00128706867816865,0.4445335526871981
HBB,VCV002808627,False,Benign,synonymous,window_30,0.29866689174459493,7.526532594617774e-05,0.07857539323901155,0.07850012791306538,0.001676924520971304,0.6665839120496753
HBB,VCV002808627,False,Benign,synonymous,coverage_keep_0.75,1.3829334855009585,0.002910199009156702,0.031187414570196283,0.02827721556103958,0.012541887040626972,1.1036378274333545
HBB,VCV002808627,False,Benign,synonymous,coverage_keep_0.50,1.4018090761844344,0.012542639084620003,0.007381744363805721,0.019924383448425724,0.009101997952924606,1.203717179717074
HBB,VCV002808627,False,Benign,synonymous,degree_preserving_null,0.9393327316596204,0.001096024785205621,0.0025984456597116226,0.0015024208745060017,0.0021586213555784234,0.8565931756233998
HBB,VCV002808627,False,Benign,synonymous,weight_shuffled_null,0.9818120872975808,0.04420644898425863,0.024491443036184002,0.06869789202044263,0.03722486333597116,1.0126926801014924
HBB,VCV001581167,False,Benign,synonymous,baseline,0.0006134714273298101,9.989869084153086e-05,0.04228404713912103,0.04238394582996256,0.0004936755072406015,0.0005949515123373371
HBB,VCV001581167,False,Benign,synonymous,threshold_keep_0.75,0.14199871894519345,0.0001004522632658475,0.042307274959991294,0.04240772722325714,0.0004938246403434002,0.22280359504121114
HBB,VCV001581167,False,Benign,synonymous,threshold_keep_0.50,0.10156893460579908,8.308783525678293e-05,0.040554106320826684,0.04063719415608347,0.0004646243161426467,0.22277370029290744
HBB,VCV001581167,False,Benign,synonymous,window_40,0.23656808641693816,5.215492557454626e-05,0.06966956138467789,0.06972171631025244,0.0011740241153449615,0.22239947592157783
HBB,VCV001581167,False,Benign,synonymous,window_30,0.08017624280886876,1.022714417361903e-06,0.08033985063031751,0.08034087334473487,0.001673212804549869,0.22272461943240296
HBB,VCV001581167,False,Benign,synonymous,coverage_keep_0.75,0.7805253990998018,0.007057861409733773,0.0258343981566294,0.03289225956636317,0.022493945072534074,0.9838786952156597
HBB,VCV001581167,False,Benign,synonymous,coverage_keep_0.50,0.8452161203503007,0.0054897503183615505,0.011219254684980268,0.005729504366618718,0.023969103565932386,0.894288703106649
HBB,VCV001581167,False,Benign,synonymous,degree_preserving_null,1.039979950578066,0.004107348134726193,0.004967619489072466,0.000860271354346273,0.006173536140696762,1.0226363958257534
HBB,VCV001581167,False,Benign,synonymous,weight_shuffled_null,1.0524671807360804,0.06335091063155007,0.08987425777503932,0.02652334714348925,0.03606051538343015,1.0044607165048158
HBB,VCV002854276,False,Benign,synonymous,baseline,0.0006134714273298101,9.989869084153086e-05,0.04228404713912103,0.04238394582996256,0.0004936755072406015,0.0005949515123373371
HBB,VCV002854276,False,Benign,synonymous,threshold_keep_0.75,0.14199871894519345,0.0001004522632658475,0.042307274959991294,0.04240772722325714,0.0004938246403434002,0.22280359504121114
HBB,VCV002854276,False,Benign,synonymous,threshold_keep_0.50,0.10156893460579908,8.308783525678293e-05,0.040554106320826684,0.04063719415608347,0.0004646243161426467,0.22277370029290744
HBB,VCV002854276,False,Benign,synonymous,window_40,0.23656808641693816,5.215492557454626e-05,0.06966956138467789,0.06972171631025244,0.0011740241153449615,0.22239947592157783
HBB,VCV002854276,False,Benign,synonymous,window_30,0.08017624280886876,1.022714417361903e-06,0.08033985063031751,0.08034087334473487,0.001673212804549869,0.22272461943240296
HBB,VCV002854276,False,Benign,synonymous,coverage_keep_0.75,0.47402317659660537,4.224199666085643e-05,0.03168610508987615,0.03164386309321529,0.02148420309780449,0.7074881920291479
HBB,VCV002854276,False,Benign,synonymous,coverage_keep_0.50,0.6919613632434953,0.009399172543830504,0.015193441911571615,0.005794269367741111,0.012241566247105255,0.8942976808044966
HBB,VCV002854276,False,Benign,synonymous,degree_preserving_null,0.9900731925741953,0.0016028152478580124,0.0020902134722940707,0.00048739822443605817,0.0016962593153537807,0.9484844458650069
HBB,VCV002854276,False,Benign,synonymous,weight_shuffled_null,1.0853956128375164,0.009200755766205604,0.03903342277345767,0.029832667007252067,0.040341285577142165,1.0304884933807403
HBB,VCV003910010,False,Benign,synonymous,baseline,0.00040978296380156685,0.00011658296014083191,0.043083256780690526,0.04319983974083136,0.0004539167699354975,4.6814589081869665e-05
HBB,VCV003910010,False,Benign,synonymous,threshold_keep_0.75,0.07894769566397049,0.0001171608966840515,0.04311028320453786,0.04322744410122191,0.0004538702144184796,0.222227887934676
HBB,VCV003910010,False,Benign,synonymous,threshold_keep_0.50,0.07891538645611443,0.00022993451702756074,0.04108014183903154,0.0413100763560591,0.0004222634623458216,0.22221979773728398
HBB,VCV003910010,False,Benign,synonymous,window_40,0.0019007975057307167,0.0001391113994691634,0.06925547420816718,0.06939458560763634,0.0013101117278194508,0.0020570708653440007
HBB,VCV003910010,False,Benign,synonymous,window_30,0.23115460214610228,8.107249956951224e-06,0.08357750161166824,0.0835856088616252,0.001705050834584412,0.44449890144053644
HBB,VCV003910010,False,Benign,synonymous,coverage_keep_0.75,1.1771663194041408,0.007557381645146244,0.02239858258275948,0.029955964227905724,0.01295161869676032,0.9739235499112936
HBB,VCV003910010,False,Benign,synonymous,coverage_keep_0.50,0.7085799705056496,0.006743953073309094,0.004077971132039273,0.010821924205348367,0.01792713328805945,0.9242026625095604
HBB,VCV003910010,False,Benign,synonymous,degree_preserving_null,1.0312873586552935,0.0009520443127364282,0.0008479108687431503,0.0017999551814795785,0.002373318674547796,1.0128831834924221
HBB,VCV003910010,False,Benign,synonymous,weight_shuffled_null,0.9822743264142304,0.005063933058342185,0.03496711362017746,0.029903180561835274,0.023340158710004444,0.9247886864624841
HBB,VCV003645123,False,Benign,synonymous,baseline,0.07894088221419422,0.00011663176090568467,0.04352952758852583,0.043646159349431515,0.00044659132395373616,0.22221854289763865
HBB,VCV003645123,False,Benign,synonymous,threshold_keep_0.75,0.00040971750834839363,0.00011717402858267556,0.04355081420817457,0.043667988236757244,0.0004465541175134502,5.619605359680819e-05
HBB,VCV003645123,False,Benign,synonymous,threshold_keep_0.50,0.17711627974792302,0.0001399245407689778,0.041441866597127584,0.04158179113789656,0.0004162195189433317,0.22226751299474337
HBB,VCV003645123,False,Benign,synonymous,window_40,0.17943926597515958,0.00012309220177471325,0.07066513678725764,0.07078822898903235,0.0012921329963249068,0.22590441650780468
HBB,VCV003645123,False,Benign,synonymous,window_30,0.16879185730436452,8.559506167002406e-05,0.0837653161819979,0.08385091124366792,0.0017081791872165426,0.4452389375989405
HBB,VCV003645123,False,Benign,synonymous,coverage_keep_0.75,0.4427483177330761,0.00849158212572422,0.025862826564302076,0.034354408690026296,0.017217446527959805,0.6627677054759584
HBB,VCV003645123,False,Benign,synonymous,coverage_keep_0.50,0.8563684833211084,0.003228466244081959,0.016250992203969073,0.019479458448051032,0.016823942313749004,1.0267755972802035
HBB,VCV003645123,False,Benign,synonymous,degree_preserving_null,1.3853897261762134,7.149356677292433e-06,0.0013122010558317913,0.0013050516991544988,0.006365717886052167,1.1196074808827596
HBB,VCV003645123,False,Benign,synonymous,weight_shuffled_null,1.0727649424489054,0.0009054846059671773,0.0466753387890001,0.047580823394967275,0.04732328829755773,1.0418143781404843
