uid,accession,title,chrom,pos_start,pos_end,pos_relative,clinical_significance,gene,review_status
4763913,VCV004763913,NM_014009.4(FOXP3):c.766A>G (p.Met256Val),chrX,49255479,49255479,147861,Pathogenic,FOXP3,"criteria provided, single submitter"
4710759,VCV004710759,NM_014009.4(FOXP3):c.816+5G>A,chrX,49255424,49255424,147806,Pathogenic,FOXP3,"criteria provided, single submitter"
4710758,VCV004710758,NM_014009.4(FOXP3):c.816+7G>C,chrX,49255422,49255422,147804,Pathogenic,FOXP3,"criteria provided, single submitter"
4531325,VCV004531325,NM_014009.4(FOXP3):c.-22-1G>A,chrX,49258528,49258528,150910,Likely pathogenic,FOXP3,"criteria provided, single submitter"
4492097,VCV004492097,NM_014009.4(FOXP3):c.647+109C>G,chrX,49256642,49256642,149024,,FOXP3,
4492091,VCV004492091,NM_014009.4(FOXP3):c.817-2A>C,chrX,49254069,49254069,146451,,FOXP3,
3899577,VCV003899577,NM_014009.4(FOXP3):c.892C>G (p.Pro298Ala),chrX,49253992,49253992,146374,Uncertain significance,FOXP3,"criteria provided, single submitter"
3380923,VCV003380923,NM_014009.4(FOXP3):c.767T>C (p.Met256Thr),chrX,49255478,49255478,147860,Conflicting classifications of pathogenicity,FOXP3,"criteria provided, conflicting classifications"
3375656,VCV003375656,NM_014009.4(FOXP3):c.877C>G (p.Pro293Ala),chrX,49254007,49254007,146389,Uncertain significance,FOXP3,"criteria provided, multiple submitters, no conflicts"
3367588,VCV003367588,NM_014009.4(FOXP3):c.217A>G (p.Thr73Ala),chrX,49257762,49257762,150144,Uncertain significance,FOXP3,"criteria provided, single submitter"
3363135,VCV003363135,NM_014009.4(FOXP3):c.929G>A (p.Arg310Lys),chrX,49253955,49253955,146337,Uncertain significance,FOXP3,"criteria provided, single submitter"
3061161,VCV003061161,NM_014009.4(FOXP3):c.735G>A (p.Gln245=),chrX,49255715,49255715,148097,Likely pathogenic,FOXP3,no assertion criteria provided
2910487,VCV002910487,NM_014009.4(FOXP3):c.1091A>G (p.Tyr364Cys),chrX,49251719,49251719,144101,Conflicting classifications of pathogenicity,FOXP3,"criteria provided, conflicting classifications"
2852873,VCV002852873,NM_014009.4(FOXP3):c.418G>C (p.Val140Leu),chrX,49257463,49257463,149845,Uncertain significance,FOXP3,"criteria provided, multiple submitters, no conflicts"
2675750,VCV002675750,NM_014009.4(FOXP3):c.1110G>A (p.Met370Ile),chrX,49251700,49251700,144082,Pathogenic,FOXP3,"criteria provided, single submitter"
2675749,VCV002675749,NM_014009.4(FOXP3):c.315+1G>A,chrX,49257663,49257663,150045,Likely pathogenic,FOXP3,"criteria provided, single submitter"
2632996,VCV002632996,NM_014009.4(FOXP3):c.1154T>A (p.Ile385Asn),chrX,49251476,49251476,143858,Likely pathogenic,FOXP3,"criteria provided, single submitter"
2584421,VCV002584421,NM_014009.4(FOXP3):c.1271G>A (p.Cys424Tyr),chrX,49251359,49251359,143741,Conflicting classifications of pathogenicity,FOXP3,"criteria provided, conflicting classifications"
2500871,VCV002500871,NM_014009.4(FOXP3):c.542+2T>G,chrX,49256923,49256923,149305,Likely pathogenic,FOXP3,"criteria provided, single submitter"
2440311,VCV002440311,NM_014009.4(FOXP3):c.543-2A>G,chrX,49256857,49256857,149239,Likely pathogenic,FOXP3,"criteria provided, multiple submitters, no conflicts"
1984407,VCV001984407,NM_014009.4(FOXP3):c.9C>G (p.Asn3Lys),chrX,49258497,49258497,150879,Uncertain significance,FOXP3,"criteria provided, multiple submitters, no conflicts"
1634973,VCV001634973,NM_014009.4(FOXP3):c.323C>T (p.Thr108Met),chrX,49257558,49257558,149940,Conflicting classifications of pathogenicity,FOXP3,"criteria provided, conflicting classifications"
1514541,VCV001514541,NM_014009.4(FOXP3):c.315+2T>A,chrX,49257662,49257662,150044,Likely pathogenic,FOXP3,"criteria provided, single submitter"
1505816,VCV001505816,NM_014009.4(FOXP3):c.1087A>G (p.Ile363Val),chrX,49251723,49251723,144105,Pathogenic,FOXP3,"criteria provided, single submitter"
1503298,VCV001503298,NM_014009.4(FOXP3):c.1151C>T (p.Ala384Val),chrX,49251479,49251479,143861,Likely pathogenic,FOXP3,"criteria provided, single submitter"
1492713,VCV001492713,NM_014009.4(FOXP3):c.454+4A>G,chrX,49257423,49257423,149805,Likely pathogenic,FOXP3,"criteria provided, single submitter"
1460125,VCV001460125,NM_014009.4(FOXP3):c.736-2A>T,chrX,49255511,49255511,147893,Pathogenic,FOXP3,"criteria provided, single submitter"
1436074,VCV001436074,NM_014009.4(FOXP3):c.2T>A (p.Met1Lys),chrX,49258504,49258504,150886,Pathogenic,FOXP3,"criteria provided, single submitter"
1390061,VCV001390061,NM_014009.4(FOXP3):c.1147-12G>A,chrX,49251495,49251495,143877,Uncertain significance,FOXP3,"criteria provided, multiple submitters, no conflicts"
1166503,VCV001166503,NM_014009.4(FOXP3):c.959C>A (p.Thr320Lys),chrX,49253925,49253925,146307,Conflicting classifications of pathogenicity,FOXP3,"criteria provided, conflicting classifications"
1098427,VCV001098427,NM_014009.4(FOXP3):c.224C>T (p.Pro75Leu),chrX,49257755,49257755,150137,Pathogenic,FOXP3,no assertion criteria provided
1065438,VCV001065438,NM_014009.4(FOXP3):c.648-2A>G,chrX,49255804,49255804,148186,Likely pathogenic,FOXP3,"criteria provided, single submitter"
987395,VCV000987395,NM_014009.4(FOXP3):c.1156C>T (p.Arg386Cys),chrX,49251474,49251474,143856,Likely pathogenic,FOXP3,"criteria provided, multiple submitters, no conflicts"
952674,VCV000952674,NM_014009.4(FOXP3):c.142C>T (p.Arg48Ter),chrX,49258364,49258364,150746,Pathogenic,FOXP3,"criteria provided, single submitter"
935864,VCV000935864,NM_014009.4(FOXP3):c.1010G>A (p.Arg337Gln),chrX,49253160,49253160,145542,Pathogenic/Likely pathogenic/Likely risk allele,FOXP3,"criteria provided, multiple submitters, no conflicts"
834992,VCV000834992,NM_014009.4(FOXP3):c.210+1G>A,chrX,49258295,49258295,150677,Pathogenic,FOXP3,"criteria provided, single submitter"
810691,VCV000810691,NM_014009.4(FOXP3):c.691C>A (p.Gln231Lys),chrX,49255759,49255759,148141,Pathogenic,FOXP3,no assertion criteria provided
712945,VCV000712945,NM_014009.4(FOXP3):c.155G>T (p.Gly52Val),chrX,49258351,49258351,150733,Benign/Likely benign,FOXP3,"criteria provided, multiple submitters, no conflicts"
691990,VCV000691990,NM_014009.4(FOXP3):c.-23+1G>T,chrX,49264660,49264660,157042,Conflicting classifications of pathogenicity,FOXP3,"criteria provided, conflicting classifications"
666579,VCV000666579,NM_014009.4(FOXP3):c.736-1G>A,chrX,49255510,49255510,147892,Likely pathogenic,FOXP3,"criteria provided, single submitter"
647073,VCV000647073,NM_014009.4(FOXP3):c.1040G>A (p.Arg347His),chrX,49253130,49253130,145512,Pathogenic/Likely risk allele,FOXP3,"criteria provided, multiple submitters, no conflicts"
636863,VCV000636863,NM_014009.4(FOXP3):c.1079T>C (p.Leu360Pro),chrX,49251731,49251731,144113,Likely pathogenic,FOXP3,"criteria provided, single submitter"
581555,VCV000581555,NM_014009.4(FOXP3):c.1247A>T (p.Lys416Ile),chrX,49251383,49251383,143765,Uncertain significance,FOXP3,"criteria provided, multiple submitters, no conflicts"
578790,VCV000578790,NM_014009.4(FOXP3):c.694T>G (p.Cys232Gly),chrX,49255756,49255756,148138,Pathogenic,FOXP3,"criteria provided, single submitter"
575607,VCV000575607,NM_014009.4(FOXP3):c.210+1G>T,chrX,49258295,49258295,150677,Pathogenic,FOXP3,"criteria provided, single submitter"
497913,VCV000497913,NM_014009.4(FOXP3):c.439C>G (p.Pro147Ala),chrX,49257442,49257442,149824,Uncertain significance,FOXP3,"criteria provided, multiple submitters, no conflicts"
435255,VCV000435255,NM_014009.4(FOXP3):c.1222G>A (p.Val408Met),chrX,49251408,49251408,143790,Pathogenic/Likely pathogenic,FOXP3,"criteria provided, multiple submitters, no conflicts"
422011,VCV000422011,NM_014009.4(FOXP3):c.597C>A (p.Cys199Ter),chrX,49256801,49256801,149183,Likely pathogenic,FOXP3,"criteria provided, single submitter"
421339,VCV000421339,NM_014009.4(FOXP3):c.1076C>T (p.Thr359Ile),chrX,49251734,49251734,144116,Likely pathogenic,FOXP3,"criteria provided, single submitter"
379222,VCV000379222,NM_014009.4(FOXP3):c.1190G>A (p.Arg397Gln),chrX,49251440,49251440,143822,Pathogenic/Likely pathogenic,FOXP3,"criteria provided, multiple submitters, no conflicts"
373204,VCV000373204,NM_014009.4(FOXP3):c.1108A>G (p.Met370Val),chrX,49251702,49251702,144084,Likely pathogenic,FOXP3,"criteria provided, single submitter"
372368,VCV000372368,NM_014009.4(FOXP3):c.1009C>T (p.Arg337Ter),chrX,49253161,49253161,145543,Pathogenic,FOXP3,"criteria provided, single submitter"
282065,VCV000282065,NM_014009.4(FOXP3):c.1015C>G (p.Pro339Ala),chrX,49253155,49253155,145537,Pathogenic/Likely pathogenic,FOXP3,"criteria provided, multiple submitters, no conflicts"
280381,VCV000280381,NM_014009.4(FOXP3):c.210+1G>C,chrX,49258295,49258295,150677,Pathogenic,FOXP3,"criteria provided, single submitter"
268095,VCV000268095,NM_014009.4(FOXP3):c.398C>T (p.Pro133Leu),chrX,49257483,49257483,149865,Conflicting classifications of pathogenicity,FOXP3,"criteria provided, conflicting classifications"
211045,VCV000211045,NM_014009.4(FOXP3):c.434C>T (p.Ala145Val),chrX,49257447,49257447,149829,Likely pathogenic,FOXP3,"criteria provided, single submitter"
129111,VCV000129111,NM_014009.4(FOXP3):c.543C>T (p.Ser181=),chrX,49256855,49256855,149237,Conflicting classifications of pathogenicity,FOXP3,"criteria provided, conflicting classifications"
11419,VCV000011419,NM_014009.4(FOXP3):c.1099T>C (p.Phe367Leu),chrX,49251711,49251711,144093,Pathogenic,FOXP3,"criteria provided, single submitter"
11418,VCV000011418,NM_014009.4(FOXP3):c.3G>A (p.Met1Ile),chrX,49258503,49258503,150885,Pathogenic,FOXP3,no assertion criteria provided
11416,VCV000011416,NM_014009.4(FOXP3):c.970T>C (p.Phe324Leu),chrX,49253200,49253200,145582,Conflicting classifications of pathogenicity,FOXP3,"criteria provided, conflicting classifications"
11412,VCV000011412,NM_014009.4(FOXP3):c.967+4A>G,chrX,49253913,49253913,146295,Uncertain significance,FOXP3,"criteria provided, single submitter"
11410,VCV000011410,NM_014009.4(FOXP3):c.1150G>A (p.Ala384Thr),chrX,49251480,49251480,143862,Pathogenic/Likely pathogenic,FOXP3,"criteria provided, multiple submitters, no conflicts"
11409,VCV000011409,NM_014009.4(FOXP3):c.1112T>G (p.Phe371Cys),chrX,49251698,49251698,144080,Pathogenic,FOXP3,no assertion criteria provided
11407,VCV000011407,NM_014009.4(FOXP3):c.1189C>T (p.Arg397Trp),chrX,49251441,49251441,143823,Pathogenic,FOXP3,"criteria provided, multiple submitters, no conflicts"
4806363,VCV004806363,NM_014009.4(FOXP3):c.967+19C>T,chrX,49253898,49253898,146280,Likely benign,FOXP3,"criteria provided, single submitter"
4796740,VCV004796740,NM_014009.4(FOXP3):c.1254C>G (p.Ser418Arg),chrX,49251376,49251376,143758,Likely benign,FOXP3,"criteria provided, single submitter"
4782043,VCV004782043,NM_014009.4(FOXP3):c.967+13C>G,chrX,49253904,49253904,146286,Likely benign,FOXP3,"criteria provided, single submitter"
4770484,VCV004770484,NM_014009.4(FOXP3):c.510C>T (p.Thr170=),chrX,49256957,49256957,149339,Likely benign,FOXP3,"criteria provided, single submitter"
4766985,VCV004766985,NM_014009.4(FOXP3):c.210+10T>C,chrX,49258286,49258286,150668,Likely benign,FOXP3,"criteria provided, single submitter"
4764319,VCV004764319,NM_014009.4(FOXP3):c.487A>C (p.Arg163=),chrX,49256980,49256980,149362,Likely benign,FOXP3,"criteria provided, single submitter"
4746867,VCV004746867,NM_014009.4(FOXP3):c.1045-20C>T,chrX,49251785,49251785,144167,Likely benign,FOXP3,"criteria provided, single submitter"
4737247,VCV004737247,NM_014009.4(FOXP3):c.807T>A (p.Ala269=),chrX,49255438,49255438,147820,Likely benign,FOXP3,"criteria provided, single submitter"
4736278,VCV004736278,NM_014009.4(FOXP3):c.957C>T (p.Ser319=),chrX,49253927,49253927,146309,Likely benign,FOXP3,"criteria provided, single submitter"
4728688,VCV004728688,NM_014009.4(FOXP3):c.819A>G (p.Ala273=),chrX,49254065,49254065,146447,Likely benign,FOXP3,"criteria provided, single submitter"
4725462,VCV004725462,NM_014009.4(FOXP3):c.246C>G (p.Ser82=),chrX,49257733,49257733,150115,Likely benign,FOXP3,"criteria provided, single submitter"
4722861,VCV004722861,NM_014009.4(FOXP3):c.211-5C>T,chrX,49257773,49257773,150155,Likely benign,FOXP3,"criteria provided, single submitter"
4721183,VCV004721183,NM_014009.4(FOXP3):c.1017T>G (p.Pro339=),chrX,49253153,49253153,145535,Likely benign,FOXP3,"criteria provided, single submitter"
4719441,VCV004719441,NM_014009.4(FOXP3):c.1146+16G>T,chrX,49251648,49251648,144030,Likely benign,FOXP3,"criteria provided, single submitter"
4715255,VCV004715255,NM_014009.4(FOXP3):c.261C>T (p.Gly87=),chrX,49257718,49257718,150100,Likely benign,FOXP3,"criteria provided, single submitter"
4704343,VCV004704343,NM_014009.4(FOXP3):c.357G>A (p.Gln119=),chrX,49257524,49257524,149906,Likely benign,FOXP3,"criteria provided, single submitter"
4703413,VCV004703413,NM_014009.4(FOXP3):c.324G>T (p.Thr108=),chrX,49257557,49257557,149939,Likely benign,FOXP3,"criteria provided, single submitter"
4696654,VCV004696654,NM_014009.4(FOXP3):c.633A>G (p.Pro211=),chrX,49256765,49256765,149147,Likely benign,FOXP3,"criteria provided, single submitter"
4695039,VCV004695039,NM_014009.4(FOXP3):c.789A>G (p.Lys263=),chrX,49255456,49255456,147838,Likely benign,FOXP3,"criteria provided, single submitter"
4684527,VCV004684527,NM_014009.4(FOXP3):c.-23+76G>T,chrX,49264585,49264585,156967,Likely benign,FOXP3,"criteria provided, single submitter"
4684526,VCV004684526,NM_014009.4(FOXP3):c.-23+117G>A,chrX,49264544,49264544,156926,Likely benign,FOXP3,"criteria provided, single submitter"
4684525,VCV004684525,NM_014009.4(FOXP3):c.-23+474C>G,chrX,49264187,49264187,156569,Benign,FOXP3,"criteria provided, single submitter"
4684524,VCV004684524,NM_014009.4(FOXP3):c.-23+523G>A,chrX,49264138,49264138,156520,Benign,FOXP3,"criteria provided, single submitter"
4684523,VCV004684523,NM_014009.4(FOXP3):c.-23+575G>A,chrX,49264086,49264086,156468,Benign,FOXP3,"criteria provided, single submitter"
4684522,VCV004684522,NM_014009.4(FOXP3):c.-23+801C>T,chrX,49263860,49263860,156242,Likely benign,FOXP3,"criteria provided, single submitter"
4684520,VCV004684520,NM_014009.4(FOXP3):c.-23+943G>A,chrX,49263718,49263718,156100,Benign,FOXP3,"criteria provided, single submitter"
4542486,VCV004542486,NM_014009.4(FOXP3):c.739G>A (p.Val247Met),chrX,49255506,49255506,147888,Uncertain significance,FOXP3,"criteria provided, single submitter"
3911559,VCV003911559,NM_014009.4(FOXP3):c.143G>A (p.Arg48Gln),chrX,49258363,49258363,150745,Likely benign,FOXP3,"criteria provided, single submitter"
3911558,VCV003911558,NC_000023.11:g.49246636A>T,chrX,49246636,49246636,139018,Benign,CCDC22,"criteria provided, single submitter"
3905399,VCV003905399,NM_014009.4(FOXP3):c.1116C>T (p.Ala372=),chrX,49251694,49251694,144076,Uncertain significance,FOXP3,"criteria provided, single submitter"
3766092,VCV003766092,NM_014009.4(FOXP3):c.1072C>T (p.Arg358Trp),chrX,49251738,49251738,144120,Uncertain significance,FOXP3,"criteria provided, single submitter"
3726935,VCV003726935,NM_014009.4(FOXP3):c.817-12C>T,chrX,49254079,49254079,146461,Likely benign,FOXP3,"criteria provided, single submitter"
3726445,VCV003726445,NM_014009.4(FOXP3):c.1191G>A (p.Arg397=),chrX,49251439,49251439,143821,Likely benign,FOXP3,"criteria provided, single submitter"
3723972,VCV003723972,NM_014009.4(FOXP3):c.1045-15C>T,chrX,49251780,49251780,144162,Likely benign,FOXP3,"criteria provided, single submitter"
3713847,VCV003713847,NM_014009.4(FOXP3):c.810A>G (p.Ser270=),chrX,49255435,49255435,147817,Likely benign,FOXP3,"criteria provided, single submitter"
3713131,VCV003713131,NM_014009.4(FOXP3):c.666T>C (p.His222=),chrX,49255784,49255784,148166,Likely benign,FOXP3,"criteria provided, single submitter"
3711274,VCV003711274,NM_014009.4(FOXP3):c.363C>T (p.His121=),chrX,49257518,49257518,149900,Likely benign,FOXP3,"criteria provided, single submitter"
3694329,VCV003694329,NM_014009.4(FOXP3):c.316-8C>T,chrX,49257573,49257573,149955,Likely benign,FOXP3,"criteria provided, single submitter"
3691424,VCV003691424,NM_014009.4(FOXP3):c.967+9G>A,chrX,49253908,49253908,146290,Likely benign,FOXP3,"criteria provided, single submitter"
3688016,VCV003688016,NM_014009.4(FOXP3):c.316-16C>G,chrX,49257581,49257581,149963,Likely benign,FOXP3,"criteria provided, single submitter"
3685065,VCV003685065,NM_014009.4(FOXP3):c.816+11C>T,chrX,49255418,49255418,147800,Likely benign,FOXP3,"criteria provided, single submitter"
3679280,VCV003679280,NM_014009.4(FOXP3):c.968-7C>T,chrX,49253209,49253209,145591,Likely benign,FOXP3,"criteria provided, single submitter"
3676200,VCV003676200,NM_014009.4(FOXP3):c.198A>G (p.Pro66=),chrX,49258308,49258308,150690,Likely benign,FOXP3,"criteria provided, single submitter"
3674038,VCV003674038,NM_014009.4(FOXP3):c.1062A>G (p.Pro354=),chrX,49251748,49251748,144130,Likely benign,FOXP3,"criteria provided, single submitter"
3661610,VCV003661610,NM_014009.4(FOXP3):c.867C>A (p.Gly289=),chrX,49254017,49254017,146399,Likely benign,FOXP3,"criteria provided, single submitter"
3647868,VCV003647868,NM_014009.4(FOXP3):c.648-5C>T,chrX,49255807,49255807,148189,Likely benign,FOXP3,"criteria provided, single submitter"
3609418,VCV003609418,NM_014009.4(FOXP3):c.454+16G>A,chrX,49257411,49257411,149793,Likely benign,FOXP3,"criteria provided, single submitter"
3598355,VCV003598355,NM_014009.4(FOXP3):c.408C>A (p.Thr136=),chrX,49257473,49257473,149855,Conflicting classifications of pathogenicity,FOXP3,"criteria provided, conflicting classifications"
3598348,VCV003598348,NM_014009.4(FOXP3):c.846C>T (p.Ile282=),chrX,49254038,49254038,146420,Conflicting classifications of pathogenicity,FOXP3,"criteria provided, conflicting classifications"
3392625,VCV003392625,NM_014009.4(FOXP3):c.1098G>T (p.Trp366Cys),chrX,49251712,49251712,144094,Uncertain significance,FOXP3,"criteria provided, single submitter"
3374999,VCV003374999,NM_014009.4(FOXP3):c.967+5G>A,chrX,49253912,49253912,146294,Uncertain significance,FOXP3,"criteria provided, single submitter"
3052581,VCV003052581,NM_014009.4(FOXP3):c.-28A>G,chrX,49264666,49264666,157048,Likely benign,FOXP3,no assertion criteria provided
3012014,VCV003012014,NM_014009.4(FOXP3):c.786G>A (p.Gly262=),chrX,49255459,49255459,147841,Likely benign,FOXP3,"criteria provided, single submitter"
3008832,VCV003008832,NM_014009.4(FOXP3):c.195A>T (p.Pro65=),chrX,49258311,49258311,150693,Likely benign,FOXP3,"criteria provided, single submitter"
3006911,VCV003006911,NM_014009.4(FOXP3):c.84T>C (p.Ala28=),chrX,49258422,49258422,150804,Likely benign,FOXP3,"criteria provided, single submitter"
3002694,VCV003002694,NM_014009.4(FOXP3):c.131C>G (p.Thr44Ser),chrX,49258375,49258375,150757,Conflicting classifications of pathogenicity,FOXP3,"criteria provided, conflicting classifications"
3000996,VCV003000996,NM_014009.4(FOXP3):c.981C>T (p.Asn327=),chrX,49253189,49253189,145571,Likely benign,FOXP3,"criteria provided, single submitter"
2987428,VCV002987428,NM_014009.4(FOXP3):c.318C>T (p.Leu106=),chrX,49257563,49257563,149945,Likely benign,FOXP3,"criteria provided, single submitter"
2980150,VCV002980150,NM_014009.4(FOXP3):c.968-17T>A,chrX,49253219,49253219,145601,Likely benign,FOXP3,"criteria provided, single submitter"
2975412,VCV002975412,NM_014009.4(FOXP3):c.444C>T (p.Gly148=),chrX,49257437,49257437,149819,Likely benign,FOXP3,"criteria provided, single submitter"
2885000,VCV002885000,NM_014009.4(FOXP3):c.817-10C>G,chrX,49254077,49254077,146459,Likely benign,FOXP3,"criteria provided, single submitter"
2867320,VCV002867320,NM_014009.4(FOXP3):c.420C>G (p.Val140=),chrX,49257461,49257461,149843,Likely benign,FOXP3,"criteria provided, single submitter"
2850525,VCV002850525,NM_014009.4(FOXP3):c.606C>T (p.Pro202=),chrX,49256792,49256792,149174,Likely benign,FOXP3,"criteria provided, single submitter"
2840049,VCV002840049,NM_014009.4(FOXP3):c.543-5C>T,chrX,49256860,49256860,149242,Likely benign,FOXP3,"criteria provided, single submitter"
2833808,VCV002833808,NM_014009.4(FOXP3):c.1045-15C>A,chrX,49251780,49251780,144162,Likely benign,FOXP3,"criteria provided, single submitter"
2827014,VCV002827014,NM_014009.4(FOXP3):c.1045-6T>C,chrX,49251771,49251771,144153,Likely benign,FOXP3,"criteria provided, single submitter"
2776984,VCV002776984,NM_014009.4(FOXP3):c.1119C>T (p.Phe373=),chrX,49251691,49251691,144073,Likely benign,FOXP3,"criteria provided, single submitter"
2724536,VCV002724536,NM_014009.4(FOXP3):c.660G>A (p.Ala220=),chrX,49255790,49255790,148172,Likely benign,FOXP3,"criteria provided, single submitter"
2660532,VCV002660532,NM_014009.4(FOXP3):c.699C>T (p.Leu233=),chrX,49255751,49255751,148133,Likely benign,FOXP3,"criteria provided, single submitter"
2660531,VCV002660531,NM_014009.4(FOXP3):c.816+3G>A,chrX,49255426,49255426,147808,Uncertain significance,FOXP3,"criteria provided, single submitter"
2660530,VCV002660530,NM_014009.4(FOXP3):c.1191G>T (p.Arg397=),chrX,49251439,49251439,143821,Likely benign,FOXP3,"criteria provided, multiple submitters, no conflicts"
2660529,VCV002660529,NM_014009.4(FOXP3):c.1257G>A (p.Gln419=),chrX,49251373,49251373,143755,Likely benign,FOXP3,"criteria provided, single submitter"
2415846,VCV002415846,NM_014009.4(FOXP3):c.455-19G>A,chrX,49257031,49257031,149413,Likely benign,FOXP3,"criteria provided, single submitter"
2242786,VCV002242786,NM_014009.4(FOXP3):c.20G>C (p.Gly7Ala),chrX,49258486,49258486,150868,Conflicting classifications of pathogenicity,FOXP3,"criteria provided, conflicting classifications"
2184362,VCV002184362,NM_014009.4(FOXP3):c.372G>A (p.Glu124=),chrX,49257509,49257509,149891,Likely benign,FOXP3,"criteria provided, single submitter"
2180352,VCV002180352,NM_014009.4(FOXP3):c.174T>C (p.Ser58=),chrX,49258332,49258332,150714,Likely benign,FOXP3,"criteria provided, single submitter"
2172172,VCV002172172,NM_014009.4(FOXP3):c.226C>G (p.Leu76Val),chrX,49257753,49257753,150135,Likely benign,FOXP3,"criteria provided, single submitter"
2167678,VCV002167678,NM_014009.4(FOXP3):c.1045-14C>T,chrX,49251779,49251779,144161,Likely benign,FOXP3,"criteria provided, single submitter"
2167133,VCV002167133,NM_014009.4(FOXP3):c.521C>G (p.Pro174Arg),chrX,49256946,49256946,149328,Uncertain significance,FOXP3,"criteria provided, single submitter"
2155572,VCV002155572,NM_014009.4(FOXP3):c.1147-12G>C,chrX,49251495,49251495,143877,Benign,FOXP3,"criteria provided, single submitter"
2146076,VCV002146076,NM_014009.4(FOXP3):c.205C>G (p.Leu69Val),chrX,49258301,49258301,150683,Likely benign,FOXP3,"criteria provided, single submitter"
2101212,VCV002101212,NM_014009.4(FOXP3):c.1285C>T (p.Pro429Ser),chrX,49251345,49251345,143727,Conflicting classifications of pathogenicity,FOXP3,"criteria provided, conflicting classifications"
2082572,VCV002082572,NM_014009.4(FOXP3):c.542+8G>A,chrX,49256917,49256917,149299,Likely benign,FOXP3,"criteria provided, single submitter"
2074049,VCV002074049,NM_014009.4(FOXP3):c.1227T>C (p.Asp409=),chrX,49251403,49251403,143785,Likely benign,FOXP3,"criteria provided, single submitter"
2072717,VCV002072717,NM_014009.4(FOXP3):c.817-11C>T,chrX,49254078,49254078,146460,Likely benign,FOXP3,"criteria provided, single submitter"
2069931,VCV002069931,NM_014009.4(FOXP3):c.162C>T (p.Ala54=),chrX,49258344,49258344,150726,Likely benign,FOXP3,"criteria provided, single submitter"
2063372,VCV002063372,NM_014009.4(FOXP3):c.1146+8C>T,chrX,49251656,49251656,144038,Likely benign,FOXP3,"criteria provided, single submitter"
2058379,VCV002058379,NM_014009.4(FOXP3):c.1026C>T (p.Tyr342=),chrX,49253144,49253144,145526,Likely benign,FOXP3,"criteria provided, single submitter"
2005744,VCV002005744,NM_014009.4(FOXP3):c.762T>C (p.Ser254=),chrX,49255483,49255483,147865,Likely benign,FOXP3,"criteria provided, single submitter"
2001388,VCV002001388,NM_014009.4(FOXP3):c.1146+16G>C,chrX,49251648,49251648,144030,Likely benign,FOXP3,"criteria provided, single submitter"
1997213,VCV001997213,NM_014009.4(FOXP3):c.1044+16C>T,chrX,49253110,49253110,145492,Likely benign,FOXP3,"criteria provided, single submitter"
1947433,VCV001947433,NM_014009.4(FOXP3):c.1277A>G (p.Asn426Ser),chrX,49251353,49251353,143735,Likely benign,FOXP3,"criteria provided, single submitter"
1930662,VCV001930662,NM_014009.4(FOXP3):c.735+13C>T,chrX,49255702,49255702,148084,Likely benign,FOXP3,"criteria provided, single submitter"
1923344,VCV001923344,NM_014009.4(FOXP3):c.968-12A>G,chrX,49253214,49253214,145596,Likely benign,FOXP3,"criteria provided, single submitter"
1912040,VCV001912040,NM_014009.4(FOXP3):c.826G>A (p.Asp276Asn),chrX,49254058,49254058,146440,Benign,FOXP3,"criteria provided, single submitter"
1910244,VCV001910244,NM_014009.4(FOXP3):c.315+9G>A,chrX,49257655,49257655,150037,Likely benign,FOXP3,"criteria provided, single submitter"
1908699,VCV001908699,NM_014009.4(FOXP3):c.543-16C>T,chrX,49256871,49256871,149253,Likely benign,FOXP3,"criteria provided, single submitter"
1907030,VCV001907030,NM_014009.4(FOXP3):c.954C>T (p.Asn318=),chrX,49253930,49253930,146312,Likely benign,FOXP3,"criteria provided, single submitter"
1898460,VCV001898460,NM_014009.4(FOXP3):c.735+17G>A,chrX,49255698,49255698,148080,Likely benign,FOXP3,"criteria provided, single submitter"
1677891,VCV001677891,NM_014009.4(FOXP3):c.970T>G (p.Phe324Val),chrX,49253200,49253200,145582,Uncertain significance,FOXP3,"criteria provided, multiple submitters, no conflicts"
1677420,VCV001677420,NC_000023.11:g.49264711G>A,chrX,49264711,49264711,157093,Uncertain significance,FOXP3,"criteria provided, single submitter"
1667859,VCV001667859,NM_014009.4(FOXP3):c.1045-13C>T,chrX,49251778,49251778,144160,Likely benign,FOXP3,"criteria provided, single submitter"
1663723,VCV001663723,NM_014009.4(FOXP3):c.211-17C>A,chrX,49257785,49257785,150167,Likely benign,FOXP3,"criteria provided, single submitter"
1652903,VCV001652903,NM_014009.4(FOXP3):c.455-14G>A,chrX,49257026,49257026,149408,Likely benign,FOXP3,"criteria provided, single submitter"
1646829,VCV001646829,NM_014009.4(FOXP3):c.1147-13C>T,chrX,49251496,49251496,143878,Benign,FOXP3,"criteria provided, single submitter"
1641406,VCV001641406,NM_014009.4(FOXP3):c.817-9C>T,chrX,49254076,49254076,146458,Likely benign,FOXP3,"criteria provided, single submitter"
1636047,VCV001636047,NM_014009.4(FOXP3):c.647+16C>T,chrX,49256735,49256735,149117,Likely benign,FOXP3,"criteria provided, single submitter"
1635806,VCV001635806,NM_014009.4(FOXP3):c.873C>T (p.Val291=),chrX,49254011,49254011,146393,Benign,FOXP3,"criteria provided, single submitter"
1635295,VCV001635295,NM_014009.4(FOXP3):c.702C>T (p.Leu234=),chrX,49255748,49255748,148130,Likely benign,FOXP3,"criteria provided, single submitter"
1633256,VCV001633256,NM_014009.4(FOXP3):c.736-14G>A,chrX,49255523,49255523,147905,Benign/Likely benign,FOXP3,"criteria provided, multiple submitters, no conflicts"
1624858,VCV001624858,NM_014009.4(FOXP3):c.648-15C>T,chrX,49255817,49255817,148199,Likely benign,FOXP3,"criteria provided, single submitter"
1622312,VCV001622312,NM_014009.4(FOXP3):c.631C>G (p.Pro211Ala),chrX,49256767,49256767,149149,Likely benign,FOXP3,"criteria provided, single submitter"
1621292,VCV001621292,NM_014009.4(FOXP3):c.711G>A (p.Glu237=),chrX,49255739,49255739,148121,Likely benign,FOXP3,"criteria provided, multiple submitters, no conflicts"
1615253,VCV001615253,NM_014009.4(FOXP3):c.200C>T (p.Ser67Leu),chrX,49258306,49258306,150688,Conflicting classifications of pathogenicity,FOXP3,"criteria provided, conflicting classifications"
1608105,VCV001608105,NM_014009.4(FOXP3):c.211-20C>A,chrX,49257788,49257788,150170,Likely benign,FOXP3,"criteria provided, single submitter"
1600808,VCV001600808,NM_014009.4(FOXP3):c.735+14G>A,chrX,49255701,49255701,148083,Benign,FOXP3,"criteria provided, single submitter"
1599233,VCV001599233,NM_014009.4(FOXP3):c.659C>T (p.Ala220Val),chrX,49255791,49255791,148173,Benign,FOXP3,"criteria provided, multiple submitters, no conflicts"
1596483,VCV001596483,NM_014009.4(FOXP3):c.1045-11C>T,chrX,49251776,49251776,144158,Likely benign,FOXP3,"criteria provided, single submitter"
1591575,VCV001591575,NM_014009.4(FOXP3):c.1045-11C>G,chrX,49251776,49251776,144158,Benign/Likely benign,FOXP3,"criteria provided, multiple submitters, no conflicts"
1566690,VCV001566690,NM_014009.4(FOXP3):c.543-4C>T,chrX,49256859,49256859,149241,Likely benign,FOXP3,"criteria provided, single submitter"
1565678,VCV001565678,NM_014009.4(FOXP3):c.408C>T (p.Thr136=),chrX,49257473,49257473,149855,Likely benign,FOXP3,"criteria provided, single submitter"
1560271,VCV001560271,NM_014009.4(FOXP3):c.1146+17T>C,chrX,49251647,49251647,144029,Likely benign,FOXP3,"criteria provided, single submitter"
1556777,VCV001556777,NM_014009.4(FOXP3):c.1045-17C>T,chrX,49251782,49251782,144164,Likely benign,FOXP3,"criteria provided, single submitter"
1547916,VCV001547916,NM_014009.4(FOXP3):c.1221C>T (p.Thr407=),chrX,49251409,49251409,143791,Benign/Likely benign,FOXP3,"criteria provided, multiple submitters, no conflicts"
1547401,VCV001547401,NM_014009.4(FOXP3):c.352C>G (p.Leu118Val),chrX,49257529,49257529,149911,Conflicting classifications of pathogenicity,FOXP3,"criteria provided, conflicting classifications"
1540937,VCV001540937,NM_014009.4(FOXP3):c.288C>A (p.Leu96=),chrX,49257691,49257691,150073,Likely benign,FOXP3,"criteria provided, single submitter"
1535188,VCV001535188,NM_014009.4(FOXP3):c.1044+17G>A,chrX,49253109,49253109,145491,Benign,FOXP3,"criteria provided, single submitter"
1530088,VCV001530088,NM_014009.4(FOXP3):c.647+19T>G,chrX,49256732,49256732,149114,Likely benign,FOXP3,"criteria provided, multiple submitters, no conflicts"
1513144,VCV001513144,NM_014009.4(FOXP3):c.331G>A (p.Ala111Thr),chrX,49257550,49257550,149932,Conflicting classifications of pathogenicity,FOXP3,"criteria provided, conflicting classifications"
1444707,VCV001444707,NM_014009.4(FOXP3):c.634G>C (p.Glu212Gln),chrX,49256764,49256764,149146,Likely benign,FOXP3,"criteria provided, single submitter"
1424967,VCV001424967,NM_014009.4(FOXP3):c.680A>C (p.Lys227Thr),chrX,49255770,49255770,148152,Uncertain significance,FOXP3,"criteria provided, single submitter"
1394624,VCV001394624,NM_014009.4(FOXP3):c.316-13A>G,chrX,49257578,49257578,149960,Likely benign,FOXP3,"criteria provided, single submitter"
1337683,VCV001337683,NM_014009.4(FOXP3):c.*867G>C,chrX,49250467,49250467,142849,Uncertain significance,CCDC22,"criteria provided, single submitter"
1337568,VCV001337568,NM_014009.3(FOXP3):c.-201C>T,chrX,49264839,49264839,157221,Uncertain significance,FOXP3,"criteria provided, single submitter"
1331496,VCV001331496,NM_014009.4(FOXP3):c.152G>A (p.Arg51Gln),chrX,49258354,49258354,150736,Uncertain significance,FOXP3,"criteria provided, multiple submitters, no conflicts"
1284954,VCV001284954,NM_014009.4(FOXP3):c.70C>T (p.Pro24Ser),chrX,49258436,49258436,150818,Uncertain significance,FOXP3,"criteria provided, single submitter"
1283592,VCV001283592,NM_014009.4(FOXP3):c.-23+2877=,chrX,49261784,49261784,154166,Benign,FOXP3,"criteria provided, single submitter"
1268188,VCV001268188,NM_014009.4(FOXP3):c.211-74G>A,chrX,49257842,49257842,150224,Benign,FOXP3,"criteria provided, multiple submitters, no conflicts"
1245523,VCV001245523,NM_014009.4(FOXP3):c.211-231A>G,chrX,49257999,49257999,150381,Benign,FOXP3,"criteria provided, multiple submitters, no conflicts"
1226527,VCV001226527,NM_014009.4(FOXP3):c.817-221G>A,chrX,49254288,49254288,146670,Benign,FOXP3,"criteria provided, single submitter"
1181122,VCV001181122,NM_014009.4(FOXP3):c.455-205C>A,chrX,49257217,49257217,149599,Benign,FOXP3,"criteria provided, single submitter"
1170901,VCV001170901,NM_014009.4(FOXP3):c.1278C>A (p.Asn426Lys),chrX,49251352,49251352,143734,Benign/Likely benign,FOXP3,"criteria provided, multiple submitters, no conflicts"
1170295,VCV001170295,NM_014009.4(FOXP3):c.59C>T (p.Pro20Leu),chrX,49258447,49258447,150829,Benign,FOXP3,"criteria provided, single submitter"
1170241,VCV001170241,NM_014009.4(FOXP3):c.648-20G>A,chrX,49255822,49255822,148204,Benign,FOXP3,"criteria provided, multiple submitters, no conflicts"
1168787,VCV001168787,NM_014009.4(FOXP3):c.210+16C>T,chrX,49258280,49258280,150662,Benign,FOXP3,"criteria provided, single submitter"
1168625,VCV001168625,NM_014009.4(FOXP3):c.648-13T>A,chrX,49255815,49255815,148197,Benign,FOXP3,"criteria provided, single submitter"
1168551,VCV001168551,NM_014009.4(FOXP3):c.874G>A (p.Val292Ile),chrX,49254010,49254010,146392,Conflicting classifications of pathogenicity,FOXP3,"criteria provided, conflicting classifications"
1167380,VCV001167380,NM_014009.4(FOXP3):c.336C>T (p.His112=),chrX,49257545,49257545,149927,Benign/Likely benign,FOXP3,"criteria provided, multiple submitters, no conflicts"
1167044,VCV001167044,NM_014009.4(FOXP3):c.116G>A (p.Arg39Gln),chrX,49258390,49258390,150772,Benign,FOXP3,"criteria provided, single submitter"
1167041,VCV001167041,NM_014009.4(FOXP3):c.625G>A (p.Glu209Lys),chrX,49256773,49256773,149155,Benign,FOXP3,"criteria provided, single submitter"
1166204,VCV001166204,NM_014009.4(FOXP3):c.249G>C (p.Gly83=),chrX,49257730,49257730,150112,Benign,FOXP3,"criteria provided, single submitter"
1162032,VCV001162032,NM_014009.4(FOXP3):c.201G>A (p.Ser67=),chrX,49258305,49258305,150687,Likely benign,FOXP3,"criteria provided, multiple submitters, no conflicts"
1157985,VCV001157985,NM_014009.4(FOXP3):c.316-4C>T,chrX,49257569,49257569,149951,Likely benign,FOXP3,"criteria provided, single submitter"
1151373,VCV001151373,NM_014009.4(FOXP3):c.1240C>T (p.Arg414Cys),chrX,49251390,49251390,143772,Likely benign,FOXP3,"criteria provided, single submitter"
1149520,VCV001149520,NM_014009.4(FOXP3):c.124G>A (p.Gly42Arg),chrX,49258382,49258382,150764,Conflicting classifications of pathogenicity,FOXP3,"criteria provided, conflicting classifications"
1147012,VCV001147012,NM_014009.4(FOXP3):c.1200C>T (p.Ser400=),chrX,49251430,49251430,143812,Likely benign,FOXP3,"criteria provided, single submitter"
1143344,VCV001143344,NM_014009.4(FOXP3):c.69G>A (p.Ser23=),chrX,49258437,49258437,150819,Likely benign,FOXP3,"criteria provided, single submitter"
1138861,VCV001138861,NM_014009.4(FOXP3):c.670C>G (p.Leu224Val),chrX,49255780,49255780,148162,Likely benign,FOXP3,"criteria provided, single submitter"
1134751,VCV001134751,NM_014009.4(FOXP3):c.246C>T (p.Ser82=),chrX,49257733,49257733,150115,Likely benign,FOXP3,"criteria provided, single submitter"
1117487,VCV001117487,NM_014009.4(FOXP3):c.1295G>A (p.Ter432=),chrX,49251335,49251335,143717,Likely benign,FOXP3,"criteria provided, multiple submitters, no conflicts"
1114564,VCV001114564,NM_014009.4(FOXP3):c.1080C>G (p.Leu360=),chrX,49251730,49251730,144112,Likely benign,FOXP3,"criteria provided, single submitter"
1113434,VCV001113434,NM_014009.4(FOXP3):c.315+8C>T,chrX,49257656,49257656,150038,Likely benign,FOXP3,"criteria provided, single submitter"
1111000,VCV001111000,NM_014009.4(FOXP3):c.611G>A (p.Cys204Tyr),chrX,49256787,49256787,149169,Likely benign,FOXP3,"criteria provided, single submitter"
1105855,VCV001105855,NM_014009.4(FOXP3):c.552G>A (p.Ser184=),chrX,49256846,49256846,149228,Likely benign,FOXP3,"criteria provided, single submitter"
1105486,VCV001105486,NM_014009.4(FOXP3):c.492G>A (p.Glu164=),chrX,49256975,49256975,149357,Likely benign,FOXP3,"criteria provided, multiple submitters, no conflicts"
1100250,VCV001100250,NM_014009.4(FOXP3):c.912C>T (p.Ser304=),chrX,49253972,49253972,146354,Likely benign,FOXP3,"criteria provided, single submitter"
1099138,VCV001099138,NM_014009.4(FOXP3):c.825C>T (p.Ser275=),chrX,49254059,49254059,146441,Likely benign,FOXP3,"criteria provided, single submitter"
1086568,VCV001086568,NM_014009.4(FOXP3):c.1032G>A (p.Thr344=),chrX,49253138,49253138,145520,Likely benign,FOXP3,"criteria provided, single submitter"
1085099,VCV001085099,NM_014009.4(FOXP3):c.525T>C (p.Ser175=),chrX,49256942,49256942,149324,Likely benign,FOXP3,"criteria provided, single submitter"
1079951,VCV001079951,NM_014009.4(FOXP3):c.105G>A (p.Leu35=),chrX,49258401,49258401,150783,Likely benign,FOXP3,"criteria provided, single submitter"
1050823,VCV001050823,NM_014009.4(FOXP3):c.1163A>G (p.Asn388Ser),chrX,49251467,49251467,143849,Uncertain significance,FOXP3,"criteria provided, single submitter"
1017006,VCV001017006,NM_014009.4(FOXP3):c.253C>T (p.Arg85Trp),chrX,49257726,49257726,150108,Uncertain significance,FOXP3,"criteria provided, multiple submitters, no conflicts"
1011715,VCV001011715,NM_014009.4(FOXP3):c.824C>T (p.Ser275Phe),chrX,49254060,49254060,146442,Uncertain significance,FOXP3,"criteria provided, multiple submitters, no conflicts"
985239,VCV000985239,NM_014009.4(FOXP3):c.119G>A (p.Gly40Asp),chrX,49258387,49258387,150769,Conflicting classifications of pathogenicity,FOXP3,"criteria provided, conflicting classifications"
958610,VCV000958610,NM_014009.4(FOXP3):c.130A>G (p.Thr44Ala),chrX,49258376,49258376,150758,Uncertain significance,FOXP3,"criteria provided, multiple submitters, no conflicts"
957088,VCV000957088,NM_014009.4(FOXP3):c.896G>A (p.Arg299Gln),chrX,49253988,49253988,146370,Likely benign,FOXP3,"criteria provided, single submitter"
956297,VCV000956297,NM_014009.4(FOXP3):c.805G>A (p.Ala269Thr),chrX,49255440,49255440,147822,Likely benign,FOXP3,"criteria provided, single submitter"
952958,VCV000952958,NM_014009.4(FOXP3):c.597C>T (p.Cys199=),chrX,49256801,49256801,149183,Likely benign,FOXP3,"criteria provided, single submitter"
952673,VCV000952673,NM_014009.4(FOXP3):c.816+6C>T,chrX,49255423,49255423,147805,Uncertain significance,FOXP3,"criteria provided, multiple submitters, no conflicts"
950829,VCV000950829,NM_014009.4(FOXP3):c.890G>C (p.Gly297Ala),chrX,49253994,49253994,146376,Uncertain significance,FOXP3,"criteria provided, single submitter"
854732,VCV000854732,NM_014009.4(FOXP3):c.1073G>A (p.Arg358Gln),chrX,49251737,49251737,144119,Uncertain significance,FOXP3,"criteria provided, multiple submitters, no conflicts"
850696,VCV000850696,NM_014009.4(FOXP3):c.926G>A (p.Arg309Gln),chrX,49253958,49253958,146340,Conflicting classifications of pathogenicity,FOXP3,"criteria provided, conflicting classifications"
846441,VCV000846441,NM_014009.4(FOXP3):c.506G>A (p.Cys169Tyr),chrX,49256961,49256961,149343,Uncertain significance,FOXP3,"criteria provided, multiple submitters, no conflicts"
833808,VCV000833808,NM_014009.4(FOXP3):c.1248A>T (p.Lys416Asn),chrX,49251382,49251382,143764,Likely benign,FOXP3,"criteria provided, single submitter"
810598,VCV000810598,NM_014009.4(FOXP3):c.817-5C>T,chrX,49254072,49254072,146454,Conflicting classifications of pathogenicity,FOXP3,"criteria provided, conflicting classifications"
797306,VCV000797306,NM_014009.4(FOXP3):c.495G>A (p.Pro165=),chrX,49256972,49256972,149354,Benign/Likely benign,FOXP3,"criteria provided, multiple submitters, no conflicts"
795567,VCV000795567,NM_014009.4(FOXP3):c.1116C>A (p.Ala372=),chrX,49251694,49251694,144076,Likely benign,FOXP3,"criteria provided, single submitter"
792701,VCV000792701,NM_014009.4(FOXP3):c.129A>G (p.Gly43=),chrX,49258377,49258377,150759,Likely benign,FOXP3,"criteria provided, single submitter"
785781,VCV000785781,NM_014009.4(FOXP3):c.1051C>T (p.Leu351=),chrX,49251759,49251759,144141,Benign/Likely benign,FOXP3,"criteria provided, multiple submitters, no conflicts"
775782,VCV000775782,NM_014009.4(FOXP3):c.624C>T (p.Phe208=),chrX,49256774,49256774,149156,Benign,FOXP3,"criteria provided, single submitter"
763524,VCV000763524,NM_014009.4(FOXP3):c.1241G>A (p.Arg414His),chrX,49251389,49251389,143771,Benign/Likely benign,FOXP3,"criteria provided, multiple submitters, no conflicts"
759816,VCV000759816,NM_014009.4(FOXP3):c.552G>T (p.Ser184=),chrX,49256846,49256846,149228,Conflicting classifications of pathogenicity,FOXP3,"criteria provided, conflicting classifications"
756849,VCV000756849,NM_014009.4(FOXP3):c.895C>T (p.Arg299Trp),chrX,49253989,49253989,146371,Conflicting classifications of pathogenicity,FOXP3,"criteria provided, conflicting classifications"
745341,VCV000745341,NM_014009.4(FOXP3):c.1149C>T (p.Asn383=),chrX,49251481,49251481,143863,Benign,FOXP3,"criteria provided, single submitter"
733194,VCV000733194,NM_014009.4(FOXP3):c.361C>T (p.His121Tyr),chrX,49257520,49257520,149902,Conflicting classifications of pathogenicity,FOXP3,"criteria provided, conflicting classifications"
636928,VCV000636928,NM_014009.4(FOXP3):c.1200C>A (p.Ser400Arg),chrX,49251430,49251430,143812,Uncertain significance,FOXP3,"criteria provided, single submitter"
626108,VCV000626108,NM_014009.4(FOXP3):c.551C>T (p.Ser184Leu),chrX,49256847,49256847,149229,Conflicting classifications of pathogenicity,FOXP3,"criteria provided, conflicting classifications"
598083,VCV000598083,NM_014009.4(FOXP3):c.455-6C>T,chrX,49257018,49257018,149400,Conflicting classifications of pathogenicity,FOXP3,"criteria provided, conflicting classifications"
549556,VCV000549556,NM_014009.4(FOXP3):c.176C>G (p.Ser59Cys),chrX,49258330,49258330,150712,Benign/Likely benign,FOXP3,"criteria provided, multiple submitters, no conflicts"
529770,VCV000529770,NM_014009.4(FOXP3):c.30G>A (p.Ser10=),chrX,49258476,49258476,150858,Likely benign,FOXP3,"criteria provided, single submitter"
529769,VCV000529769,NM_014009.4(FOXP3):c.486C>T (p.Ser162=),chrX,49256981,49256981,149363,Likely benign,FOXP3,"criteria provided, single submitter"
529765,VCV000529765,NM_014009.4(FOXP3):c.112G>T (p.Ala38Ser),chrX,49258394,49258394,150776,Benign,FOXP3,"criteria provided, single submitter"
502707,VCV000502707,NM_014009.4(FOXP3):c.430A>G (p.Lys144Glu),chrX,49257451,49257451,149833,Uncertain significance,FOXP3,"criteria provided, multiple submitters, no conflicts"
498046,VCV000498046,NM_014009.4(FOXP3):c.1135G>A (p.Ala379Thr),chrX,49251675,49251675,144057,Uncertain significance,FOXP3,"criteria provided, single submitter"
460309,VCV000460309,NM_014009.4(FOXP3):c.984G>A (p.Met328Ile),chrX,49253186,49253186,145568,Conflicting classifications of pathogenicity,FOXP3,"criteria provided, conflicting classifications"
435256,VCV000435256,NM_014009.4(FOXP3):c.340C>T (p.Arg114Trp),chrX,49257541,49257541,149923,Conflicting classifications of pathogenicity,FOXP3,"criteria provided, conflicting classifications"
435254,VCV000435254,NM_014009.3(FOXP3):c.-353G>C,chrX,49264991,49264991,157373,Uncertain significance,FOXP3,"criteria provided, single submitter"
435253,VCV000435253,NM_014009.3(FOXP3):c.-78C>T,chrX,49264716,49264716,157098,Benign,FOXP3,"criteria provided, single submitter"
435252,VCV000435252,NM_014009.4(FOXP3):c.324G>A (p.Thr108=),chrX,49257557,49257557,149939,Benign/Likely benign,FOXP3,"criteria provided, multiple submitters, no conflicts"
393445,VCV000393445,NM_014009.4(FOXP3):c.409G>A (p.Ala137Thr),chrX,49257472,49257472,149854,Uncertain significance,FOXP3,"criteria provided, multiple submitters, no conflicts"
260313,VCV000260313,NM_014009.4(FOXP3):c.*673G>A,chrX,49250661,49250661,143043,Likely benign,FOXP3,"criteria provided, multiple submitters, no conflicts"
129110,VCV000129110,NM_014009.4(FOXP3):c.157G>A (p.Gly53Arg),chrX,49258349,49258349,150731,Uncertain significance,FOXP3,"criteria provided, multiple submitters, no conflicts"
