Chromosome	Position	Ref	Alt	Tags	DNA	RNA	Value	P-Value
5	1295247	G	T	98	6371	7037	-0.14	0.0864141072641236
5	1295247	G	-	20	118	126	0.25	0.179695459048453
5	1295247	G	C	35	1941	2007	-0.08	0.587262132888524
5	1295247	G	A	574	46710	52528	-0.03	0.459065565040328
5	1295246	G	T	68	2087	2884	0.09	0.395179159527828
5	1295246	G	C	23	947	962	-0.26	0.134386788170415
5	1295246	G	A	437	35378	37570	-0.05	0.18298712946366
5	1295245	T	G	57	2627	2868	0.10	0.351229326211077
5	1295245	T	C	39	1606	1554	-0.25	0.0586730816895674
5	1295245	T	A	166	10143	11561	-0.02	0.698487594555589
5	1295244	C	T	161	16041	17664	0.04	0.504908745172093
5	1295244	C	G	40	8797	7664	0.01	0.964338916999871
5	1295244	C	-	220	9271	10645	0.04	0.489062518388794
5	1295244	C	A	216	12703	15881	-0.03	0.637409851124333
5	1295243	C	T	161	9589	10963	-0.10	0.10881594830599
5	1295243	C	G	44	1008	932	-0.25	0.0421850051954922
5	1295243	C	-	11	52	71	0.26	0.328376162659535
5	1295243	C	A	114	7514	6850	-0.12	0.113859840122781
5	1295242	T	G	49	3862	3704	-0.00	0.992941122687561
5	1295242	T	-	11	271	274	-0.59	0.0390161077603794
5	1295242	T	C	84	3158	3753	-0.04	0.63502196178447
5	1295242	T	A	90	8218	10880	0.17	0.0484542936948025
5	1295241	G	T	35	1227	1180	-0.18	0.202602787284487
5	1295241	G	-	349	11192	11474	-0.01	0.79007449091463
5	1295241	G	C	32	2480	2825	0.12	0.394357125009518
5	1295241	G	A	440	35797	41132	-0.02	0.559598651352888
5	1295240	G	T	63	9127	9991	0.12	0.259076637845683
5	1295240	G	-	4	37	46	-0.09	0.820808854331417
5	1295240	G	C	12	788	841	0.17	0.466008393827149
5	1295240	G	A	387	26780	28809	0.04	0.326848613221911
5	1295239	C	T	258	16404	18480	-0.00	0.972357866209451
5	1295239	C	G	57	1207	1191	-0.04	0.711115925762224
5	1295239	C	A	75	5390	5330	-0.04	0.696609567803543
5	1295238	G	T	31	1267	1291	0.17	0.240538500955109
5	1295238	G	-	3	2056	1946	0.33	0.480740227296973
5	1295238	G	C	18	978	1068	-0.18	0.377699666361732
5	1295238	G	A	498	23685	23500	0.00	0.980760007616781
5	1295237	C	T	379	27039	29790	-0.01	0.750525558506934
5	1295237	C	G	128	5710	5910	-0.14	0.0637006955966479
5	1295237	C	A	86	15843	17417	0.20	0.0248702057007456
5	1295236	G	T	84	8044	9126	0.13	0.132983958700393
5	1295236	G	C	21	626	692	0.09	0.596275536553022
5	1295236	G	A	260	20970	23318	0.05	0.319263908711713
5	1295235	A	T	83	2705	2719	-0.07	0.40626698787465
5	1295235	A	G	89	9946	10216	-0.08	0.33218235134989
5	1295235	A	-	522	19008	20109	-0.04	0.308586243134531
5	1295235	A	C	9	317	225	-0.37	0.178049768751401
5	1295234	A	T	45	1606	1430	-0.28	0.0203850433781303
5	1295234	A	G	129	4855	4269	-0.01	0.904041195402083
5	1295234	A	C	11	141	137	-0.13	0.610485246115274
5	1295233	G	T	31	832	943	-0.06	0.692730021522504
5	1295233	G	-	666	24684	26568	-0.05	0.121730458424424
5	1295233	G	C	3	64	69	-0.03	0.94391557972487
5	1295233	G	A	152	13524	13312	-0.01	0.887706969774353
5	1295232	G	T	89	2640	2819	0.04	0.667464780082434
5	1295232	G	-	5	74	52	-0.47	0.203307074220831
5	1295232	G	C	3	101	114	0.16	0.730634550668959
5	1295232	G	A	218	18809	21490	-0.07	0.219395567069393
5	1295231	G	T	29	3313	4404	-0.04	0.791585981145078
5	1295231	G	-	3	107	143	-0.11	0.907831702227904
5	1295231	G	C	33	3275	3642	0.16	0.261885540579868
5	1295231	G	A	280	11860	12641	-0.14	0.00484989262331481
5	1295230	T	G	25	8512	8600	0.34	0.0384186026833388
5	1295230	T	C	77	3231	3279	-0.02	0.819091709052916
5	1295230	T	A	66	4266	4171	-0.07	0.506161176692778
5	1295229	G	T	65	2370	2761	-0.07	0.481064929317255
5	1295229	G	C	172	10903	11250	-0.14	0.0260390784309501
5	1295229	G	A	724	39787	44200	-0.01	0.706751587156592
5	1295228	C	T	437	21405	23533	0.03	0.506076884248339
5	1295228	C	G	32	3547	4019	0.21	0.155379771316011
5	1295228	C	A	34	1187	1091	-0.22	0.117698813481843
5	1295227	A	T	47	1227	1112	-0.19	0.108964132101118
5	1295227	A	G	96	3484	3116	-0.16	0.0505752634019982
5	1295227	A	-	3	93	139	1.20	0.0380227220004151
5	1295227	A	C	8	177	192	0.24	0.418037393686212
5	1295226	C	T	123	9358	9708	-0.06	0.388808874916097
5	1295226	C	G	41	2175	2014	-0.35	0.00602371497312639
5	1295226	C	-	292	11628	11798	-0.14	0.0031384245625245
5	1295226	C	A	56	1447	1434	-0.18	0.1079675984072
5	1295225	C	T	361	27763	32146	0.15	0.000730334375068255
5	1295225	C	G	25	2652	2503	-0.85	1.76856442364281e-07
5	1295225	C	-	3	58	102	0.33	0.492587285137232
5	1295225	C	A	54	5327	5409	-0.08	0.49933326188596
5	1295224	G	T	54	2315	2721	-0.10	0.367981508858707
5	1295224	G	-	7	123	180	0.88	0.0312839315921661
5	1295224	G	C	607	40963	47586	0.12	0.000198275588928018
5	1295224	G	A	462	26024	29305	0.03	0.387008293658474
5	1295223	C	T	279	21995	24599	-0.07	0.132255132177431
5	1295223	C	G	238	10495	11492	0.05	0.309141627730334
5	1295223	C	-	528	20269	22384	0.03	0.378651172387795
5	1295223	C	A	229	15477	15613	-0.13	0.0205521047071565
5	1295222	C	T	303	17880	19705	-0.00	0.921364259088796
5	1295222	C	G	204	15520	15254	0.08	0.154619447355015
5	1295222	C	-	29	531	528	-0.10	0.531291438173257
5	1295222	C	A	72	2538	2778	0.08	0.401057168152098
5	1295221	T	G	77	5413	4788	-0.16	0.087684097502367
5	1295221	T	-	7	154	154	-0.05	0.868651158052034
5	1295221	T	C	689	50467	53262	-0.03	0.269123309445794
5	1295221	T	A	865	66377	67722	-0.09	0.00134408471959394
5	1295220	C	T	202	21669	26990	0.16	0.00751989190278072
5	1295220	C	G	25	738	728	-0.42	0.00976637357941752
5	1295220	C	-	82	5486	5982	0.09	0.322977809619629
5	1295220	C	A	152	9041	11178	-0.03	0.64628221289475
5	1295219	C	T	366	23596	24843	-0.05	0.273596415444808
5	1295219	C	G	26	1052	1167	-0.11	0.486690064603157
5	1295219	C	A	224	16397	18420	0.01	0.79127152941403
5	1295218	C	T	384	28452	30125	0.05	0.224569883181238
5	1295218	C	G	36	1174	1197	0.01	0.919402478303865
5	1295218	C	-	5	128	161	-0.55	0.342606690602474
5	1295218	C	A	31	651	627	-0.12	0.424178604749486
5	1295217	T	G	63	8969	11141	0.19	0.0647807076853933
5	1295217	T	-	2	4	3	-0.48	0.409209897367751
5	1295217	T	C	848	64593	70509	-0.06	0.028350706497431
5	1295217	T	A	258	14130	14245	-0.10	0.0555201574456782
5	1295216	G	T	110	5505	6027	0.03	0.728867745788783
5	1295216	G	-	3	8	14	0.66	0.162802025538921
5	1295216	G	C	165	10910	10616	-0.10	0.101370900097563
5	1295216	G	A	628	39289	39351	0.01	0.765579868176652
5	1295215	A	T	485	29816	33756	-0.05	0.175504028627548
5	1295215	A	G	655	44062	48236	0.07	0.0407587720750125
5	1295215	A	-	3	131	223	0.60	0.200445328234222
5	1295215	A	C	113	4485	5080	-0.04	0.574599948218696
5	1295214	C	T	417	26667	28224	0.00	0.9753074609309
5	1295214	C	G	15	264	267	-0.06	0.779809146489728
5	1295214	C	-	689	21598	28584	-0.01	0.866982268508505
5	1295214	C	A	135	12877	17525	0.14	0.0436199878029781
5	1295213	C	T	440	16767	18904	0.01	0.890856943201956
5	1295213	C	G	13	244	277	0.10	0.669355965387764
5	1295213	C	-	113	1740	1734	-0.03	0.655989308271897
5	1295213	C	A	109	11875	13232	0.05	0.495103337639359
5	1295212	C	T	296	14892	16142	0.02	0.621412149775907
5	1295212	C	G	47	1543	1883	-0.02	0.867521689134241
5	1295212	C	-	6	132	109	-0.22	0.505216209536377
5	1295212	C	A	240	20082	23520	0.07	0.168154300840024
5	1295211	C	T	299	23165	26220	0.07	0.157686914057709
5	1295211	C	G	10	250	243	0.04	0.874381988693262
5	1295211	C	-	5	33	47	-0.50	0.173607688103693
5	1295211	C	A	40	1894	1840	-0.07	0.581552890317678
5	1295210	T	G	49	1191	1258	-0.07	0.528150471437754
5	1295210	T	-	6	198	108	-0.53	0.117497668480433
5	1295210	T	C	883	71113	79028	-0.02	0.41003019492185
5	1295210	T	A	208	13444	14262	-0.13	0.0238296631901145
5	1295209	G	T	60	4290	4890	-0.02	0.862522046384655
5	1295209	G	-	46	884	1044	0.12	0.310398290046856
5	1295209	G	C	95	6640	7782	-0.04	0.632793538717963
5	1295209	G	A	693	57299	62481	0.01	0.813110406962125
5	1295208	G	T	245	19180	20131	-0.04	0.492532502637972
5	1295208	G	C	38	4075	4514	-0.18	0.198543297463586
5	1295208	G	A	610	37745	40187	-0.01	0.861427201845345
5	1295207	G	T	188	10181	9989	-0.11	0.075402488097077
5	1295207	G	C	208	9576	10883	-0.03	0.592420147666853
5	1295207	G	A	460	40312	42439	0.01	0.753541435637568
5	1295206	C	T	474	25992	27587	0.01	0.718810057015137
5	1295206	C	G	108	16221	19987	-0.05	0.557367368157351
5	1295206	C	-	49	1340	1507	0.07	0.544646956250948
5	1295206	C	A	209	9465	8514	-0.20	0.000324147377822601
5	1295205	C	T	402	20774	22972	-0.06	0.17700298851283
5	1295205	C	G	29	838	961	-0.03	0.861747307880343
5	1295205	C	A	115	6514	6314	-0.10	0.175111261060705
5	1295204	C	T	553	42427	46933	0.01	0.737697089425323
5	1295204	C	G	104	6256	7074	0.09	0.283975209731514
5	1295204	C	A	131	6004	6382	-0.06	0.401299598367761
5	1295203	G	T	9	191	223	0.42	0.126962495535187
5	1295203	G	C	26	2161	2302	-0.01	0.937930823674918
5	1295203	G	A	393	19318	20743	-0.12	0.00354238447015956
5	1295202	T	G	121	8214	8858	-0.03	0.692986097338178
5	1295202	T	-	4	6	37	1.85	5.43436660456433e-06
5	1295202	T	C	730	49199	60217	0.06	0.0671866069877742
5	1295202	T	A	320	25258	28040	0.11	0.0208192788863057
5	1295201	G	T	26	2281	2454	0.07	0.658440493216248
5	1295201	G	-	51	2569	3157	0.18	0.108317187145918
5	1295201	G	C	34	544	534	-0.40	0.00450850668004174
5	1295201	G	A	386	26411	29353	-0.01	0.879471551575797
5	1295200	G	T	233	12103	12716	-0.01	0.907136888873631
5	1295200	G	C	69	3796	3604	0.01	0.880044349501071
5	1295200	G	A	473	33684	33727	0.01	0.818054854845371
5	1295199	G	T	143	10248	12046	0.00	0.964297350763036
5	1295199	G	C	27	3513	3926	0.13	0.416848028506029
5	1295199	G	A	579	38732	33835	-0.24	9.82778400390847e-13
5	1295198	C	T	552	47506	49076	0.02	0.611988267033595
5	1295198	C	G	146	7953	7832	-0.24	0.000464318102147006
5	1295198	C	-	12	535	607	0.19	0.413424738598211
5	1295198	C	A	51	1775	2920	0.06	0.608079716397191
5	1295197	A	T	259	11871	13033	-0.12	0.0154664510452806
5	1295197	A	G	817	52283	57650	0.09	0.00118236892178207
5	1295197	A	-	6	102	124	0.00	0.990953687924115
5	1295197	A	C	54	3249	3051	0.06	0.575412741650119
5	1295196	G	T	83	4096	4302	-0.01	0.889382439982063
5	1295196	G	-	76	2488	2870	0.10	0.300495966708109
5	1295196	G	C	12	538	549	0.11	0.651812711760123
5	1295196	G	A	368	23854	23925	-0.08	0.0475347094417704
5	1295195	G	T	203	12401	15466	0.15	0.011962758296562
5	1295195	G	C	67	12289	15395	0.18	0.0672131050055786
5	1295195	G	A	429	33829	33554	0.01	0.767186619943803
5	1295194	A	T	298	13095	13784	-0.07	0.135394301060821
5	1295194	A	G	744	47615	50635	0.08	0.00594483927832416
5	1295194	A	-	9	356	404	-0.05	0.874146175819196
5	1295194	A	C	40	1181	1154	-0.09	0.491792763876643
5	1295193	C	T	462	29876	30757	-0.05	0.196738961347652
5	1295193	C	G	77	6640	7502	-0.07	0.466003493018794
5	1295193	C	-	3	64	41	-0.40	0.405033040672301
5	1295193	C	A	53	5193	5937	-0.09	0.434549288573402
5	1295192	G	T	81	7393	9618	0.23	0.010122868775105
5	1295192	G	-	200	6866	8196	0.03	0.620388860686879
5	1295192	G	C	124	10045	10593	-0.03	0.708220683144465
5	1295192	G	A	659	44871	47122	-0.05	0.132682251168087
5	1295191	G	T	69	2350	2292	-0.12	0.227772264481943
5	1295191	G	C	41	1028	972	-0.05	0.722650367355017
5	1295191	G	A	371	28249	26887	-0.08	0.0752932650758846
5	1295190	G	T	157	10623	11957	0.12	0.0601017457766868
5	1295190	G	C	53	6835	8013	0.13	0.247692350800964
5	1295190	G	A	277	19395	19552	0.08	0.108878235053903
5	1295189	G	T	114	6869	6629	-0.00	0.969186698061523
5	1295189	G	C	39	2014	2472	0.01	0.962706099396745
5	1295189	G	A	379	21651	28250	0.19	6.94097158988781e-06
5	1295188	A	T	209	8893	9519	-0.03	0.615872125617895
5	1295188	A	G	765	48240	50288	-0.07	0.0183558073014125
5	1295188	A	-	92	2229	2420	-0.10	0.220926568867837
5	1295188	A	C	63	12934	14850	0.08	0.453590870783279
5	1295187	A	T	241	26011	25684	0.02	0.661648545422453
5	1295187	A	G	897	71364	80051	0.05	0.0718800878617761
5	1295187	A	-	3	13	25	0.60	0.202457444703266
5	1295187	A	C	31	767	751	-0.04	0.777454941456777
5	1295186	G	T	54	2950	3049	0.03	0.789481265242927
5	1295186	G	-	2	6	5	-1.00	0.0836082924441508
5	1295186	G	C	27	775	958	0.22	0.16688566146667
5	1295186	G	A	320	17125	18283	-0.03	0.446234482944361
5	1295185	T	G	203	11064	12002	0.13	0.0269341044844706
5	1295185	T	-	3	36	52	0.80	0.0900169542139095
5	1295185	T	C	758	56423	56910	0.03	0.297784172350575
5	1295185	T	A	325	14873	16683	0.03	0.55956569753826
5	1295184	G	T	13	633	628	0.03	0.895246749303238
5	1295184	G	-	45	1234	1207	-0.18	0.132266289205429
5	1295184	G	C	108	2373	2361	-0.05	0.531431690424864
5	1295184	G	A	558	31512	33692	0.02	0.663379500280119
5	1295183	G	T	133	10747	12626	0.07	0.298619559435713
5	1295183	G	C	85	3773	4479	0.05	0.544390272088474
5	1295183	G	A	416	32229	33576	0.02	0.59842615191955
5	1295182	A	T	236	14480	16786	-0.06	0.254435595771287
5	1295182	A	G	1011	84516	88613	-0.02	0.335113940061552
5	1295182	A	-	66	1382	1283	-0.34	0.000701189375246876
5	1295182	A	C	61	1607	1602	-0.27	0.00940991088582346
5	1295181	A	T	286	22192	24098	-0.14	0.00375708871345408
5	1295181	A	G	1094	61808	64096	-0.04	0.103662010863267
5	1295181	A	C	44	1402	1394	-0.44	0.000354070831641354
5	1295180	G	T	79	2950	3218	-0.03	0.782347145909638
5	1295180	G	-	230	5846	6106	-0.12	0.0305735426810259
5	1295180	G	C	62	2205	1962	-0.09	0.383253647365186
5	1295180	G	A	293	15942	19168	0.01	0.874642281126643
5	1295179	G	T	79	11493	13799	0.18	0.0506797848862218
5	1295179	G	C	76	6776	9388	-0.08	0.391121104460393
5	1295179	G	A	364	23055	26106	0.07	0.091068641600899
5	1295178	T	G	50	3680	3964	0.04	0.720880146085794
5	1295178	T	-	6	316	277	0.18	0.58492827490534
5	1295178	T	C	636	48731	73683	0.44	3.72939884459768e-42
5	1295178	T	A	241	9719	11982	0.07	0.191949462780761
5	1295177	C	T	513	42726	40317	-0.05	0.141478421227538
5	1295177	C	G	77	4099	3643	-0.21	0.0277022776658201
5	1295177	C	-	2	12	13	-0.24	0.670016309730266
5	1295177	C	A	106	3995	3714	-0.34	2.44134895472705e-05
5	1295176	G	T	64	3572	3232	-0.19	0.0653188468451827
5	1295176	G	C	148	8105	6727	-0.30	6.52218712618149e-06
5	1295176	G	A	830	56741	63976	0.02	0.43416859320611
5	1295175	A	T	176	8690	8857	-0.19	0.00161444654217031
5	1295175	A	G	774	45786	49044	0.01	0.678877496137791
5	1295175	A	-	6	1266	1196	0.33	0.341231682199721
5	1295175	A	C	34	2143	1948	-0.01	0.970205469876711
5	1295174	G	T	89	6062	4434	-0.26	0.00316093218061847
5	1295174	G	-	65	2182	1601	-0.32	0.00184579094293885
5	1295174	G	C	24	1681	1522	-0.02	0.92708899629681
5	1295174	G	A	354	21392	17421	-0.37	2.00718319985415e-17
5	1295173	G	T	235	22151	17620	-0.28	2.90290560958218e-07
5	1295173	G	C	73	10936	9370	-0.37	0.000142443060079855
5	1295173	G	A	569	40100	34712	-0.40	2.19222813033732e-30
5	1295172	C	T	633	35543	33832	-0.11	0.000642271213005579
5	1295172	C	G	138	10996	8216	-0.28	6.69088555322956e-05
5	1295172	C	-	1	1	4	1.43	0.090545610757377
5	1295172	C	A	173	12018	11755	-0.10	0.114584938114047
5	1295171	G	T	82	5208	4638	-0.21	0.0175914345467815
5	1295171	G	-	9	221	191	0.13	0.672181880240651
5	1295171	G	C	52	2316	1870	-0.36	0.00148963364706247
5	1295171	G	A	490	33090	27185	-0.49	2.89494695589824e-39
5	1295170	G	T	93	5245	3806	-0.37	1.69518850918264e-05
5	1295170	G	C	57	3955	3631	-0.41	0.000187778884315946
5	1295170	G	A	309	23464	24972	-0.20	2.59197288648088e-05
5	1295169	A	T	277	16843	14246	-0.30	8.03828982722905e-10
5	1295169	A	G	648	45536	48425	0.08	0.0197085238664838
5	1295169	A	C	48	5956	5608	-0.35	0.00290601593989553
5	1295168	G	T	74	4654	5359	0.03	0.7905883912555
5	1295168	G	-	58	1608	1766	-0.01	0.939637005689095
5	1295168	G	C	15	618	700	0.06	0.764628583978951
5	1295168	G	A	284	21444	23985	-0.04	0.413531032617647
5	1295167	G	T	150	11727	13885	-0.15	0.024566958333747
5	1295167	G	C	81	2955	2820	-0.18	0.0490876764484923
5	1295167	G	A	382	18091	21323	0.19	9.72936217209005e-06
5	1295166	A	T	230	20043	20707	0.00	0.940087917665007
5	1295166	A	G	461	31500	31141	-0.07	0.0630765049813005
5	1295166	A	C	65	4125	4162	-0.05	0.59238691328794
5	1295165	G	T	93	4528	4654	0.08	0.37430875407053
5	1295165	G	-	37	1029	1031	-0.16	0.240158055424913
5	1295165	G	C	30	1409	1257	-0.30	0.0449853386090466
5	1295165	G	A	382	22227	24302	0.03	0.43329416862838
5	1295164	G	T	237	11968	12526	0.04	0.433979180527782
5	1295164	G	C	144	8814	8788	0.03	0.612687565640983
5	1295164	G	A	512	35078	38068	-0.06	0.0819424876138671
5	1295163	C	T	524	38424	39231	-0.07	0.046028659546155
5	1295163	C	G	68	4851	4920	-0.16	0.110461837744779
5	1295163	C	-	4	15	28	0.04	0.91958191915829
5	1295163	C	A	74	6857	6598	0.09	0.340967966340425
5	1295162	G	T	83	3192	3771	0.00	0.981188551060163
5	1295162	G	C	106	10461	12207	-0.07	0.375344549505901
5	1295162	G	A	528	29960	30351	-0.09	0.0106231697674147
5	1295161	C	T	581	32721	36864	0.04	0.284194717716059
5	1295161	C	G	74	3515	4923	0.13	0.15986996031929
5	1295161	C	A	105	4801	4945	-0.03	0.707964599804779
5	1295160	G	T	52	3771	3671	-0.24	0.0362326250846151
5	1295160	G	-	2	4	12	1.43	0.0145722290168607
5	1295160	G	C	83	13691	16664	-0.05	0.5448943204226
5	1295160	G	A	712	41700	48782	-0.08	0.00960028258495533
5	1295159	C	T	439	35678	43892	0.15	0.000135980915171071
5	1295159	C	G	48	7992	8751	0.19	0.107818855061241
5	1295159	C	-	37	935	893	-0.09	0.491665272023827
5	1295159	C	A	144	3676	4789	0.21	0.00285085784054377
5	1295158	C	T	289	23891	24593	0.07	0.135308599728966
5	1295158	C	G	26	600	648	-0.37	0.0218326510252205
5	1295158	C	A	77	3393	3304	-0.22	0.0175828901379261
5	1295157	T	G	31	4774	2896	0.12	0.426104591237131
5	1295157	T	-	19	275	318	0.04	0.831195333583462
5	1295157	T	C	725	47196	55144	0.12	8.93472313963496e-05
5	1295157	T	A	165	26205	28544	0.13	0.0404312330148881
5	1295156	G	T	42	2375	2475	-0.01	0.95662435101416
5	1295156	G	-	185	4089	4822	0.04	0.558022119345685
5	1295156	G	C	328	37173	35597	-0.04	0.382771795347255
5	1295156	G	A	564	27538	29028	-0.02	0.542218365981114
5	1295155	G	T	183	7129	7103	-0.27	8.9371725605081e-06
5	1295155	G	C	60	1304	1456	-0.05	0.657702630277543
5	1295155	G	A	576	45607	55531	0.15	1.49862032433073e-05
5	1295154	G	T	407	26969	34809	0.15	0.0002456976368808
5	1295154	G	C	78	5462	4880	-0.26	0.00546071962642084
5	1295154	G	A	780	51920	46850	-0.27	5.23085144925859e-20
5	1295153	G	T	204	14934	13561	-0.29	3.9779399328282e-07
5	1295153	G	-	1	3	3	0.58	0.61921435054382
5	1295153	G	C	22	1380	1185	-0.25	0.154489149670308
5	1295153	G	A	848	68238	57552	-0.38	3.75209029597025e-41
5	1295152	C	T	597	46978	44687	-0.31	1.55058578746685e-20
5	1295152	C	G	20	396	298	-0.47	0.0101884621183557
5	1295152	C	-	7	39	38	0.39	0.215215918440546
5	1295152	C	A	94	6036	5871	-0.29	0.000715095336685731
5	1295151	G	T	149	8980	6454	-0.52	6.89577342437581e-15
5	1295151	G	-	208	6360	6013	-0.27	2.68256344933854e-06
5	1295151	G	C	112	5639	3650	-0.63	6.82529406050998e-16
5	1295151	G	A	779	55010	41936	-0.47	5.84002879888996e-58
5	1295150	G	T	220	13039	9453	-0.35	1.62824536681767e-10
5	1295150	G	C	96	2426	1904	-0.48	6.58533487310422e-09
5	1295150	G	A	627	39387	32004	-0.42	2.93930020653875e-37
5	1295149	G	T	240	14685	12445	-0.31	7.01070619700711e-09
5	1295149	G	C	54	1893	1505	-0.44	7.85099474520706e-05
5	1295149	G	A	623	34327	32809	-0.20	6.97601406942414e-10
5	1295148	G	T	153	10035	9795	0.03	0.692257180248608
5	1295148	G	-	1	2	2	-0.29	0.726064271391674
5	1295148	G	C	14	512	464	-0.38	0.0774046230509183
5	1295148	G	A	846	65626	72616	-0.04	0.13295874677063
5	1295147	C	T	587	41119	45593	-0.01	0.688157297135027
5	1295147	C	G	64	5562	4525	0.20	0.0638554038531587
5	1295147	C	-	7	20	58	1.30	0.000775672464465025
5	1295147	C	A	65	3499	3773	0.27	0.00694406564732351
5	1295146	A	T	133	6868	6689	-0.12	0.0801757310484818
5	1295146	A	G	296	25098	30473	-0.01	0.755781498680887
5	1295146	A	-	3	11	63	2.54	7.06545770983458e-08
5	1295146	A	C	47	1353	1275	-0.11	0.352469601891574
5	1295145	G	T	46	2572	2751	-0.01	0.903827461357706
5	1295145	G	-	177	4986	5814	-0.01	0.929196809860472
5	1295145	G	C	48	5123	5199	-0.13	0.282785191302828
5	1295145	G	A	478	28065	31047	0.05	0.197611715742444
5	1295144	G	T	179	5137	5046	-0.06	0.329463729415303
5	1295144	G	C	89	7247	6285	0.07	0.398567812713556
5	1295144	G	A	544	46285	49594	-0.02	0.557280255085972
5	1295143	G	T	150	11372	11591	-0.06	0.37009506214613
5	1295143	G	C	28	690	674	-0.27	0.0776494168724739
5	1295143	G	A	793	56532	64888	0.08	0.00858813728497881
5	1295142	C	T	358	24241	30319	0.08	0.0754457755680235
5	1295142	C	G	46	8872	6364	-0.27	0.0302512395614065
5	1295142	C	-	9	246	310	0.08	0.788826181592981
5	1295142	C	A	163	11656	13146	0.07	0.261472817303244
5	1295141	T	G	85	7594	6156	-0.11	0.254203306261986
5	1295141	T	-	42	614	639	-0.14	0.279448010474773
5	1295141	T	C	656	42914	49994	0.10	0.0025633637410251
5	1295141	T	A	316	23543	27560	0.00	0.931870976768385
5	1295140	G	T	93	7593	8668	-0.02	0.773835155267972
5	1295140	G	-	134	3012	3124	0.01	0.872517550237994
5	1295140	G	C	219	11370	12693	0.08	0.131332212264659
5	1295140	G	A	641	28037	31988	-0.01	0.777527304966266
5	1295139	G	T	293	21377	21694	-0.01	0.802202185973941
5	1295139	G	-	6	197	116	-0.99	0.0103028094479242
5	1295139	G	C	110	9722	10773	-0.05	0.560267700292805
5	1295139	G	A	715	38736	44565	0.07	0.0199294083182867
5	1295138	G	T	188	10915	10708	0.10	0.0949499399601527
5	1295138	G	-	10	373	320	-0.00	0.997995383285023
5	1295138	G	C	43	4923	5045	-0.00	0.994309787452393
5	1295138	G	A	628	47279	49807	0.03	0.29878717291077
5	1295137	G	T	244	22323	22917	0.00	0.948481495522984
5	1295137	G	C	71	8824	9973	0.04	0.659491168789583
5	1295137	G	A	487	29806	30445	0.03	0.472789580732094
5	1295136	A	T	185	18844	21989	0.03	0.611752636837562
5	1295136	A	G	144	16743	16728	0.10	0.13543199790604
5	1295136	A	-	17	268	233	0.11	0.620786130628348
5	1295136	A	C	31	3408	3774	0.30	0.0509159065610477
5	1295135	G	T	67	4313	4564	0.08	0.409071080582322
5	1295135	G	-	90	3090	2902	-0.25	0.00374623884557875
5	1295135	G	C	13	394	392	-0.06	0.80783592487345
5	1295135	G	A	293	19640	55012	1.42	5.13753614580974e-194
5	1295134	G	T	242	17410	18570	-0.11	0.042411192884903
5	1295134	G	-	9	2003	1033	-0.61	0.0420456210407903
5	1295134	G	C	136	13053	12247	-0.28	0.00140377155709196
5	1295134	G	A	489	34786	34636	-0.14	0.000273761855212408
5	1295133	G	T	171	10854	11014	-0.25	5.49989294772967e-05
5	1295133	G	-	3	109	63	-0.22	0.648246727466128
5	1295133	G	C	182	11200	9983	-0.38	5.63517079462822e-10
5	1295133	G	A	593	29461	29893	-0.12	0.000635654527302679
5	1295132	C	T	554	38398	41964	0.03	0.334143718661856
5	1295132	C	G	111	7798	8143	0.05	0.542423238915184
5	1295132	C	-	72	1152	1200	0.00	0.991639541193853
5	1295132	C	A	172	13620	16577	0.11	0.0778597830336142
5	1295131	C	T	489	34711	39804	-0.03	0.471320088821515
5	1295131	C	G	23	807	514	-0.17	0.332191131336735
5	1295131	C	-	12	2923	2560	-0.49	0.0521507953311301
5	1295131	C	A	236	14497	17128	0.04	0.447789421689717
5	1295130	C	T	293	18310	22456	0.03	0.507771130656029
5	1295130	C	G	33	9421	12226	0.31	0.0315667300253668
5	1295130	C	-	18	945	888	-0.22	0.29372146842585
5	1295130	C	A	21	2423	2989	0.42	0.018912589370532
5	1295129	A	T	174	11327	9230	-0.18	0.00378976794742149
5	1295129	A	G	392	19824	21067	-0.07	0.106713569424699
5	1295129	A	-	19	1140	2543	0.41	0.0577494997779146
5	1295129	A	C	42	4806	5702	-0.08	0.548006519081358
5	1295128	G	T	22	1762	1922	-0.31	0.0783805635870213
5	1295128	G	-	318	10467	12063	0.02	0.636120856884443
5	1295128	G	C	6	181	180	-0.13	0.704413558530796
5	1295128	G	A	456	34249	35729	0.06	0.142817736209582
5	1295127	G	T	219	14021	15832	-0.09	0.111030612704652
5	1295127	G	-	5	76	25	-1.48	0.000141309513410153
5	1295127	G	C	57	2092	2558	0.14	0.184993082275439
5	1295127	G	A	483	57377	56444	-0.08	0.0512462950754069
5	1295126	G	T	159	14155	16497	0.02	0.751184708568116
5	1295126	G	C	34	2670	4529	0.04	0.791940683998794
5	1295126	G	A	466	31731	35668	0.04	0.305141678966606
5	1295125	G	T	414	32839	35536	0.15	0.000527591429333661
5	1295125	G	-	7	1369	748	-0.11	0.733723102999257
5	1295125	G	C	602	41352	42623	0.04	0.283006277062051
5	1295125	G	A	784	46446	55223	0.13	1.1335244569675e-05
5	1295124	C	T	573	34649	34244	-0.10	0.00240444979791974
5	1295124	C	G	53	7295	6712	0.05	0.6370934526903
5	1295124	C	-	25	1489	1436	-0.05	0.776107671997152
5	1295124	C	A	133	6334	6429	-0.19	0.00824649705245908
5	1295123	C	T	495	33625	32349	-0.17	6.1416549664037e-06
5	1295123	C	G	27	1525	918	-0.31	0.0581565141573172
5	1295123	C	-	4	32	36	1.01	0.0163591986047371
5	1295123	C	A	58	4124	4563	-0.24	0.0226012096252274
5	1295122	G	T	71	2488	2297	-0.23	0.020237555106473
5	1295122	G	-	345	10352	10550	-0.14	0.00208466652384644
5	1295122	G	C	166	15279	16564	-0.10	0.134685463757766
5	1295122	G	A	1277	84995	93212	0.01	0.784307010856298
5	1295121	G	T	212	13905	12647	-0.20	0.000383586521280396
5	1295121	G	-	3	4	8	0.60	0.199204568839604
5	1295121	G	C	44	3589	3707	-0.36	0.00424306502369069
5	1295121	G	A	660	45741	43665	-0.14	1.29486392491716e-05
5	1295120	G	T	43	1510	1324	-0.46	0.000210284515461278
5	1295120	G	-	2	6	3	-1.09	0.0575393685011399
5	1295120	G	C	20	1530	922	-0.24	0.254636360902329
5	1295120	G	A	512	44041	37254	-0.34	1.14173578826473e-20
5	1295119	T	G	53	19726	19819	-0.02	0.879410809896699
5	1295119	T	-	31	2895	2869	0.03	0.876181478545347
5	1295119	T	C	569	42408	42928	-0.06	0.0803932256498188
5	1295119	T	A	248	13168	14912	0.09	0.0992370656583073
5	1295118	C	T	488	33723	38818	0.01	0.761381442997013
5	1295118	C	G	94	9356	9193	-0.11	0.185468562883086
5	1295118	C	-	16	279	250	0.31	0.161122129942161
5	1295118	C	A	135	7693	8580	0.20	0.0053068679013418
5	1295117	G	T	141	3895	3097	-0.51	2.05119456780984e-13
5	1295117	G	-	205	5088	5311	-0.12	0.0388372903539103
5	1295117	G	C	176	14457	10534	-0.46	8.37022739754134e-14
5	1295117	G	A	939	60772	53417	-0.32	3.97381155055754e-32
5	1295116	G	T	190	9956	10534	-0.20	0.00092096159601421
5	1295116	G	-	13	1386	758	-0.38	0.122582125321821
5	1295116	G	C	164	12220	8483	-0.37	4.68192766564828e-07
5	1295116	G	A	593	45876	42042	-0.23	5.49776031510819e-12
5	1295115	G	T	297	22280	22994	-0.10	0.0387403260585641
5	1295115	G	-	3	74	39	-1.16	0.0189682938955011
5	1295115	G	C	61	6187	5418	-0.22	0.0407277289896409
5	1295115	G	A	625	27382	32568	0.07	0.0305273881187504
5	1295114	G	T	317	16161	18547	0.02	0.593879529647713
5	1295114	G	-	6	41	24	-0.17	0.656573854839026
5	1295114	G	C	47	2070	2029	-0.17	0.144331126235608
5	1295114	G	A	544	38784	40874	-0.11	0.00191704426637079
5	1295113	G	T	206	19768	43832	1.05	1.00267353961281e-75
5	1295113	G	C	69	14678	17740	0.26	0.0120833843138967
5	1295113	G	A	464	30420	115807	2.00	0
5	1295112	A	T	179	10458	10809	-0.07	0.265341268330039
5	1295112	A	G	276	34346	32052	-0.12	0.0148158541191288
5	1295112	A	-	23	443	448	0.04	0.843143496931398
5	1295112	A	C	33	5554	5893	-0.23	0.106643770390165
5	1295111	G	T	84	2104	2284	-0.04	0.652358636496
5	1295111	G	-	48	2044	1522	-0.17	0.164476828343399
5	1295111	G	C	72	2203	1495	-0.41	0.000748044774163728
5	1295111	G	A	391	17462	17830	-0.08	0.0596077536855447
5	1295110	G	T	327	19685	19858	-0.07	0.137332665123947
5	1295110	G	C	256	21347	21427	-0.01	0.770626750588854
5	1295110	G	A	437	30291	32418	-0.12	0.00171908268109273
5	1295109	C	T	540	29635	31863	-0.08	0.0226843586761624
5	1295109	C	G	114	15098	12737	0.08	0.304124562853664
5	1295109	C	-	47	1849	1363	0.09	0.494128224386145
5	1295109	C	A	211	13966	12906	-0.11	0.0612301366384406
5	1295108	C	T	394	30249	31376	-0.05	0.270770452467873
5	1295108	C	G	60	17727	11761	-0.41	0.000414494682210323
5	1295108	C	-	34	7754	4736	-0.07	0.701673459088375
5	1295108	C	A	178	14559	15535	0.03	0.635405287224282
5	1295107	C	T	478	36371	36708	-0.06	0.135188698269008
5	1295107	C	G	45	5111	4227	-0.11	0.370897556596203
5	1295107	C	-	25	4129	2388	0.57	0.00114573283760349
5	1295107	C	A	104	9880	12690	0.22	0.00729093184491773
5	1295106	G	T	76	2851	2960	-0.13	0.186588485889123
5	1295106	G	-	83	2142	2465	0.01	0.882177215254835
5	1295106	G	C	106	4024	4592	0.02	0.834548973946266
5	1295106	G	A	636	41790	46337	0.08	0.017081455224504
5	1295105	G	T	81	10595	13313	0.05	0.615460856245877
5	1295105	G	-	6	560	415	-0.22	0.716300391753066
5	1295105	G	C	16	2283	1753	0.16	0.4424498731012
5	1295105	G	A	356	14947	15567	-0.02	0.594262846231063
5	1295104	G	T	156	9337	9947	-0.04	0.507182498315428
5	1295104	G	C	22	887	921	0.35	0.0461054771809978
5	1295104	G	A	256	18783	25654	0.08	0.119228466621768
5	1295103	A	T	225	22927	21847	-0.12	0.0333294999029977
5	1295103	A	G	203	18744	16668	-0.22	0.000182492300319169
5	1295103	A	-	29	11568	7055	-0.21	0.265607423731653
5	1295103	A	C	35	2501	2614	-0.13	0.358030868731426
5	1295102	G	T	119	7157	7082	-0.14	0.0623064780812896
5	1295102	G	-	178	6572	6564	0.08	0.197809696021017
5	1295102	G	C	47	3842	3533	0.15	0.223491248523632
5	1295102	G	A	380	31595	32534	0.03	0.47444333350365
5	1295101	G	T	240	14274	16740	-0.01	0.899382192378724
5	1295101	G	C	85	5486	6007	0.02	0.782152285096984
5	1295101	G	A	561	48009	55474	0.14	5.49957333925181e-05
5	1295100	G	T	74	7184	8139	0.27	0.00530930488885615
5	1295100	G	-	3	42	26	2.79	0.0518490537180191
5	1295100	G	C	45	3411	3792	-0.05	0.658621868661242
5	1295100	G	A	509	40281	54184	0.28	2.07964154714142e-14
5	1295099	T	G	66	4717	3571	-0.05	0.666625002846918
5	1295099	T	-	21	6939	4925	0.32	0.108587186000843
5	1295099	T	C	801	50484	58582	0.13	4.24393581187577e-06
5	1295099	T	A	281	21493	21643	-0.06	0.231951669350391
5	1295098	C	T	485	32977	32794	-0.11	0.00469387322987458
5	1295098	C	G	25	3124	2144	-0.58	0.000505109096102632
5	1295098	C	-	11	1964	1918	-0.50	0.118759593650541
5	1295098	C	A	143	10920	11313	-0.30	1.68121411230683e-05
5	1295097	G	T	141	5904	5892	-0.18	0.00772857207355341
5	1295097	G	-	53	1020	866	-0.05	0.654194929592375
5	1295097	G	C	298	16135	17310	0.03	0.59588280545732
5	1295097	G	A	940	66792	83523	0.18	5.13778866845471e-11
5	1295096	G	T	175	11115	11789	-0.11	0.0853929803582831
5	1295096	G	-	3	513	341	0.50	0.58205220692613
5	1295096	G	C	45	1906	1833	-0.06	0.602991799479799
5	1295096	G	A	514	35755	56074	0.51	2.87364883903793e-44
5	1295095	G	T	223	18425	18020	-0.06	0.299060001963268
5	1295095	G	C	47	2071	1805	-0.39	0.00111338340668968
5	1295095	G	A	551	44754	31783	-0.59	2.76165120693775e-64
5	1295094	G	T	212	21537	19584	-0.28	7.09619100688359e-07
5	1295094	G	C	38	4336	3307	-0.30	0.024348796084864
5	1295094	G	A	462	28974	27365	-0.13	0.000433311911593976
5	1295093	A	T	289	15006	15023	-0.06	0.202084088748646
5	1295093	A	G	279	20703	14916	-0.37	9.90861938521678e-14
5	1295093	A	-	9	1936	1401	0.20	0.530007510272813
5	1295093	A	C	48	12251	10111	0.08	0.52040187412117
5	1295092	G	T	63	3209	2095	-0.95	2.97382773341142e-20
5	1295092	G	-	271	8819	6736	-0.46	2.72094125836495e-17
5	1295092	G	C	17	604	376	-0.61	0.00220236892913371
5	1295092	G	A	641	66992	44498	-0.64	1.6040311282498e-86
5	1295091	G	T	190	12030	7100	-0.75	1.54158138972486e-36
5	1295091	G	-	7	533	375	0.63	0.124433445798786
5	1295091	G	C	53	3454	1914	-0.94	1.2566060586929e-16
5	1295091	G	A	495	47202	38736	-0.68	1.01129091313038e-75
5	1295090	G	T	105	4139	4221	-0.15	0.0567446104916742
5	1295090	G	C	51	2463	1693	-0.48	2.66225380452825e-05
5	1295090	G	A	450	30148	37427	0.25	6.43528223491854e-11
5	1295089	G	T	188	15374	11386	-0.58	4.40862374458042e-22
5	1295089	G	-	7	142	136	-0.37	0.228884744333927
5	1295089	G	C	38	4325	2908	-0.60	6.21281929853152e-06
5	1295089	G	A	513	38176	31281	-0.36	2.62617824359063e-23
5	1295088	A	T	188	7669	5508	-0.70	2.14840111033929e-31
5	1295088	A	G	696	45348	35417	-0.38	2.32237041200716e-32
5	1295088	A	-	315	14017	11026	-0.22	1.9639277198887e-05
5	1295088	A	C	44	7814	5042	-0.44	0.000516864585734756
5	1295087	A	T	223	17280	10712	-0.85	2.41525141935948e-54
5	1295087	A	G	621	36514	27488	-0.63	2.82500279338683e-81
5	1295087	A	-	17	1558	762	-0.20	0.384429392679593
5	1295087	A	C	44	990	665	-0.84	1.73585341388374e-11
5	1295086	G	T	57	5437	4093	-0.46	2.28428760071038e-05
5	1295086	G	-	61	1533	1065	-0.58	6.58298899379356e-08
5	1295086	G	C	21	2174	1501	-0.71	7.31109165471827e-05
5	1295086	G	A	271	19949	14497	-0.60	1.71278166056882e-32
5	1295085	G	T	130	4368	2992	-0.54	3.6557097400293e-14
5	1295085	G	C	57	6717	4995	-0.60	3.99454791346893e-08
5	1295085	G	A	308	17355	12337	-0.65	2.36019395125287e-43
5	1295084	A	T	275	21738	15574	-0.52	2.10180539247424e-25
5	1295084	A	G	999	77500	64562	-0.30	2.63008386567148e-30
5	1295084	A	-	171	4513	3992	-0.04	0.518791732619091
5	1295084	A	C	54	6153	9717	0.90	4.1965875297173e-16
5	1295083	A	T	191	9715	8755	-0.37	5.25257089147925e-10
5	1295083	A	G	1063	57391	69805	0.07	0.00326098405996651
5	1295083	A	-	5	33	21	0.23	0.709684330131479
5	1295083	A	C	32	1310	2805	0.54	0.000210676622018825
5	1295082	A	T	231	20004	15220	-0.39	5.80651575423418e-13
5	1295082	A	G	682	34464	33158	-0.16	1.77101841300083e-07
5	1295082	A	-	12	230	167	-0.63	0.0689020255246068
5	1295082	A	C	30	3035	2432	-0.64	1.54007197276934e-05
5	1295081	G	T	82	5109	5691	-0.05	0.60987471586188
5	1295081	G	-	22	1187	966	-0.24	0.175479581716693
5	1295081	G	C	54	3627	3455	0.06	0.576411049285081
5	1295081	G	A	304	21256	21196	-0.15	0.00194488221827762
5	1295080	G	T	181	16094	16489	0.04	0.558026470189182
5	1295080	G	C	98	10086	10686	-0.06	0.506261686337933
5	1295080	G	A	519	36513	43278	0.11	0.00156147278442257
5	1295079	C	T	513	37425	36352	-0.18	1.38722868659859e-06
5	1295079	C	G	68	1668	1857	0.12	0.237039324545081
5	1295079	C	-	37	4108	2680	-0.12	0.47109878162158
5	1295079	C	A	132	4041	4373	-0.01	0.938409280073764
5	1295078	G	T	141	6909	8678	0.13	0.0685830279352628
5	1295078	G	-	8	115	145	0.04	0.91409520315554
5	1295078	G	C	168	14013	16108	0.16	0.00917550305537587
5	1295078	G	A	757	56389	71876	0.19	4.4629402538436e-10
5	1295077	C	T	521	34022	33894	-0.06	0.0955435941185259
5	1295077	C	G	70	9158	8043	-0.04	0.684807749264957
5	1295077	C	-	80	2171	2454	0.14	0.176989017541981
5	1295077	C	A	150	3691	3696	-0.25	0.000189606082995666
5	1295076	C	T	681	46028	45532	-0.15	1.39270392744747e-06
5	1295076	C	G	68	7456	5813	-0.48	1.23351239730864e-06
5	1295076	C	-	4	56	43	0.08	0.87340991395224
5	1295076	C	A	80	8736	9260	-0.00	0.976317936108802
5	1295075	G	T	61	4151	4015	-0.20	0.0528162442505605
5	1295075	G	-	212	6868	6489	-0.25	9.52602921180907e-06
5	1295075	G	C	93	5454	5253	-0.08	0.355547625981257
5	1295075	G	A	731	49476	49428	-0.06	0.0375248992917885
5	1295074	G	T	155	12325	11191	-0.08	0.20494587129086
5	1295074	G	-	3	60	91	0.40	0.390731980925159
5	1295074	G	C	35	3500	2936	0.03	0.842554537897181
5	1295074	G	A	373	21602	25035	0.17	9.30924644809727e-05
5	1295073	G	T	165	11910	12837	-0.01	0.919930199846138
5	1295073	G	C	61	2098	1750	-0.64	1.01511571730451e-09
5	1295073	G	A	513	28055	22308	-0.51	1.36753315101254e-45
5	1295072	G	T	273	16853	15515	-0.36	6.27360073847249e-13
5	1295072	G	C	23	2170	1638	-0.31	0.0658350772919023
5	1295072	G	A	735	67442	55122	-0.31	1.72497244549654e-24
5	1295071	C	T	648	36828	33279	-0.25	7.85411639665268e-15
5	1295071	C	G	74	5976	4144	-0.64	2.41654640300005e-11
5	1295071	C	-	3	127	173	0.30	0.541834164329974
5	1295071	C	A	151	6025	5729	-0.22	0.00102701828653337
5	1295070	G	T	95	6730	5428	-0.40	2.45913225382674e-06
5	1295070	G	-	60	2242	2541	0.12	0.25423866277795
5	1295070	G	C	86	12040	9580	-0.26	0.0112665624372522
5	1295070	G	A	728	46240	37319	-0.49	3.55927528326983e-59
5	1295069	G	T	116	10565	8236	-0.50	4.69552373272173e-11
5	1295069	G	-	4	22	14	-0.89	0.0606091352098137
5	1295069	G	C	57	2772	2335	-0.24	0.0249847644427398
5	1295069	G	A	544	41852	32484	-0.38	4.69133222507757e-27
5	1295068	G	T	170	7779	8714	0.02	0.754616262076393
5	1295068	G	-	2	4	4	-0.86	0.304558385156537
5	1295068	G	C	23	575	447	-0.42	0.0133272832159513
5	1295068	G	A	324	27991	30587	0.05	0.3133629310213
5	1295067	A	T	232	20812	23785	-0.04	0.465818476827427
5	1295067	A	G	539	33439	34117	0.01	0.71579832804823
5	1295067	A	-	12	149	144	-0.04	0.885433642222749
5	1295067	A	C	43	4687	3861	-0.12	0.350172454820753
5	1295066	G	T	130	10235	9770	0.08	0.290573296704443
5	1295066	G	C	21	798	809	0.06	0.734922430787549
5	1295066	G	A	207	12043	16355	0.32	2.95057739465652e-08
5	1295065	A	T	243	12903	12341	-0.12	0.0205662160920353
5	1295065	A	G	465	34986	35514	0.02	0.580488432101352
5	1295065	A	-	10	209	187	0.10	0.750841128553771
5	1295065	A	C	63	3434	2992	-0.41	5.78914121471236e-05
5	1295064	G	T	58	1971	1974	-0.03	0.790698975731257
5	1295064	G	-	12	429	547	0.14	0.561402989763672
5	1295064	G	C	27	2568	2835	-0.22	0.164898025969415
5	1295064	G	A	271	14170	15017	0.19	0.000113876243362607
5	1295063	G	T	225	7592	8289	-0.10	0.0707747752452461
5	1295063	G	-	2	3	4	0.00	0.99408945593316
5	1295063	G	C	128	8315	9228	0.08	0.261777998702587
5	1295063	G	A	458	31288	29840	-0.13	0.000921144411002349
5	1295062	A	T	374	14074	11693	-0.42	2.55899004969785e-23
5	1295062	A	G	729	37244	39951	-0.06	0.0462090119883359
5	1295062	A	-	9	62	89	-0.06	0.814831352178675
5	1295062	A	C	38	1942	2048	-0.15	0.260340219432967
5	1295061	G	T	170	15348	17761	0.10	0.0960090982742929
5	1295061	G	-	4	33	22	3.09	0.00133492255154978
5	1295061	G	C	95	3495	3933	0.03	0.701719435392612
5	1295061	G	A	791	49989	55137	-0.01	0.832983377992706
5	1295060	C	T	736	42885	48455	-0.05	0.086200616973692
5	1295060	C	G	81	2765	3126	-0.13	0.169226985895053
5	1295060	C	A	55	1750	2283	0.09	0.404840377740171
5	1295059	G	T	140	5573	5085	-0.24	0.000556029122419148
5	1295059	G	-	1	1	3	1.28	0.115399785361843
5	1295059	G	C	487	22582	21400	-0.16	1.15028852567301e-05
5	1295059	G	A	923	63952	69584	-0.04	0.128132714180269
5	1295058	C	T	423	22926	22622	-0.28	2.49731813226355e-12
5	1295058	C	G	55	2612	2279	-0.14	0.203957574679026
5	1295058	C	-	6	248	283	0.33	0.342049254642387
5	1295058	C	A	163	14440	13446	-0.18	0.00483328808031379
5	1295057	C	T	441	26482	27979	-0.10	0.0106745458086509
5	1295057	C	G	50	3804	3714	-0.20	0.0853438468054911
5	1295057	C	-	2	2	4	1.97	0.0107524307986896
5	1295057	C	A	69	6093	5512	-0.30	0.00213559585198181
5	1295056	G	T	79	3679	3468	-0.24	0.0094351200209131
5	1295056	G	-	1	3	4	0.48	0.565141684553062
5	1295056	G	C	162	7121	5536	-0.42	1.04638270733198e-10
5	1295056	G	A	804	46782	41217	-0.25	3.63652956787291e-18
5	1295055	C	T	763	41452	37952	-0.27	3.05102541478258e-19
5	1295055	C	G	157	4596	4389	-0.23	0.000464421226541262
5	1295055	C	-	2	4	3	-0.84	0.228971229681895
5	1295055	C	A	70	1774	1828	-0.20	0.042845262293889
5	1295054	G	T	196	11445	11440	-0.05	0.373996069764492
5	1295054	G	C	102	7077	6076	-0.41	4.60105143527071e-07
5	1295054	G	A	1236	67484	63727	-0.17	7.60157421522348e-13
5	1295053	C	T	658	34003	32378	-0.21	8.74322192951466e-11
5	1295053	C	G	40	727	999	0.28	0.0315808766763673
5	1295053	C	A	159	9214	8537	-0.19	0.00368294408708122
5	1295052	T	G	76	4881	5392	0.25	0.00823966424390855
5	1295052	T	-	42	2155	2271	0.11	0.461687546962817
5	1295052	T	C	988	53991	52193	-0.08	0.00316157283462202
5	1295052	T	A	425	22221	20282	-0.36	1.64753036905071e-19
5	1295051	C	T	917	57524	74071	0.21	7.10611132847698e-15
5	1295051	C	G	204	7722	8038	-0.07	0.201662691403593
5	1295051	C	-	5	62	80	0.34	0.365150139372401
5	1295051	C	A	85	2639	3004	-0.00	0.991455846630593
5	1295050	A	T	273	17718	20056	0.03	0.530206101680591
5	1295050	A	G	952	53484	53554	-0.24	1.07380163816828e-18
5	1295050	A	-	35	731	721	-0.00	0.97689354141043
5	1295050	A	C	80	3987	3804	-0.15	0.0981489743161623
5	1295049	A	T	117	8525	8395	-0.23	0.0025796040806781
5	1295049	A	G	906	57922	58587	-0.04	0.158106207039854
5	1295049	A	C	17	313	270	-0.63	0.00175606878475647
5	1295048	A	T	591	40669	42449	-0.11	0.00090649606724933
5	1295048	A	G	784	50857	51110	-0.03	0.282695896036203
5	1295048	A	-	3	6	21	1.60	0.000712817014087596
5	1295048	A	C	70	10594	8612	-0.19	0.0517062398380993
5	1295047	G	T	53	10689	12431	-0.10	0.36728668360565
5	1295047	G	-	3	115	76	0.20	0.678053361676627
5	1295047	G	C	21	551	475	-0.07	0.687980044317267
5	1295047	G	A	255	13952	14354	-0.06	0.218048197206756
5	1295046	T	G	97	4147	6397	0.65	2.05944476218643e-13
5	1295046	T	-	62	2252	2363	0.24	0.0377125726256271
5	1295046	T	C	1044	52511	55052	-0.10	0.000148446140557881
5	1295046	T	A	353	20715	21448	-0.06	0.139307768168813
5	1295045	C	T	317	21154	20029	-0.16	0.000670095371361108
5	1295045	C	G	42	1137	1048	-0.23	0.0653038593215832
5	1295045	C	-	21	415	396	0.03	0.877590038928698
5	1295045	C	A	199	13975	11904	-0.28	1.68522792091147e-06
5	1295044	C	T	512	34939	36803	-0.02	0.562464530665131
5	1295044	C	G	28	4114	6034	0.24	0.120699832808269
5	1295044	C	-	1	4	11	0.08	0.930705660229785
5	1295044	C	A	121	9357	11501	0.01	0.887964584586642
5	1295043	G	T	95	5065	8708	0.81	8.30211790401321e-22
5	1295043	G	-	4	338	274	-0.05	0.897134470348872
5	1295043	G	C	284	12943	12723	-0.13	0.0100897509715
5	1295043	G	A	947	68012	73841	-0.21	2.41453690873518e-15
5	1295042	T	G	89	5950	7085	0.01	0.949103580058966
5	1295042	T	-	15	1212	1205	-0.22	0.361483438191392
5	1295042	T	C	795	41319	44216	0.08	0.00483485115098365
5	1295042	T	A	396	25922	27751	-0.03	0.472046895123564
5	1295041	C	T	492	38328	41222	0.03	0.381265919553079
5	1295041	C	G	30	609	627	-0.11	0.469856360787734
5	1295041	C	-	6	17	31	0.30	0.44853844724939
5	1295041	C	A	89	3971	3655	-0.39	8.95668836849137e-06
5	1295040	G	T	168	12898	15703	0.17	0.00727358591391152
5	1295040	G	-	7	42	28	0.04	0.92132067113011
5	1295040	G	C	227	13587	15312	-0.13	0.0177465092921133
5	1295040	G	A	975	77590	79598	0.03	0.267410831483445
5	1295039	C	T	1068	67959	76976	0.03	0.193999148164128
5	1295039	C	G	182	14954	13636	-0.08	0.200130295380895
5	1295039	C	-	1	2	3	0.47	0.563297340616717
5	1295039	C	A	156	8375	8514	-0.14	0.0330542613212304
5	1295038	G	T	129	7343	7108	-0.19	0.0095388202840357
5	1295038	G	C	77	4985	4998	-0.10	0.275257641787504
5	1295038	G	A	734	48644	50324	0.06	0.0403955394970364
5	1295037	A	T	543	36453	39035	-0.06	0.0849847740231215
5	1295037	A	G	970	60655	71986	0.10	8.11399062653561e-05
5	1295037	A	-	10	141	160	0.23	0.404672314669282
5	1295037	A	C	71	6637	6498	-0.13	0.188557178017378
5	1295036	C	T	526	25046	27938	-0.01	0.811680205964271
5	1295036	C	G	32	1383	1491	0.05	0.712685185996282
5	1295036	C	-	3	9	19	0.53	0.258541870123684
5	1295036	C	A	33	1817	1412	-0.19	0.181619587620331
5	1295035	G	T	197	10685	11389	0.00	0.952358601443597
5	1295035	G	-	3	32	16	-3.14	0.00816730238531518
5	1295035	G	C	241	21476	24273	0.10	0.0565867843210591
5	1295035	G	A	869	58202	62153	-0.01	0.82332387055148
5	1295034	C	T	741	46104	40478	-0.23	5.39890047196723e-14
5	1295034	C	G	128	6821	4897	-0.53	2.96480587682061e-13
5	1295034	C	-	6	84	82	0.47	0.161650554249775
5	1295034	C	A	36	1550	2289	0.45	0.000900519592275848
5	1295033	A	T	313	17566	18474	-0.11	0.0211515442067076
5	1295033	A	G	1323	70075	70107	-0.10	8.68299102222861e-06
5	1295033	A	-	4	178	150	0.24	0.570660075199408
5	1295033	A	C	129	7290	9520	0.09	0.244810501060815
5	1295032	G	T	105	5279	5976	0.22	0.00731566190186955
5	1295032	G	-	16	940	1049	-0.18	0.387563647709053
5	1295032	G	C	51	4202	5381	0.14	0.221658909333736
5	1295032	G	A	261	15137	17369	0.11	0.0336280331894572
5	1295031	G	T	351	16235	19574	-0.03	0.504164889284582
5	1295031	G	-	2	4	4	-0.23	0.781119618298673
5	1295031	G	C	180	14604	11198	-0.62	4.99784410767621e-24
5	1295031	G	A	401	24321	32005	0.19	2.46420812993262e-06
5	1295030	A	T	509	25580	30210	0.11	0.00180192591983372
5	1295030	A	G	808	39883	44392	0.05	0.0645696272659901
5	1295030	A	-	5	45	39	-0.81	0.0349745906451435
5	1295030	A	C	83	6247	9423	0.58	1.48971080493908e-10
5	1295029	C	T	640	44182	59820	0.30	4.9614431082143e-20
5	1295029	C	G	93	6540	7506	0.27	0.00158020069612268
5	1295029	C	-	9	120	139	0.59	0.0291792534962306
5	1295029	C	A	25	477	664	0.41	0.0134299686837487
5	1295028	G	T	145	7663	9760	0.14	0.0455454213858828
5	1295028	G	C	197	17573	22746	0.35	1.86047633057986e-09
5	1295028	G	A	698	65317	74354	0.18	8.82868585495337e-09
5	1295027	A	T	645	42365	44904	-0.05	0.096698730159373
5	1295027	A	G	922	65689	81005	0.11	4.48778960723038e-05
5	1295027	A	-	8	286	297	0.30	0.449156653624695
5	1295027	A	C	83	6991	6399	0.13	0.144697256623753
5	1295026	C	T	565	41525	53955	0.18	3.44886596306498e-07
5	1295026	C	G	85	8008	7050	-0.16	0.0729737540658863
5	1295026	C	-	5	35	46	0.01	0.973884264399207
5	1295026	C	A	65	2466	2702	-0.15	0.152155983436328
5	1295025	G	T	308	13348	15050	-0.01	0.824548945396222
5	1295025	G	-	11	193	113	-0.48	0.121534765926547
5	1295025	G	C	314	17711	17187	-0.21	1.05980360927692e-05
5	1295025	G	A	1157	76796	77812	-0.16	2.90907216001771e-11
5	1295024	C	T	868	58807	68577	0.17	5.1063181103229e-10
5	1295024	C	G	118	8474	11401	0.32	2.01558999682146e-05
5	1295024	C	-	4	55	49	0.30	0.462587817710225
5	1295024	C	A	78	3354	3884	0.26	0.00739948076456012
5	1295023	G	T	70	5976	6751	0.12	0.241194182247872
5	1295023	G	-	6	110	99	0.47	0.156473915196223
5	1295023	G	C	135	5826	6020	-0.01	0.856255245234573
5	1295023	G	A	505	33040	36579	0.08	0.0334446694452879
5	1295022	T	G	162	6353	6284	-0.16	0.0129800310515228
5	1295022	T	-	88	2963	2732	-0.02	0.81253525457088
5	1295022	T	C	886	49886	48536	-0.14	7.83028121394551e-07
5	1295022	T	A	245	17662	18834	-0.14	0.0101836177627903
5	1295021	G	T	91	11789	13593	-0.09	0.328333621063149
5	1295021	G	-	6	42	23	-0.65	0.133055288610268
5	1295021	G	C	264	24648	21956	-0.14	0.00527182646075138
5	1295021	G	A	1250	78112	101257	0.27	1.52235151255049e-31
5	1295020	C	T	1137	74972	94533	0.19	1.37393866122326e-14
5	1295020	C	G	146	9300	8832	-0.05	0.505639053259838
5	1295020	C	-	6	96	62	0.74	0.0308893465344079
5	1295020	C	A	61	3463	3815	-0.10	0.328805272055646
5	1295019	A	T	479	28800	29672	-0.09	0.0142699811926304
5	1295019	A	G	945	53466	69333	0.34	3.03204343230693e-36
5	1295019	A	-	18	321	378	-0.28	0.203922904980212
5	1295019	A	C	266	13341	13191	-0.10	0.038382225096923
5	1295018	C	T	547	20884	25768	0.15	1.96504640932017e-05
5	1295018	C	G	21	2057	1919	-0.49	0.00607990816177421
5	1295018	C	-	251	8724	10125	0.04	0.441310106446188
5	1295018	C	A	67	7185	6312	-0.18	0.0721034334513068
5	1295017	C	T	519	28090	31160	0.03	0.463152700838476
5	1295017	C	G	83	4320	4161	-0.06	0.530074112372916
5	1295017	C	-	1	2	1	0.17	0.868374515674227
5	1295017	C	A	204	11894	14413	0.13	0.0226210175818361
5	1295016	C	T	286	21464	24635	0.02	0.715012412646925
5	1295016	C	G	20	443	444	0.04	0.838041950001383
5	1295016	C	-	5	20	12	-0.33	0.372423010993372
5	1295016	C	A	367	42690	48882	0.11	0.0136111955473911
5	1295015	T	G	259	13326	19082	-0.05	0.288634064614391
5	1295015	T	-	760	30298	32483	-0.01	0.726265276823571
5	1295015	T	C	1789	127449	133231	-0.05	0.00665067030863606
5	1295015	T	A	666	46713	50509	-0.08	0.0203520337566564
5	1295014	T	G	318	20884	23905	0.01	0.889296991168253
5	1295014	T	-	2628	51943	56591	-0.00	0.871073089936612
5	1295014	T	C	38354	2579807	2967593	0.10	3.19065743352066e-87
5	1295014	T	A	935	67003	67669	-0.06	0.0351612863812605
5	1295013	C	T	405	23318	24251	-0.03	0.429240466322796
5	1295013	C	G	44	1764	1992	0.00	0.9831564206576
5	1295013	C	-	9	75	49	-0.46	0.179509247506311
5	1295013	C	A	14	243	283	0.09	0.692723330706637
5	1295012	G	T	95	3351	3254	-0.11	0.190937038621742
5	1295012	G	-	579	30735	32264	-0.02	0.527360874910759
5	1295012	G	C	455	34265	37245	0.03	0.399437799455064
5	1295012	G	A	638	34192	37579	-0.03	0.321128157701957
5	1295011	G	T	40	1111	1032	-0.27	0.0411218047234442
5	1295011	G	-	6	117	101	-0.55	0.111562459103491
5	1295011	G	C	73	3835	3708	-0.02	0.809665513082879
5	1295011	G	A	213	7670	8276	-0.02	0.725387987082739
5	1295010	G	T	215	22029	29550	0.22	9.9005200508991e-05
5	1295010	G	-	6	18	32	1.06	0.00398735328739204
5	1295010	G	C	44	2085	2676	0.12	0.321291575377186
5	1295010	G	A	206	22736	22719	-0.12	0.0396662160770552
5	1295009	A	T	122	12446	16375	0.09	0.235960080515742
5	1295009	A	G	76	10358	10759	0.13	0.173324146726719
5	1295009	A	-	2	2	9	1.21	0.0478327170828494
5	1295009	A	C	48	2692	2881	0.05	0.692974649619732
5	1295008	C	T	215	11764	13126	0.07	0.199372794332007
5	1295008	C	G	12	212	201	-0.37	0.120770477712371
5	1295008	C	-	127	3591	3711	-0.07	0.347444554918034
5	1295008	C	A	34	3949	4561	0.01	0.948078570048084
5	1295007	C	T	427	35321	35679	-0.05	0.175747222944851
5	1295007	C	G	33	6411	7110	-0.09	0.551572881309427
5	1295007	C	-	9	111	118	-0.43	0.151346387978269
5	1295007	C	A	29	2864	2979	0.19	0.220208105138844
5	1295006	G	T	61	1864	1669	0.02	0.862668758859064
5	1295006	G	-	700	28105	34712	-0.03	0.278765468354249
5	1295006	G	C	101	10756	11808	0.01	0.943190416497006
5	1295006	G	A	544	53686	56877	-0.06	0.0655909897430415
5	1295005	G	T	175	9809	8728	-0.29	2.45562404065132e-06
5	1295005	G	-	2	2	2	-0.15	0.853490724573321
5	1295005	G	C	56	1630	2061	0.11	0.328685700582914
5	1295005	G	A	222	16131	18838	0.09	0.0986298761608519
5	1295004	G	T	149	6493	7835	-0.06	0.39447797594491
5	1295004	G	-	3	28	19	-0.70	0.137236623837878
5	1295004	G	C	54	4178	4269	-0.08	0.461136499160365
5	1295004	G	A	371	14031	14343	-0.15	0.000336229712647265
5	1295003	G	T	334	13745	15279	0.09	0.0514804553698343
5	1295003	G	-	4	32	19	1.53	0.00722506289226894
5	1295003	G	C	510	42192	45709	0.02	0.579026155884228
5	1295003	G	A	517	44531	47856	-0.05	0.173496535065781
5	1295002	C	T	402	21339	21409	-0.04	0.320974143194735
5	1295002	C	G	43	2841	3035	0.17	0.189597031386481
5	1295002	C	-	627	29670	30204	-0.08	0.0174671403866044
5	1295002	C	A	137	5665	5952	-0.07	0.313714079463459
5	1295001	C	T	412	35068	38758	0.08	0.0410515741113026
5	1295001	C	G	18	686	563	-0.42	0.0311251488996871
5	1295001	C	A	33	703	682	-0.35	0.015332317840166
5	1295000	G	T	129	5668	6228	0.05	0.516555974367164
5	1295000	G	-	489	18341	20337	0.03	0.354038073842262
5	1295000	G	C	248	17931	20451	-0.05	0.318990514274178
5	1295000	G	A	438	18791	20794	0.05	0.179923669045267
5	1294999	G	T	50	2554	2600	-0.14	0.267910624386421
5	1294999	G	-	4	43	27	-1.77	0.144924315045425
5	1294999	G	C	45	931	947	-0.43	0.000546865469507297
5	1294999	G	A	77	5832	7380	0.05	0.575621165141648
5	1294998	T	G	41	4531	4935	0.12	0.361058765106339
5	1294998	T	-	4	60	84	0.42	0.308481215265215
5	1294998	T	C	86	4820	5003	-0.14	0.107621537137932
5	1294998	T	A	60	1349	1610	-0.09	0.378376137542456
5	1294997	G	T	132	5516	6357	-0.03	0.65820468889118
5	1294997	G	-	2749	103064	111247	-0.05	0.00320919380804022
5	1294997	G	C	162	11285	11580	0.11	0.092869717805413
5	1294997	G	A	773	39128	44429	0.07	0.0176390976364557
5	1294996	G	T	880	46105	44113	-0.25	5.83871118842959e-19
5	1294996	G	-	3	86	101	0.91	0.114941914557508
5	1294996	G	C	227	14209	13284	-0.26	1.7737517447505e-06
5	1294996	G	A	706	41902	41631	-0.11	0.000253554228295597
5	1294995	G	T	876	57093	63030	0.06	0.027715984813825
5	1294995	G	-	6	144	163	0.19	0.572793188309463
5	1294995	G	C	238	22121	26496	0.12	0.0220851187354845
5	1294995	G	A	541	42172	40130	0.03	0.408621706733473
5	1294994	G	T	787	50034	54124	-0.01	0.691202901375648
5	1294994	G	-	9	369	265	-0.71	0.0350728125547894
5	1294994	G	C	202	14851	18158	0.05	0.405764142770109
5	1294994	G	A	496	28032	29499	-0.01	0.702988822785185
5	1294993	G	T	922	58366	65421	0.04	0.183812396129748
5	1294993	G	-	9	548	674	0.21	0.509868420909398
5	1294993	G	C	194	14193	14041	-0.03	0.577940901590755
5	1294993	G	A	404	21411	21760	-0.06	0.135167492910391
5	1294992	C	T	1559	97647	102900	-0.03	0.145802610263392
5	1294992	C	G	51	1645	2042	-0.05	0.685843154708205
5	1294992	C	-	17	465	445	-0.22	0.283314493240123
5	1294992	C	A	92	5415	5288	-0.31	0.000264303840392278
5	1294991	G	T	617	45824	48959	0.16	8.10810672516991e-06
5	1294991	G	-	27	819	1600	0.45	0.00724924230061944
5	1294991	G	C	498	34634	39792	-0.02	0.680847787311092
5	1294991	G	A	559	46663	50068	0.04	0.302216050481928
5	1294990	C	T	1907	122291	136092	-0.04	0.0247341647340365
5	1294990	C	G	2	12	22	0.05	0.938302517281346
5	1294990	C	-	176	5572	5808	-0.13	0.0354789949818466
5	1294990	C	A	90	7937	8145	-0.03	0.71075942791083
5	1294989	T	G	47	1028	1082	-0.05	0.669439241282188
5	1294989	T	-	92	1143	1249	0.24	0.00844019410576816
5	1294989	T	C	235	19307	20050	0.01	0.821366175841403
5	1294989	T	A	52	1582	1654	0.11	0.338436944286145
