ClinVar_ID,Position_GRCh38,Ref,Alt,HGVS_c,HGVS_p,Category,ClinVar_Significance,ARCHCODE_SSIM,ARCHCODE_LSSIM,ARCHCODE_DeltaInsulation,ARCHCODE_LoopIntegrity,ARCHCODE_Verdict,VEP_Consequence,VEP_Score,VEP_Impact,SIFT_Score,SIFT_Prediction,VEP_Interpretation,Pearl,Discordance,Mechanism_Insight,Label,Source,CADD_Phred,Effect_Source
VCV001292695,48791049,.,.,c.-19-42=,,intronic,Benign,1,0.9999,0.0032,0,BENIGN,,-1,,-1,,,false,NO_VEP,"Structural-only assessment (LSSIM=1.000, global SSIM=1.000). VEP not available for this locus.",Benign,ClinVar_Benign,-1,RANDOM
VCV003032772,48791079,.,.,c.-19-12C>T,,intronic,Likely benign,1,0.9998,0.0044,0,BENIGN,,-1,,-1,,,false,NO_VEP,"Structural-only assessment (LSSIM=1.000, global SSIM=1.000). VEP not available for this locus.",Benign,ClinVar_Benign,-1,RANDOM
VCV000258540,48791086,.,.,c.-19-5C>T,,intronic,Likely benign,0.9996,0.9973,0.0174,0,BENIGN,,-1,,-1,,,false,NO_VEP,"Structural-only assessment (LSSIM=0.997, global SSIM=1.000). VEP not available for this locus.",Benign,ClinVar_Benign,-1,RANDOM
VCV003344400,48791089,.,.,c.-19-2A>G,,splice,Pathogenic,0.9991,0.994,0.026,0,BENIGN,,-1,,-1,,,false,NO_VEP,"Structural-only assessment (LSSIM=0.994, global SSIM=0.999). VEP not available for this locus.",Pathogenic,ClinVar_Pathogenic,-1,RANDOM
VCV004531320,48791090,.,.,c.-19-1G>T,,splice,Likely pathogenic,0.9998,0.9985,0.0129,0,BENIGN,,-1,,-1,,,false,NO_VEP,"Structural-only assessment (LSSIM=0.999, global SSIM=1.000). VEP not available for this locus.",Pathogenic,ClinVar_Pathogenic,-1,RANDOM
VCV000156265,48791111,.,.,c.2T>C,p.Met1Thr,missense,Pathogenic,0.9997,0.9979,0.015,0,BENIGN,,-1,,-1,,,false,NO_VEP,"Structural-only assessment (LSSIM=0.998, global SSIM=1.000). VEP not available for this locus.",Pathogenic,ClinVar_Pathogenic,-1,RANDOM
VCV003773835,48791112,.,.,c.3G>C,p.Met1Ile,missense,Pathogenic,0.9996,0.9973,0.0174,0,BENIGN,,-1,,-1,,,false,NO_VEP,"Structural-only assessment (LSSIM=0.997, global SSIM=1.000). VEP not available for this locus.",Pathogenic,ClinVar_Pathogenic,-1,RANDOM
VCV001068653,48791112,.,.,c.3G>T,p.Met1Ile,missense,Pathogenic,0.9997,0.9977,0.0159,0,BENIGN,,-1,,-1,,,false,NO_VEP,"Structural-only assessment (LSSIM=0.998, global SSIM=1.000). VEP not available for this locus.",Pathogenic,ClinVar_Pathogenic,-1,RANDOM
VCV003748095,48791130,.,.,c.21G>A,p.Gly7=,synonymous,Likely benign,1,0.9998,0.0052,0,BENIGN,,-1,,-1,,,false,NO_VEP,"Structural-only assessment (LSSIM=1.000, global SSIM=1.000). VEP not available for this locus.",Benign,ClinVar_Benign,-1,RANDOM
VCV000952388,48791144,.,.,c.35C>G,p.Ser12Ter,nonsense,Pathogenic/Likely pathogenic,0.9986,0.9905,0.0321,0,BENIGN,,-1,,-1,,,false,NO_VEP,"Structural-only assessment (LSSIM=0.991, global SSIM=0.999). VEP not available for this locus.",Pathogenic,ClinVar_Pathogenic,-1,RANDOM
VCV001596225,48791148,.,.,c.39G>A,p.Glu13=,synonymous,Likely benign,0.9995,0.9966,0.0194,0,BENIGN,,-1,,-1,,,false,NO_VEP,"Structural-only assessment (LSSIM=0.997, global SSIM=1.000). VEP not available for this locus.",Benign,ClinVar_Benign,-1,RANDOM
VCV002928606,48791157,.,.,c.48C>A,p.Pro16=,synonymous,Likely benign,1,0.9999,0.0031,0,BENIGN,,-1,,-1,,,false,NO_VEP,"Structural-only assessment (LSSIM=1.000, global SSIM=1.000). VEP not available for this locus.",Benign,ClinVar_Benign,-1,RANDOM
VCV000945515,48791158,.,.,c.49C>T,p.Gln17Ter,nonsense,Pathogenic,0.9996,0.9973,0.0171,0,BENIGN,,-1,,-1,,,false,NO_VEP,"Structural-only assessment (LSSIM=0.997, global SSIM=1.000). VEP not available for this locus.",Pathogenic,ClinVar_Pathogenic,-1,RANDOM
VCV000533697,48791173,.,.,c.64G>A,p.Ala22Thr,missense,Benign,0.9999,0.9995,0.0076,0,BENIGN,,-1,,-1,,,false,NO_VEP,"Structural-only assessment (LSSIM=0.999, global SSIM=1.000). VEP not available for this locus.",Benign,ClinVar_Benign,-1,RANDOM
VCV001951191,48791174,.,.,c.65C>G,p.Ala22Gly,missense,Benign/Likely benign,0.9998,0.9989,0.0112,0,BENIGN,,-1,,-1,,,false,NO_VEP,"Structural-only assessment (LSSIM=0.999, global SSIM=1.000). VEP not available for this locus.",Benign,ClinVar_Benign,-1,RANDOM
VCV000465134,48791198,.,.,c.89C>G,p.Ser30Ter,nonsense,Pathogenic,0.9994,0.9957,0.022,0,BENIGN,,-1,,-1,,,false,NO_VEP,"Structural-only assessment (LSSIM=0.996, global SSIM=0.999). VEP not available for this locus.",Pathogenic,ClinVar_Pathogenic,-1,RANDOM
VCV002951756,48791202,.,.,c.93G>A,p.Gly31=,synonymous,Likely benign,1,0.9998,0.0046,0,BENIGN,,-1,,-1,,,false,NO_VEP,"Structural-only assessment (LSSIM=1.000, global SSIM=1.000). VEP not available for this locus.",Benign,ClinVar_Benign,-1,RANDOM
VCV000697339,48791202,.,.,c.93G>T,p.Gly31=,synonymous,Conflicting classifications of pathogenicity,0.9995,0.9965,0.02,0,BENIGN,,-1,,-1,,,false,NO_VEP,"Structural-only assessment (LSSIM=0.996, global SSIM=0.999). VEP not available for this locus.",Pathogenic,ClinVar_Pathogenic,-1,RANDOM
VCV000465135,48791203,.,.,c.94G>A,p.Val32Ile,missense,Conflicting classifications of pathogenicity,0.9992,0.9944,0.0249,0,BENIGN,,-1,,-1,,,false,NO_VEP,"Structural-only assessment (LSSIM=0.994, global SSIM=0.999). VEP not available for this locus.",Pathogenic,ClinVar_Pathogenic,-1,RANDOM
VCV000435275,48791222,.,.,c.113C>T,p.Pro38Leu,missense,Benign/Likely benign,0.9999,0.9996,0.0064,0,BENIGN,,-1,,-1,,,false,NO_VEP,"Structural-only assessment (LSSIM=1.000, global SSIM=1.000). VEP not available for this locus.",Benign,ClinVar_Benign,-1,RANDOM
VCV001153013,48791256,.,.,c.147C>A,p.Ala49=,synonymous,Likely benign,0.9996,0.9971,0.018,0,BENIGN,,-1,,-1,,,false,NO_VEP,"Structural-only assessment (LSSIM=0.997, global SSIM=1.000). VEP not available for this locus.",Benign,ClinVar_Benign,-1,RANDOM
VCV000767299,48791259,.,.,c.150G>A,p.Pro50=,synonymous,Likely benign,0.9992,0.9945,0.0246,0,BENIGN,,-1,,-1,,,false,NO_VEP,"Structural-only assessment (LSSIM=0.994, global SSIM=0.999). VEP not available for this locus.",Benign,ClinVar_Benign,-1,RANDOM
VCV002199274,48791265,.,.,c.156A>C,p.Thr52=,synonymous,Likely benign,0.9994,0.9961,0.0215,0,BENIGN,,-1,,-1,,,false,NO_VEP,"Structural-only assessment (LSSIM=0.996, global SSIM=0.999). VEP not available for this locus.",Benign,ClinVar_Benign,-1,RANDOM
VCV001575197,48791267,.,.,c.158C>A,p.Ala53Asp,missense,Benign,1,0.9998,0.0052,0,BENIGN,,-1,,-1,,,false,NO_VEP,"Structural-only assessment (LSSIM=1.000, global SSIM=1.000). VEP not available for this locus.",Benign,ClinVar_Benign,-1,RANDOM
VCV004793138,48791271,.,.,c.162C>T,p.Thr54=,synonymous,Likely benign,0.9996,0.9975,0.0169,0,BENIGN,,-1,,-1,,,false,NO_VEP,"Structural-only assessment (LSSIM=0.997, global SSIM=1.000). VEP not available for this locus.",Benign,ClinVar_Benign,-1,RANDOM
VCV000134462,48791272,.,.,c.163G>A,p.Ala55Thr,missense,Benign,0.999,0.9934,0.0272,0,BENIGN,,-1,,-1,,,false,NO_VEP,"Structural-only assessment (LSSIM=0.993, global SSIM=0.999). VEP not available for this locus.",Benign,ClinVar_Benign,-1,RANDOM
VCV001167646,48791282,.,.,c.173C>T,p.Ala58Val,missense,Conflicting classifications of pathogenicity,0.999,0.9934,0.0269,0,BENIGN,,-1,,-1,,,false,NO_VEP,"Structural-only assessment (LSSIM=0.993, global SSIM=0.999). VEP not available for this locus.",Pathogenic,ClinVar_Pathogenic,-1,RANDOM
VCV000258542,48791283,.,.,c.174G>A,p.Ala58=,synonymous,Benign/Likely benign,0.9999,0.9995,0.0071,0,BENIGN,,-1,,-1,,,false,NO_VEP,"Structural-only assessment (LSSIM=1.000, global SSIM=1.000). VEP not available for this locus.",Benign,ClinVar_Benign,-1,RANDOM
VCV002941504,48791295,.,.,c.186C>G,p.Tyr62Ter,nonsense,Pathogenic,0.9994,0.9956,0.022,0,BENIGN,,-1,,-1,,,false,NO_VEP,"Structural-only assessment (LSSIM=0.996, global SSIM=0.999). VEP not available for this locus.",Pathogenic,ClinVar_Pathogenic,-1,RANDOM
VCV002634432,48791298,.,.,c.189C>A,p.Tyr63Ter,nonsense,Likely pathogenic,0.9999,0.9997,0.0062,0,BENIGN,,-1,,-1,,,false,NO_VEP,"Structural-only assessment (LSSIM=1.000, global SSIM=1.000). VEP not available for this locus.",Pathogenic,ClinVar_Pathogenic,-1,RANDOM
VCV001156597,48791301,.,.,c.192G>A,p.Arg64=,synonymous,Likely benign,0.9998,0.9989,0.0111,0,BENIGN,,-1,,-1,,,false,NO_VEP,"Structural-only assessment (LSSIM=0.999, global SSIM=1.000). VEP not available for this locus.",Benign,ClinVar_Benign,-1,RANDOM
VCV002634504,48791305,.,.,c.196G>A,p.Ala66Thr,missense,Conflicting classifications of pathogenicity,0.9994,0.9957,0.0217,0,BENIGN,,-1,,-1,,,false,NO_VEP,"Structural-only assessment (LSSIM=0.996, global SSIM=0.999). VEP not available for this locus.",Pathogenic,ClinVar_Pathogenic,-1,RANDOM
VCV000695994,48791310,.,.,c.201G>A,p.Glu67=,synonymous,Benign/Likely benign,1,0.9997,0.0052,0,BENIGN,,-1,,-1,,,false,NO_VEP,"Structural-only assessment (LSSIM=1.000, global SSIM=1.000). VEP not available for this locus.",Benign,ClinVar_Benign,-1,RANDOM
VCV000793730,48791316,.,.,c.207C>T,p.Tyr69=,synonymous,Likely benign,0.9994,0.9962,0.0204,0,BENIGN,,-1,,-1,,,false,NO_VEP,"Structural-only assessment (LSSIM=0.996, global SSIM=0.999). VEP not available for this locus.",Benign,ClinVar_Benign,-1,RANDOM
VCV001909155,48791319,.,.,c.210A>G,p.Arg70=,synonymous,Likely benign,0.999,0.9935,0.0271,0,BENIGN,,-1,,-1,,,false,NO_VEP,"Structural-only assessment (LSSIM=0.993, global SSIM=0.999). VEP not available for this locus.",Benign,ClinVar_Benign,-1,RANDOM
VCV001616386,48791321,.,.,c.212A>C,p.His71Pro,missense,Benign/Likely benign,0.9994,0.9961,0.021,0,BENIGN,,-1,,-1,,,false,NO_VEP,"Structural-only assessment (LSSIM=0.996, global SSIM=0.999). VEP not available for this locus.",Benign,ClinVar_Benign,-1,RANDOM
VCV000533696,48791321,.,.,c.212A>G,p.His71Arg,missense,Benign,0.9996,0.9972,0.0177,0,BENIGN,,-1,,-1,,,false,NO_VEP,"Structural-only assessment (LSSIM=0.997, global SSIM=1.000). VEP not available for this locus.",Benign,ClinVar_Benign,-1,RANDOM
VCV001541439,48791325,.,.,c.216C>T,p.Ser72=,synonymous,Likely benign,0.9999,0.9991,0.01,0,BENIGN,,-1,,-1,,,false,NO_VEP,"Structural-only assessment (LSSIM=0.999, global SSIM=1.000). VEP not available for this locus.",Benign,ClinVar_Benign,-1,RANDOM
VCV000998076,48791328,.,.,c.219A>G,p.Pro73=,synonymous,Pathogenic,0.9998,0.999,0.0105,0,BENIGN,,-1,,-1,,,false,NO_VEP,"Structural-only assessment (LSSIM=0.999, global SSIM=1.000). VEP not available for this locus.",Pathogenic,ClinVar_Pathogenic,-1,RANDOM
VCV003377318,48791329,.,.,c.220G>A,p.Val74Ile,missense,Conflicting classifications of pathogenicity,0.9998,0.9988,0.0115,0,BENIGN,,-1,,-1,,,false,NO_VEP,"Structural-only assessment (LSSIM=0.999, global SSIM=1.000). VEP not available for this locus.",Pathogenic,ClinVar_Pathogenic,-1,RANDOM
VCV000156266,48791329,.,.,c.220G>C,p.Val74Leu,missense,Pathogenic,0.9999,0.9994,0.0085,0,BENIGN,,-1,,-1,,,false,NO_VEP,"Structural-only assessment (LSSIM=0.999, global SSIM=1.000). VEP not available for this locus.",Pathogenic,ClinVar_Pathogenic,-1,RANDOM
VCV002952846,48791330,.,.,c.220+1G>T,,splice,Pathogenic,0.9997,0.9977,0.0159,0,BENIGN,,-1,,-1,,,false,NO_VEP,"Structural-only assessment (LSSIM=0.998, global SSIM=1.000). VEP not available for this locus.",Pathogenic,ClinVar_Pathogenic,-1,RANDOM
VCV000956466,48791330,.,.,c.220+1G>A,,splice,Pathogenic,0.9997,0.9983,0.0135,0,BENIGN,,-1,,-1,,,false,NO_VEP,"Structural-only assessment (LSSIM=0.998, global SSIM=1.000). VEP not available for this locus.",Pathogenic,ClinVar_Pathogenic,-1,RANDOM
VCV000567419,48791330,.,.,c.220+1G>C,,splice,Pathogenic,0.9986,0.9909,0.0316,0,BENIGN,,-1,,-1,,,false,NO_VEP,"Structural-only assessment (LSSIM=0.991, global SSIM=0.999). VEP not available for this locus.",Pathogenic,ClinVar_Pathogenic,-1,RANDOM
VCV001705970,48791331,.,.,c.220+2T>C,,splice,Pathogenic/Likely pathogenic,0.9999,0.9992,0.0096,0,BENIGN,,-1,,-1,,,false,NO_VEP,"Structural-only assessment (LSSIM=0.999, global SSIM=1.000). VEP not available for this locus.",Pathogenic,ClinVar_Pathogenic,-1,RANDOM
VCV001116465,48791339,.,.,c.220+10T>C,,intronic,Likely benign,0.9996,0.9975,0.0168,0,BENIGN,,-1,,-1,,,false,NO_VEP,"Structural-only assessment (LSSIM=0.998, global SSIM=1.000). VEP not available for this locus.",Benign,ClinVar_Benign,-1,RANDOM
VCV001555730,48791341,.,.,c.220+12G>A,,intronic,Likely benign,0.9997,0.9977,0.0159,0,BENIGN,,-1,,-1,,,false,NO_VEP,"Structural-only assessment (LSSIM=0.998, global SSIM=1.000). VEP not available for this locus.",Benign,ClinVar_Benign,-1,RANDOM
VCV001548002,48791342,.,.,c.220+13A>C,,intronic,Likely benign,0.9999,0.999,0.0104,0,BENIGN,,-1,,-1,,,false,NO_VEP,"Structural-only assessment (LSSIM=0.999, global SSIM=1.000). VEP not available for this locus.",Benign,ClinVar_Benign,-1,RANDOM
VCV003750869,48791345,.,.,c.220+16G>A,,intronic,Likely benign,0.9998,0.9989,0.0112,0,BENIGN,,-1,,-1,,,false,NO_VEP,"Structural-only assessment (LSSIM=0.999, global SSIM=1.000). VEP not available for this locus.",Benign,ClinVar_Benign,-1,RANDOM
VCV001585609,48791346,.,.,c.220+17G>T,,intronic,Likely benign,0.9998,0.9987,0.0121,0,BENIGN,,-1,,-1,,,false,NO_VEP,"Structural-only assessment (LSSIM=0.999, global SSIM=1.000). VEP not available for this locus.",Benign,ClinVar_Benign,-1,RANDOM
VCV002922500,48791824,.,.,c.221-20T>A,,intronic,Benign,0.9998,0.9985,0.0137,0,BENIGN,,-1,,-1,,,false,NO_VEP,"Structural-only assessment (LSSIM=0.998, global SSIM=1.000). VEP not available for this locus.",Benign,ClinVar_Benign,-1,RANDOM
VCV003761919,48791854,.,.,c.231G>A,p.Val77=,synonymous,Likely benign,0.9995,0.9965,0.0204,0,BENIGN,,-1,,-1,,,false,NO_VEP,"Structural-only assessment (LSSIM=0.996, global SSIM=0.999). VEP not available for this locus.",Benign,ClinVar_Benign,-1,RANDOM
VCV002085345,48791857,.,.,c.234C>T,p.Tyr78=,synonymous,Likely benign,0.9996,0.9976,0.0171,0,BENIGN,,-1,,-1,,,false,NO_VEP,"Structural-only assessment (LSSIM=0.998, global SSIM=1.000). VEP not available for this locus.",Benign,ClinVar_Benign,-1,RANDOM
VCV001548869,48791860,.,.,c.237A>G,p.Pro79=,synonymous,Likely benign,0.999,0.9932,0.0288,0,BENIGN,,-1,,-1,,,false,NO_VEP,"Structural-only assessment (LSSIM=0.993, global SSIM=0.999). VEP not available for this locus.",Benign,ClinVar_Benign,-1,RANDOM
VCV003753134,48791878,.,.,c.255G>A,p.Glu85=,synonymous,Likely benign,0.9994,0.9957,0.0226,0,BENIGN,,-1,,-1,,,false,NO_VEP,"Structural-only assessment (LSSIM=0.996, global SSIM=0.999). VEP not available for this locus.",Benign,ClinVar_Benign,-1,RANDOM
VCV002921606,48791881,.,.,c.258G>T,p.Gly86=,synonymous,Likely benign,0.9995,0.9967,0.0198,0,BENIGN,,-1,,-1,,,false,NO_VEP,"Structural-only assessment (LSSIM=0.997, global SSIM=1.000). VEP not available for this locus.",Benign,ClinVar_Benign,-1,RANDOM
VCV000861781,48791889,.,.,c.266G>A,p.Gly89Glu,missense,Likely benign,0.9995,0.9964,0.0207,0,BENIGN,,-1,,-1,,,false,NO_VEP,"Structural-only assessment (LSSIM=0.996, global SSIM=0.999). VEP not available for this locus.",Benign,ClinVar_Benign,-1,RANDOM
VCV002924243,48791899,.,.,c.276A>G,p.Pro92=,synonymous,Likely benign,0.9997,0.9977,0.0167,0,BENIGN,,-1,,-1,,,false,NO_VEP,"Structural-only assessment (LSSIM=0.998, global SSIM=1.000). VEP not available for this locus.",Benign,ClinVar_Benign,-1,RANDOM
VCV002933448,48791902,.,.,c.279T>C,p.Tyr93=,synonymous,Likely benign,0.9994,0.9957,0.0227,0,BENIGN,,-1,,-1,,,false,NO_VEP,"Structural-only assessment (LSSIM=0.996, global SSIM=0.999). VEP not available for this locus.",Benign,ClinVar_Benign,-1,RANDOM
VCV000774051,48791905,.,.,c.282C>T,p.Ala94=,synonymous,Likely benign,0.9998,0.999,0.0112,0,BENIGN,,-1,,-1,,,false,NO_VEP,"Structural-only assessment (LSSIM=0.999, global SSIM=1.000). VEP not available for this locus.",Benign,ClinVar_Benign,-1,RANDOM
VCV001018362,48791906,.,.,c.283G>A,p.Gly95Ser,missense,Conflicting classifications of pathogenicity,0.9997,0.998,0.0153,0,BENIGN,,-1,,-1,,,false,NO_VEP,"Structural-only assessment (LSSIM=0.998, global SSIM=1.000). VEP not available for this locus.",Pathogenic,ClinVar_Pathogenic,-1,RANDOM
VCV002183002,48791914,.,.,c.291C>A,p.Ala97=,synonymous,Likely benign,0.9996,0.9976,0.0168,0,BENIGN,,-1,,-1,,,false,NO_VEP,"Structural-only assessment (LSSIM=0.998, global SSIM=1.000). VEP not available for this locus.",Benign,ClinVar_Benign,-1,RANDOM
VCV002947896,48791917,.,.,c.294C>T,p.Tyr98=,synonymous,Likely benign,0.9989,0.9923,0.0305,0,BENIGN,,-1,,-1,,,false,NO_VEP,"Structural-only assessment (LSSIM=0.992, global SSIM=0.999). VEP not available for this locus.",Benign,ClinVar_Benign,-1,RANDOM
VCV001601793,48791918,.,.,c.295G>A,p.Gly99Ser,missense,Benign,0.9991,0.9939,0.0273,0,BENIGN,,-1,,-1,,,false,NO_VEP,"Structural-only assessment (LSSIM=0.994, global SSIM=0.999). VEP not available for this locus.",Benign,ClinVar_Benign,-1,RANDOM
VCV003752678,48791926,.,.,c.303G>A,p.Thr101=,synonymous,Likely benign,0.9995,0.9963,0.0213,0,BENIGN,,-1,,-1,,,false,NO_VEP,"Structural-only assessment (LSSIM=0.996, global SSIM=0.999). VEP not available for this locus.",Benign,ClinVar_Benign,-1,RANDOM
VCV002028527,48791950,.,.,c.327G>A,p.Val109=,synonymous,Likely benign,1,0.9999,0.0036,0,BENIGN,,-1,,-1,,,false,NO_VEP,"Structural-only assessment (LSSIM=1.000, global SSIM=1.000). VEP not available for this locus.",Benign,ClinVar_Benign,-1,RANDOM
VCV000952347,48791960,.,.,c.337C>T,p.Arg113Cys,missense,Likely benign,0.9995,0.9965,0.0206,0,BENIGN,,-1,,-1,,,false,NO_VEP,"Structural-only assessment (LSSIM=0.997, global SSIM=0.999). VEP not available for this locus.",Benign,ClinVar_Benign,-1,RANDOM
VCV002033904,48791961,.,.,c.338G>A,p.Arg113His,missense,Conflicting classifications of pathogenicity,0.999,0.9935,0.0276,0,BENIGN,,-1,,-1,,,false,NO_VEP,"Structural-only assessment (LSSIM=0.993, global SSIM=0.999). VEP not available for this locus.",Pathogenic,ClinVar_Pathogenic,-1,RANDOM
VCV000999248,48791961,.,.,c.338G>T,p.Arg113Leu,missense,Likely benign,0.9998,0.9984,0.0139,0,BENIGN,,-1,,-1,,,false,NO_VEP,"Structural-only assessment (LSSIM=0.998, global SSIM=1.000). VEP not available for this locus.",Benign,ClinVar_Benign,-1,RANDOM
VCV001991040,48791962,.,.,c.339C>T,p.Arg113=,synonymous,Benign,0.9999,0.9992,0.01,0,BENIGN,,-1,,-1,,,false,NO_VEP,"Structural-only assessment (LSSIM=0.999, global SSIM=1.000). VEP not available for this locus.",Benign,ClinVar_Benign,-1,RANDOM
VCV002082310,48791963,.,.,c.340G>A,p.Glu114Lys,missense,Conflicting classifications of pathogenicity,0.9998,0.9984,0.014,0,BENIGN,,-1,,-1,,,false,NO_VEP,"Structural-only assessment (LSSIM=0.998, global SSIM=1.000). VEP not available for this locus.",Pathogenic,ClinVar_Pathogenic,-1,RANDOM
VCV001461665,48791966,.,.,c.343G>T,p.Asp115Tyr,missense,Likely benign,0.9994,0.9961,0.0218,0,BENIGN,,-1,,-1,,,false,NO_VEP,"Structural-only assessment (LSSIM=0.996, global SSIM=0.999). VEP not available for this locus.",Benign,ClinVar_Benign,-1,RANDOM
VCV002953110,48791968,.,.,c.345C>T,p.Asp115=,synonymous,Likely benign,0.9996,0.9976,0.0171,0,BENIGN,,-1,,-1,,,false,NO_VEP,"Structural-only assessment (LSSIM=0.998, global SSIM=1.000). VEP not available for this locus.",Benign,ClinVar_Benign,-1,RANDOM
VCV001088052,48791983,.,.,c.360C>T,p.Ala120=,synonymous,Likely benign,0.9998,0.9985,0.0133,0,BENIGN,,-1,,-1,,,false,NO_VEP,"Structural-only assessment (LSSIM=0.999, global SSIM=1.000). VEP not available for this locus.",Benign,ClinVar_Benign,-1,RANDOM
VCV000699558,48791984,.,.,c.361G>A,p.Val121Met,missense,Benign,0.999,0.9929,0.0291,0,BENIGN,,-1,,-1,,,false,NO_VEP,"Structural-only assessment (LSSIM=0.993, global SSIM=0.999). VEP not available for this locus.",Benign,ClinVar_Benign,-1,RANDOM
VCV002936412,48791987,.,.,c.364G>A,p.Glu122Lys,missense,Conflicting classifications of pathogenicity,0.9991,0.9939,0.0273,0,BENIGN,,-1,,-1,,,false,NO_VEP,"Structural-only assessment (LSSIM=0.994, global SSIM=0.999). VEP not available for this locus.",Pathogenic,ClinVar_Pathogenic,-1,RANDOM
VCV002924661,48791995,.,.,c.372G>A,p.Leu124=,synonymous,Likely benign,1,0.9998,0.0048,0,BENIGN,,-1,,-1,,,false,NO_VEP,"Structural-only assessment (LSSIM=1.000, global SSIM=1.000). VEP not available for this locus.",Benign,ClinVar_Benign,-1,RANDOM
VCV004783838,48791998,.,.,c.375T>C,p.Asp125=,synonymous,Likely benign,0.9998,0.9987,0.0127,0,BENIGN,,-1,,-1,,,false,NO_VEP,"Structural-only assessment (LSSIM=0.999, global SSIM=1.000). VEP not available for this locus.",Benign,ClinVar_Benign,-1,RANDOM
VCV001584082,48792020,.,.,c.397C>T,p.Leu133=,synonymous,Likely benign,1,0.9997,0.006,0,BENIGN,,-1,,-1,,,false,NO_VEP,"Structural-only assessment (LSSIM=1.000, global SSIM=1.000). VEP not available for this locus.",Benign,ClinVar_Benign,-1,RANDOM
VCV003758289,48792025,.,.,c.402G>C,p.Glu134Asp,missense,Conflicting classifications of pathogenicity,0.9999,0.9993,0.0092,0,BENIGN,,-1,,-1,,,false,NO_VEP,"Structural-only assessment (LSSIM=0.999, global SSIM=1.000). VEP not available for this locus.",Pathogenic,ClinVar_Pathogenic,-1,RANDOM
VCV002056596,48792055,.,.,c.432C>T,p.Asp144=,synonymous,Benign,1,0.9998,0.0053,0,BENIGN,,-1,,-1,,,false,NO_VEP,"Structural-only assessment (LSSIM=1.000, global SSIM=1.000). VEP not available for this locus.",Benign,ClinVar_Benign,-1,RANDOM
VCV000406678,48792102,.,.,c.479A>G,p.Asn160Ser,missense,Benign,0.9998,0.9984,0.0142,0,BENIGN,,-1,,-1,,,false,NO_VEP,"Structural-only assessment (LSSIM=0.998, global SSIM=1.000). VEP not available for this locus.",Benign,ClinVar_Benign,-1,RANDOM
VCV001628277,48792103,.,.,c.480T>C,p.Asn160=,synonymous,Likely benign,0.9993,0.9953,0.0236,0,BENIGN,,-1,,-1,,,false,NO_VEP,"Structural-only assessment (LSSIM=0.995, global SSIM=0.999). VEP not available for this locus.",Benign,ClinVar_Benign,-1,RANDOM
VCV001350611,48792105,.,.,c.482G>C,p.Ser161Thr,missense,Likely benign,0.9995,0.9969,0.0195,0,BENIGN,,-1,,-1,,,false,NO_VEP,"Structural-only assessment (LSSIM=0.997, global SSIM=1.000). VEP not available for this locus.",Benign,ClinVar_Benign,-1,RANDOM
VCV000706784,48792124,.,.,c.501C>T,p.Asp167=,synonymous,Likely benign,0.9991,0.9942,0.0263,0,BENIGN,,-1,,-1,,,false,NO_VEP,"Structural-only assessment (LSSIM=0.994, global SSIM=0.999). VEP not available for this locus.",Benign,ClinVar_Benign,-1,RANDOM
VCV002432044,48792130,.,.,c.507C>T,p.Ser169=,synonymous,Conflicting classifications of pathogenicity,0.9999,0.9992,0.0095,0,BENIGN,,-1,,-1,,,false,NO_VEP,"Structural-only assessment (LSSIM=0.999, global SSIM=1.000). VEP not available for this locus.",Pathogenic,ClinVar_Pathogenic,-1,RANDOM
VCV002949382,48792151,.,.,c.528C>T,p.Thr176=,synonymous,Likely benign,0.9992,0.9947,0.0251,0,BENIGN,,-1,,-1,,,false,NO_VEP,"Structural-only assessment (LSSIM=0.995, global SSIM=0.999). VEP not available for this locus.",Benign,ClinVar_Benign,-1,RANDOM
VCV003758286,48792154,.,.,c.531G>A,p.Gly177=,synonymous,Likely benign,1,0.9997,0.0063,0,BENIGN,,-1,,-1,,,false,NO_VEP,"Structural-only assessment (LSSIM=1.000, global SSIM=1.000). VEP not available for this locus.",Benign,ClinVar_Benign,-1,RANDOM
VCV001132744,48792157,.,.,c.534C>A,p.Ser178Arg,missense,Likely benign,1,0.9998,0.0053,0,BENIGN,,-1,,-1,,,false,NO_VEP,"Structural-only assessment (LSSIM=1.000, global SSIM=1.000). VEP not available for this locus.",Benign,ClinVar_Benign,-1,RANDOM
VCV001617980,48792184,.,.,c.561T>C,p.Ser187=,synonymous,Likely benign,1,0.9997,0.0058,0,BENIGN,,-1,,-1,,,false,NO_VEP,"Structural-only assessment (LSSIM=1.000, global SSIM=1.000). VEP not available for this locus.",Benign,ClinVar_Benign,-1,RANDOM
VCV000696057,48792194,.,.,c.571C>T,p.Arg191Cys,missense,Conflicting classifications of pathogenicity,0.9989,0.9923,0.0302,0,BENIGN,,-1,,-1,,,false,NO_VEP,"Structural-only assessment (LSSIM=0.992, global SSIM=0.999). VEP not available for this locus.",Pathogenic,ClinVar_Pathogenic,-1,RANDOM
VCV003057125,48792196,.,.,c.573T>C,p.Arg191=,synonymous,Likely benign,0.9989,0.9927,0.0295,0,BENIGN,,-1,,-1,,,false,NO_VEP,"Structural-only assessment (LSSIM=0.993, global SSIM=0.999). VEP not available for this locus.",Benign,ClinVar_Benign,-1,RANDOM
VCV002941368,48792202,.,.,c.579T>C,p.Thr193=,synonymous,Likely benign,0.9997,0.998,0.0154,0,BENIGN,,-1,,-1,,,false,NO_VEP,"Structural-only assessment (LSSIM=0.998, global SSIM=1.000). VEP not available for this locus.",Benign,ClinVar_Benign,-1,RANDOM
VCV001168149,48792217,.,.,c.594C>A,p.Pro198=,synonymous,Benign,1,0.9999,0.0033,0,BENIGN,,-1,,-1,,,false,NO_VEP,"Structural-only assessment (LSSIM=1.000, global SSIM=1.000). VEP not available for this locus.",Benign,ClinVar_Benign,-1,RANDOM
VCV002504848,48792221,.,.,c.598G>A,p.Glu200Lys,missense,Likely pathogenic,0.9993,0.9955,0.0233,0,BENIGN,,-1,,-1,,,false,NO_VEP,"Structural-only assessment (LSSIM=0.995, global SSIM=0.999). VEP not available for this locus.",Pathogenic,ClinVar_Pathogenic,-1,RANDOM
VCV001169017,48792224,.,.,c.598+3G>A,,intronic,Conflicting classifications of pathogenicity,0.9997,0.9983,0.0145,0,BENIGN,,-1,,-1,,,false,NO_VEP,"Structural-only assessment (LSSIM=0.998, global SSIM=1.000). VEP not available for this locus.",Pathogenic,ClinVar_Pathogenic,-1,RANDOM
VCV002143631,48792235,.,.,c.598+14A>T,,intronic,Likely benign,1,0.9997,0.0058,0,BENIGN,,-1,,-1,,,false,NO_VEP,"Structural-only assessment (LSSIM=1.000, global SSIM=1.000). VEP not available for this locus.",Benign,ClinVar_Benign,-1,RANDOM
VCV004792560,48792238,.,.,c.598+17A>G,,intronic,Likely benign,0.9989,0.9924,0.03,0,BENIGN,,-1,,-1,,,false,NO_VEP,"Structural-only assessment (LSSIM=0.992, global SSIM=0.999). VEP not available for this locus.",Benign,ClinVar_Benign,-1,RANDOM
VCV001628006,48792310,.,.,c.599-13T>C,,intronic,Likely benign,0.9998,0.9988,0.0122,0,BENIGN,,-1,,-1,,,false,NO_VEP,"Structural-only assessment (LSSIM=0.999, global SSIM=1.000). VEP not available for this locus.",Benign,ClinVar_Benign,-1,RANDOM
VCV002691473,48792313,.,.,c.599-10A>G,,intronic,Likely benign,0.9997,0.9983,0.0144,0,BENIGN,,-1,,-1,,,false,NO_VEP,"Structural-only assessment (LSSIM=0.998, global SSIM=1.000). VEP not available for this locus.",Benign,ClinVar_Benign,-1,RANDOM
VCV001563494,48792314,.,.,c.599-9C>T,,intronic,Benign/Likely benign,0.9998,0.9985,0.0132,0,BENIGN,,-1,,-1,,,false,NO_VEP,"Structural-only assessment (LSSIM=0.999, global SSIM=1.000). VEP not available for this locus.",Benign,ClinVar_Benign,-1,RANDOM
VCV001165472,48792324,.,.,c.600G>A,p.Glu200=,synonymous,Benign,0.9996,0.9973,0.0179,0,BENIGN,,-1,,-1,,,false,NO_VEP,"Structural-only assessment (LSSIM=0.997, global SSIM=1.000). VEP not available for this locus.",Benign,ClinVar_Benign,-1,RANDOM
VCV000010423,48792337,.,.,c.613G>A,p.Val205Met,missense,Pathogenic,0.9999,0.9995,0.0076,0,BENIGN,,-1,,-1,,,false,NO_VEP,"Structural-only assessment (LSSIM=1.000, global SSIM=1.000). VEP not available for this locus.",Pathogenic,ClinVar_Pathogenic,-1,RANDOM
VCV000698740,48792345,.,.,c.621C>T,p.Cys207=,synonymous,Likely benign,0.9997,0.9978,0.0161,0,BENIGN,,-1,,-1,,,false,NO_VEP,"Structural-only assessment (LSSIM=0.998, global SSIM=1.000). VEP not available for this locus.",Benign,ClinVar_Benign,-1,RANDOM
VCV000372762,48792346,.,.,c.622G>A,p.Gly208Arg,missense,Conflicting classifications of pathogenicity,0.999,0.9931,0.0289,0,BENIGN,,-1,,-1,,,false,NO_VEP,"Structural-only assessment (LSSIM=0.993, global SSIM=0.999). VEP not available for this locus.",Pathogenic,ClinVar_Pathogenic,-1,RANDOM
VCV000031943,48792370,.,.,c.646C>T,p.Arg216Trp,missense,Likely pathogenic,0.9988,0.9921,0.0306,0,BENIGN,,-1,,-1,,,false,NO_VEP,"Structural-only assessment (LSSIM=0.992, global SSIM=0.999). VEP not available for this locus.",Pathogenic,ClinVar_Pathogenic,-1,RANDOM
VCV000010428,48792371,.,.,c.647G>A,p.Arg216Gln,missense,Pathogenic,0.9992,0.9947,0.025,0,BENIGN,,-1,,-1,,,false,NO_VEP,"Structural-only assessment (LSSIM=0.995, global SSIM=0.999). VEP not available for this locus.",Pathogenic,ClinVar_Pathogenic,-1,RANDOM
VCV001176931,48792374,.,.,c.650G>C,p.Arg217Thr,missense,Likely pathogenic,0.9993,0.9951,0.0241,0,BENIGN,,-1,,-1,,,false,NO_VEP,"Structural-only assessment (LSSIM=0.995, global SSIM=0.999). VEP not available for this locus.",Pathogenic,ClinVar_Pathogenic,-1,RANDOM
VCV000627352,48792376,.,.,c.652G>A,p.Asp218Asn,missense,Conflicting classifications of pathogenicity,0.9998,0.9984,0.0136,0,BENIGN,,-1,,-1,,,false,NO_VEP,"Structural-only assessment (LSSIM=0.998, global SSIM=1.000). VEP not available for this locus.",Pathogenic,ClinVar_Pathogenic,-1,RANDOM
VCV000010427,48792376,.,.,c.652G>T,p.Asp218Tyr,missense,Pathogenic,0.9999,0.9996,0.007,0,BENIGN,,-1,,-1,,,false,NO_VEP,"Structural-only assessment (LSSIM=1.000, global SSIM=1.000). VEP not available for this locus.",Pathogenic,ClinVar_Pathogenic,-1,RANDOM
VCV000010424,48792377,.,.,c.653A>G,p.Asp218Gly,missense,Pathogenic/Likely pathogenic,0.9997,0.9978,0.0165,0,BENIGN,,-1,,-1,,,false,NO_VEP,"Structural-only assessment (LSSIM=0.998, global SSIM=1.000). VEP not available for this locus.",Pathogenic,ClinVar_Pathogenic,-1,RANDOM
VCV001606782,48792387,.,.,c.663C>G,p.Gly221=,synonymous,Benign,0.9995,0.9969,0.0192,0,BENIGN,,-1,,-1,,,false,NO_VEP,"Structural-only assessment (LSSIM=0.997, global SSIM=1.000). VEP not available for this locus.",Benign,ClinVar_Benign,-1,RANDOM
VCV001166816,48792402,.,.,c.678C>T,p.Asn226=,synonymous,Benign/Likely benign,0.9995,0.9969,0.0193,0,BENIGN,,-1,,-1,,,false,NO_VEP,"Structural-only assessment (LSSIM=0.997, global SSIM=1.000). VEP not available for this locus.",Benign,ClinVar_Benign,-1,RANDOM
VCV000812972,48792404,.,.,c.680C>T,p.Ala227Val,missense,Likely pathogenic,0.9999,0.9996,0.007,0,BENIGN,,-1,,-1,,,false,NO_VEP,"Structural-only assessment (LSSIM=1.000, global SSIM=1.000). VEP not available for this locus.",Pathogenic,ClinVar_Pathogenic,-1,RANDOM
VCV002936297,48792408,.,.,c.684C>T,p.Cys228=,synonymous,Likely benign,0.9999,0.9992,0.0101,0,BENIGN,,-1,,-1,,,false,NO_VEP,"Structural-only assessment (LSSIM=0.999, global SSIM=1.000). VEP not available for this locus.",Benign,ClinVar_Benign,-1,RANDOM
VCV001595330,48792435,.,.,c.711G>A,p.Gln237=,synonymous,Likely benign,0.9982,0.9876,0.0339,0,LIKELY_BENIGN,,-1,,-1,,,false,NO_VEP,"Structural-only assessment (LSSIM=0.988, global SSIM=0.998). VEP not available for this locus.",Benign,ClinVar_Benign,-1,RANDOM
VCV002021160,48792453,.,.,c.729G>A,p.Arg243=,synonymous,Likely benign,0.9986,0.9905,0.0301,0,BENIGN,,-1,,-1,,,false,NO_VEP,"Structural-only assessment (LSSIM=0.991, global SSIM=0.999). VEP not available for this locus.",Benign,ClinVar_Benign,-1,RANDOM
VCV001133049,48792464,.,.,c.740G>A,p.Arg247His,missense,Likely benign,0.9992,0.9944,0.023,0,BENIGN,,-1,,-1,,,false,NO_VEP,"Structural-only assessment (LSSIM=0.994, global SSIM=0.999). VEP not available for this locus.",Benign,ClinVar_Benign,-1,RANDOM
VCV000705411,48792473,.,.,c.744+5G>A,,intronic,Benign,0.9997,0.9983,0.0128,0,BENIGN,,-1,,-1,,,false,NO_VEP,"Structural-only assessment (LSSIM=0.998, global SSIM=1.000). VEP not available for this locus.",Benign,ClinVar_Benign,-1,RANDOM
VCV000696788,48793163,.,.,c.745-9G>A,,intronic,Benign/Likely benign,0.9997,0.9984,0.0124,0,BENIGN,,-1,,-1,,,false,NO_VEP,"Structural-only assessment (LSSIM=0.998, global SSIM=1.000). VEP not available for this locus.",Benign,ClinVar_Benign,-1,RANDOM
VCV002073303,48793184,.,.,c.757C>T,p.Arg253Trp,missense,Conflicting classifications of pathogenicity,0.9999,0.9995,0.007,0,BENIGN,,-1,,-1,,,false,NO_VEP,"Structural-only assessment (LSSIM=0.999, global SSIM=1.000). VEP not available for this locus.",Pathogenic,ClinVar_Pathogenic,-1,RANDOM
VCV003748558,48793215,.,.,c.788C>T,p.Thr263Met,missense,Pathogenic,0.9999,0.9994,0.0074,0,BENIGN,,-1,,-1,,,false,NO_VEP,"Structural-only assessment (LSSIM=0.999, global SSIM=1.000). VEP not available for this locus.",Pathogenic,ClinVar_Pathogenic,-1,RANDOM
VCV001335767,48793216,.,.,c.789G>A,p.Thr263=,synonymous,Likely benign,0.9988,0.9924,0.0271,0,BENIGN,,-1,,-1,,,false,NO_VEP,"Structural-only assessment (LSSIM=0.992, global SSIM=0.999). VEP not available for this locus.",Benign,ClinVar_Benign,-1,RANDOM
VCV000699197,48793225,.,.,c.798G>A,p.Thr266=,synonymous,Likely benign,0.9996,0.9973,0.0158,0,BENIGN,,-1,,-1,,,false,NO_VEP,"Structural-only assessment (LSSIM=0.997, global SSIM=1.000). VEP not available for this locus.",Benign,ClinVar_Benign,-1,RANDOM
VCV002691904,48793227,.,.,c.800C>T,p.Thr267Ile,missense,Likely pathogenic,0.9996,0.9976,0.0151,0,BENIGN,,-1,,-1,,,false,NO_VEP,"Structural-only assessment (LSSIM=0.998, global SSIM=1.000). VEP not available for this locus.",Pathogenic,ClinVar_Pathogenic,-1,RANDOM
VCV000704892,48793249,.,.,c.822T>C,p.Ser274=,synonymous,Likely benign,0.9984,0.9896,0.0314,0,LIKELY_BENIGN,,-1,,-1,,,false,NO_VEP,"Structural-only assessment (LSSIM=0.990, global SSIM=0.998). VEP not available for this locus.",Benign,ClinVar_Benign,-1,RANDOM
VCV002931484,48793258,.,.,c.831C>T,p.Pro277=,synonymous,Likely benign,0.9986,0.991,0.0296,0,BENIGN,,-1,,-1,,,false,NO_VEP,"Structural-only assessment (LSSIM=0.991, global SSIM=0.999). VEP not available for this locus.",Benign,ClinVar_Benign,-1,RANDOM
VCV003748697,48793267,.,.,c.840T>C,p.Asn280=,synonymous,Likely benign,0.9997,0.9983,0.0125,0,BENIGN,,-1,,-1,,,false,NO_VEP,"Structural-only assessment (LSSIM=0.998, global SSIM=1.000). VEP not available for this locus.",Benign,ClinVar_Benign,-1,RANDOM
VCV002936694,48793282,.,.,c.855C>T,p.Tyr285=,synonymous,Likely benign,0.9996,0.9975,0.0155,0,BENIGN,,-1,,-1,,,false,NO_VEP,"Structural-only assessment (LSSIM=0.998, global SSIM=1.000). VEP not available for this locus.",Benign,ClinVar_Benign,-1,RANDOM
VCV001703852,48793292,.,.,c.865C>T,p.His289Tyr,missense,Pathogenic,0.999,0.9937,0.0244,0,BENIGN,,-1,,-1,,,false,NO_VEP,"Structural-only assessment (LSSIM=0.994, global SSIM=0.999). VEP not available for this locus.",Pathogenic,ClinVar_Pathogenic,-1,RANDOM
VCV000705161,48793305,.,.,c.870+8C>T,,intronic,Conflicting classifications of pathogenicity,0.9989,0.9931,0.0258,0,BENIGN,,-1,,-1,,,false,NO_VEP,"Structural-only assessment (LSSIM=0.993, global SSIM=0.999). VEP not available for this locus.",Pathogenic,ClinVar_Pathogenic,-1,RANDOM
VCV003751875,48793309,.,.,c.870+12C>A,,intronic,Likely benign,0.9997,0.9981,0.0136,0,BENIGN,,-1,,-1,,,false,NO_VEP,"Structural-only assessment (LSSIM=0.998, global SSIM=1.000). VEP not available for this locus.",Benign,ClinVar_Benign,-1,RANDOM
VCV002154699,48793773,.,.,c.871-20C>T,,intronic,Benign,0.9998,0.9986,0.0098,0,BENIGN,,-1,,-1,,,false,NO_VEP,"Structural-only assessment (LSSIM=0.999, global SSIM=1.000). VEP not available for this locus.",Benign,ClinVar_Benign,-1,RANDOM
VCV002948822,48793782,.,.,c.871-11C>T,,intronic,Likely benign,0.9968,0.9791,0.0379,0,LIKELY_BENIGN,,-1,,-1,,,false,NO_VEP,"Structural-only assessment (LSSIM=0.979, global SSIM=0.997). VEP not available for this locus.",Benign,ClinVar_Benign,-1,RANDOM
VCV001336797,48793786,.,.,c.871-7T>C,,intronic,Conflicting classifications of pathogenicity,0.9957,0.9717,0.0439,0,LIKELY_BENIGN,,-1,,-1,,,false,NO_VEP,"Structural-only assessment (LSSIM=0.972, global SSIM=0.996). VEP not available for this locus.",Pathogenic,ClinVar_Pathogenic,-1,RANDOM
VCV002944587,48793801,.,.,c.879G>A,p.Arg293=,synonymous,Likely benign,0.9982,0.9884,0.0281,0,LIKELY_BENIGN,,-1,,-1,,,false,NO_VEP,"Structural-only assessment (LSSIM=0.988, global SSIM=0.998). VEP not available for this locus.",Benign,ClinVar_Benign,-1,RANDOM
VCV002065081,48793804,.,.,c.882A>G,p.Pro294=,synonymous,Likely benign,0.9979,0.9865,0.0302,0,LIKELY_BENIGN,,-1,,-1,,,false,NO_VEP,"Structural-only assessment (LSSIM=0.987, global SSIM=0.998). VEP not available for this locus.",Benign,ClinVar_Benign,-1,RANDOM
VCV002578025,48793808,.,.,c.886A>C,p.Thr296Pro,missense,Pathogenic,0.9987,0.992,0.0234,0,BENIGN,,-1,,-1,,,false,NO_VEP,"Structural-only assessment (LSSIM=0.992, global SSIM=0.999). VEP not available for this locus.",Pathogenic,ClinVar_Pathogenic,-1,RANDOM
VCV002038817,48793814,.,.,c.892C>A,p.Arg298=,synonymous,Likely benign,0.9987,0.9917,0.0237,0,BENIGN,,-1,,-1,,,false,NO_VEP,"Structural-only assessment (LSSIM=0.992, global SSIM=0.999). VEP not available for this locus.",Benign,ClinVar_Benign,-1,RANDOM
VCV004792839,48793822,.,.,c.900T>C,p.Asp300=,synonymous,Likely benign,0.9962,0.9751,0.0403,0,LIKELY_BENIGN,,-1,,-1,,,false,NO_VEP,"Structural-only assessment (LSSIM=0.975, global SSIM=0.996). VEP not available for this locus.",Benign,ClinVar_Benign,-1,RANDOM
VCV003752535,48793834,.,.,c.912T>A,p.Thr304=,synonymous,Likely benign,0.9962,0.9751,0.0407,0,LIKELY_BENIGN,,-1,,-1,,,false,NO_VEP,"Structural-only assessment (LSSIM=0.975, global SSIM=0.996). VEP not available for this locus.",Benign,ClinVar_Benign,-1,RANDOM
VCV000700247,48793864,.,.,c.942A>G,p.Lys314=,synonymous,Benign,0.998,0.9873,0.0295,0,LIKELY_BENIGN,,-1,,-1,,,false,NO_VEP,"Structural-only assessment (LSSIM=0.987, global SSIM=0.998). VEP not available for this locus.",Benign,ClinVar_Benign,-1,RANDOM
VCV001664576,48793871,.,.,c.949C>A,p.Arg317=,synonymous,Likely benign,0.9982,0.9884,0.0284,0,LIKELY_BENIGN,,-1,,-1,,,false,NO_VEP,"Structural-only assessment (LSSIM=0.988, global SSIM=0.998). VEP not available for this locus.",Benign,ClinVar_Benign,-1,RANDOM
VCV000970248,48793872,.,.,c.950G>A,p.Arg317Gln,missense,Likely benign,0.9976,0.9848,0.0317,0,LIKELY_BENIGN,,-1,,-1,,,false,NO_VEP,"Structural-only assessment (LSSIM=0.985, global SSIM=0.998). VEP not available for this locus.",Benign,ClinVar_Benign,-1,RANDOM
VCV001943613,48793884,.,.,c.962T>C,p.Leu321Pro,missense,Conflicting classifications of pathogenicity,0.9974,0.9833,0.0341,0,LIKELY_BENIGN,,-1,,-1,,,false,NO_VEP,"Structural-only assessment (LSSIM=0.983, global SSIM=0.997). VEP not available for this locus.",Pathogenic,ClinVar_Pathogenic,-1,RANDOM
VCV002930514,48793891,.,.,c.969C>G,p.Gly323=,synonymous,Likely benign,0.9997,0.9984,0.0106,0,BENIGN,,-1,,-1,,,false,NO_VEP,"Structural-only assessment (LSSIM=0.998, global SSIM=1.000). VEP not available for this locus.",Benign,ClinVar_Benign,-1,RANDOM
VCV002038985,48793939,.,.,c.1017G>C,p.Gly339=,synonymous,Likely benign,0.9966,0.9779,0.0394,0,LIKELY_BENIGN,,-1,,-1,,,false,NO_VEP,"Structural-only assessment (LSSIM=0.978, global SSIM=0.997). VEP not available for this locus.",Benign,ClinVar_Benign,-1,RANDOM
VCV004785975,48793942,.,.,c.1020C>T,p.Gly340=,synonymous,Likely benign,0.9991,0.9944,0.0198,0,BENIGN,,-1,,-1,,,false,NO_VEP,"Structural-only assessment (LSSIM=0.994, global SSIM=0.999). VEP not available for this locus.",Benign,ClinVar_Benign,-1,RANDOM
VCV002067217,48793945,.,.,c.1023C>T,p.Ser341=,synonymous,Likely benign,0.9995,0.9968,0.0148,0,BENIGN,,-1,,-1,,,false,NO_VEP,"Structural-only assessment (LSSIM=0.997, global SSIM=0.999). VEP not available for this locus.",Benign,ClinVar_Benign,-1,RANDOM
VCV001533531,48793951,.,.,c.1029C>T,p.Ser343=,synonymous,Likely benign,0.9979,0.9864,0.0302,0,LIKELY_BENIGN,,-1,,-1,,,false,NO_VEP,"Structural-only assessment (LSSIM=0.986, global SSIM=0.998). VEP not available for this locus.",Benign,ClinVar_Benign,-1,RANDOM
VCV002073953,48793952,.,.,c.1030G>A,p.Gly344Arg,missense,Conflicting classifications of pathogenicity,0.9981,0.9875,0.0295,0,LIKELY_BENIGN,,-1,,-1,,,false,NO_VEP,"Structural-only assessment (LSSIM=0.988, global SSIM=0.998). VEP not available for this locus.",Pathogenic,ClinVar_Pathogenic,-1,RANDOM
VCV001117385,48793963,.,.,c.1041G>A,p.Gly347=,synonymous,Likely benign,0.9981,0.988,0.0291,0,LIKELY_BENIGN,,-1,,-1,,,false,NO_VEP,"Structural-only assessment (LSSIM=0.988, global SSIM=0.998). VEP not available for this locus.",Benign,ClinVar_Benign,-1,RANDOM
VCV000698888,48793967,.,.,c.1045G>A,p.Val349Met,missense,Conflicting classifications of pathogenicity,0.9974,0.9831,0.0337,0,LIKELY_BENIGN,,-1,,-1,,,false,NO_VEP,"Structural-only assessment (LSSIM=0.983, global SSIM=0.997). VEP not available for this locus.",Pathogenic,ClinVar_Pathogenic,-1,RANDOM
VCV001910602,48793978,.,.,c.1056C>T,p.Gly352=,synonymous,Likely benign,0.9984,0.99,0.0262,0,LIKELY_BENIGN,,-1,,-1,,,false,NO_VEP,"Structural-only assessment (LSSIM=0.990, global SSIM=0.998). VEP not available for this locus.",Benign,ClinVar_Benign,-1,RANDOM
VCV001615692,48793981,.,.,c.1059G>C,p.Leu353=,synonymous,Likely benign,0.9997,0.9979,0.0118,0,BENIGN,,-1,,-1,,,false,NO_VEP,"Structural-only assessment (LSSIM=0.998, global SSIM=1.000). VEP not available for this locus.",Benign,ClinVar_Benign,-1,RANDOM
VCV001554300,48793989,.,.,c.1067G>A,p.Gly356Asp,missense,Conflicting classifications of pathogenicity,0.9973,0.9821,0.0354,0,LIKELY_BENIGN,,-1,,-1,,,false,NO_VEP,"Structural-only assessment (LSSIM=0.982, global SSIM=0.997). VEP not available for this locus.",Pathogenic,ClinVar_Pathogenic,-1,RANDOM
VCV003754780,48793990,.,.,c.1068C>G,p.Gly356=,synonymous,Likely benign,0.999,0.9933,0.0213,0,BENIGN,,-1,,-1,,,false,NO_VEP,"Structural-only assessment (LSSIM=0.993, global SSIM=0.999). VEP not available for this locus.",Benign,ClinVar_Benign,-1,RANDOM
VCV002925398,48793990,.,.,c.1068C>A,p.Gly356=,synonymous,Likely benign,0.9991,0.9945,0.0193,0,BENIGN,,-1,,-1,,,false,NO_VEP,"Structural-only assessment (LSSIM=0.995, global SSIM=0.999). VEP not available for this locus.",Benign,ClinVar_Benign,-1,RANDOM
VCV002928688,48794008,.,.,c.1086T>C,p.His362=,synonymous,Likely benign,0.9968,0.9792,0.0372,0,LIKELY_BENIGN,,-1,,-1,,,false,NO_VEP,"Structural-only assessment (LSSIM=0.979, global SSIM=0.997). VEP not available for this locus.",Benign,ClinVar_Benign,-1,RANDOM
VCV003754717,48794011,.,.,c.1089C>A,p.Leu363=,synonymous,Likely benign,0.9974,0.9833,0.0338,0,LIKELY_BENIGN,,-1,,-1,,,false,NO_VEP,"Structural-only assessment (LSSIM=0.983, global SSIM=0.997). VEP not available for this locus.",Benign,ClinVar_Benign,-1,RANDOM
VCV002936604,48794024,.,.,c.1102G>A,p.Gly368Ser,missense,Likely benign,0.9999,0.9991,0.0081,0,BENIGN,,-1,,-1,,,false,NO_VEP,"Structural-only assessment (LSSIM=0.999, global SSIM=1.000). VEP not available for this locus.",Benign,ClinVar_Benign,-1,RANDOM
VCV004783754,48794025,.,.,c.1103G>C,p.Gly368Ala,missense,Benign,0.9993,0.9958,0.0169,0,BENIGN,,-1,,-1,,,false,NO_VEP,"Structural-only assessment (LSSIM=0.996, global SSIM=0.999). VEP not available for this locus.",Benign,ClinVar_Benign,-1,RANDOM
VCV002037240,48794033,.,.,c.1111G>A,p.Val371Met,missense,Benign,0.9997,0.9984,0.0104,0,BENIGN,,-1,,-1,,,false,NO_VEP,"Structural-only assessment (LSSIM=0.998, global SSIM=1.000). VEP not available for this locus.",Benign,ClinVar_Benign,-1,RANDOM
VCV002149446,48794068,.,.,c.1146C>T,p.Phe382=,synonymous,Likely benign,1,0.9997,0.0045,0,BENIGN,,-1,,-1,,,false,NO_VEP,"Structural-only assessment (LSSIM=1.000, global SSIM=1.000). VEP not available for this locus.",Benign,ClinVar_Benign,-1,RANDOM
VCV002935837,48794074,.,.,c.1152A>C,p.Gly384=,synonymous,Likely benign,0.9999,0.9994,0.0067,0,BENIGN,,-1,,-1,,,false,NO_VEP,"Structural-only assessment (LSSIM=0.999, global SSIM=1.000). VEP not available for this locus.",Benign,ClinVar_Benign,-1,RANDOM
VCV001165471,48794079,.,.,c.1157T>C,p.Leu386Pro,missense,Conflicting classifications of pathogenicity,0.9986,0.9909,0.0252,0,BENIGN,,-1,,-1,,,false,NO_VEP,"Structural-only assessment (LSSIM=0.991, global SSIM=0.999). VEP not available for this locus.",Pathogenic,ClinVar_Pathogenic,-1,RANDOM
VCV002062055,48794081,.,.,c.1159C>T,p.Leu387=,synonymous,Likely benign,0.9997,0.998,0.0117,0,BENIGN,,-1,,-1,,,false,NO_VEP,"Structural-only assessment (LSSIM=0.998, global SSIM=1.000). VEP not available for this locus.",Benign,ClinVar_Benign,-1,RANDOM
VCV001167511,48794092,.,.,c.1170C>G,p.Pro390=,synonymous,Benign,0.999,0.9939,0.0206,0,BENIGN,,-1,,-1,,,false,NO_VEP,"Structural-only assessment (LSSIM=0.994, global SSIM=0.999). VEP not available for this locus.",Benign,ClinVar_Benign,-1,RANDOM
VCV000258541,48794095,.,.,c.1173G>A,p.Thr391=,synonymous,Benign/Likely benign,0.9998,0.999,0.0081,0,BENIGN,,-1,,-1,,,false,NO_VEP,"Structural-only assessment (LSSIM=0.999, global SSIM=1.000). VEP not available for this locus.",Benign,ClinVar_Benign,-1,RANDOM
VCV001166965,48794098,.,.,c.1176C>G,p.Gly392=,synonymous,Benign,0.9979,0.9866,0.0306,0,LIKELY_BENIGN,,-1,,-1,,,false,NO_VEP,"Structural-only assessment (LSSIM=0.987, global SSIM=0.998). VEP not available for this locus.",Benign,ClinVar_Benign,-1,RANDOM
VCV001593877,48794101,.,.,c.1179C>T,p.Ser393=,synonymous,Likely benign,0.9996,0.9973,0.0134,0,BENIGN,,-1,,-1,,,false,NO_VEP,"Structural-only assessment (LSSIM=0.997, global SSIM=1.000). VEP not available for this locus.",Benign,ClinVar_Benign,-1,RANDOM
VCV002071920,48794107,.,.,c.1185C>G,p.Pro395=,synonymous,Likely benign,0.9965,0.9776,0.0387,0,LIKELY_BENIGN,,-1,,-1,,,false,NO_VEP,"Structural-only assessment (LSSIM=0.978, global SSIM=0.997). VEP not available for this locus.",Benign,ClinVar_Benign,-1,RANDOM
VCV001565674,48794110,.,.,c.1188A>C,p.Thr396=,synonymous,Likely benign,0.9974,0.9833,0.0343,0,LIKELY_BENIGN,,-1,,-1,,,false,NO_VEP,"Structural-only assessment (LSSIM=0.983, global SSIM=0.997). VEP not available for this locus.",Benign,ClinVar_Benign,-1,RANDOM
VCV002931674,48794118,.,.,c.1196T>C,p.Met399Thr,missense,Likely benign,0.9995,0.9968,0.0148,0,BENIGN,,-1,,-1,,,false,NO_VEP,"Structural-only assessment (LSSIM=0.997, global SSIM=0.999). VEP not available for this locus.",Benign,ClinVar_Benign,-1,RANDOM
VCV001168062,48794130,.,.,c.1208C>T,p.Thr403Ile,missense,Benign,0.9971,0.9812,0.0365,0,LIKELY_BENIGN,,-1,,-1,,,false,NO_VEP,"Structural-only assessment (LSSIM=0.981, global SSIM=0.997). VEP not available for this locus.",Benign,ClinVar_Benign,-1,RANDOM
VCV002931414,48794137,.,.,c.1215T>A,p.Thr405=,synonymous,Likely benign,0.999,0.9934,0.0213,0,BENIGN,,-1,,-1,,,false,NO_VEP,"Structural-only assessment (LSSIM=0.993, global SSIM=0.999). VEP not available for this locus.",Benign,ClinVar_Benign,-1,RANDOM
VCV001901612,48794140,.,.,c.1218T>C,p.Thr406=,synonymous,Benign,0.9994,0.996,0.0165,0,BENIGN,,-1,,-1,,,false,NO_VEP,"Structural-only assessment (LSSIM=0.996, global SSIM=0.999). VEP not available for this locus.",Benign,ClinVar_Benign,-1,RANDOM
VCV001599048,48794152,.,.,c.1230G>A,p.Pro410=,synonymous,Benign,0.9998,0.9988,0.0091,0,BENIGN,,-1,,-1,,,false,NO_VEP,"Structural-only assessment (LSSIM=0.999, global SSIM=1.000). VEP not available for this locus.",Benign,ClinVar_Benign,-1,RANDOM
VCV004793637,48794155,.,.,c.1233C>T,p.Leu411=,synonymous,Likely benign,0.998,0.9871,0.0299,0,LIKELY_BENIGN,,-1,,-1,,,false,NO_VEP,"Structural-only assessment (LSSIM=0.987, global SSIM=0.998). VEP not available for this locus.",Benign,ClinVar_Benign,-1,RANDOM
VCV002153356,48794158,.,.,c.1236C>A,p.Ser412Arg,missense,Benign,0.9995,0.9967,0.0153,0,BENIGN,,-1,,-1,,,false,NO_VEP,"Structural-only assessment (LSSIM=0.997, global SSIM=0.999). VEP not available for this locus.",Benign,ClinVar_Benign,-1,RANDOM
VCV004783761,48794159,.,.,c.1237T>C,p.Ser413Pro,missense,Benign,0.9976,0.9846,0.0328,0,LIKELY_BENIGN,,-1,,-1,,,false,NO_VEP,"Structural-only assessment (LSSIM=0.985, global SSIM=0.998). VEP not available for this locus.",Benign,ClinVar_Benign,-1,RANDOM
VCV000156270,48794162,.,.,c.1240T>C,p.Ter414Arg,nonsense,Likely pathogenic,0.997,0.9808,0.0368,0,LIKELY_BENIGN,,-1,,-1,,,false,NO_VEP,"Structural-only assessment (LSSIM=0.981, global SSIM=0.997). VEP not available for this locus.",Pathogenic,ClinVar_Pathogenic,-1,RANDOM
VCV004684518,48794166,.,.,c.*2G>C,,other,Likely benign,0.9975,0.9838,0.0337,0,LIKELY_BENIGN,,-1,,-1,,,false,NO_VEP,"Structural-only assessment (LSSIM=0.984, global SSIM=0.997). VEP not available for this locus.",Benign,ClinVar_Benign,-1,RANDOM