ClinVar_ID,Position,Ref,Alt,Category,LSSIM,gnomAD_AF,gnomAD_AC,gnomAD_AN,AF_AFR,AF_AMR,AF_EAS,AF_EUR,AF_SAS,popmax,faf95_popmax,gnomAD_source,AF_FIN,AF_ASJ,AF_MID
VCV002664746,5226613,G,C,missense,0.9492,,,,,,,,,,,QUERY_FAILED,,,
VCV000811500,5226613,G,T,missense,0.9492,,,,,,,,,,,QUERY_FAILED,,,
VCV000015470,5227099,T,G,promoter,0.9276,3.467061757615401e-06,3.0,865286.0,0.0,0.0,0.0,0.0,0.0,mid,8.553999999999998e-05,gnomAD_v4_exome,0.0,0.0,0.0004859086491739
VCV000015471,5227099,T,C,promoter,0.9276,6.572634180326792e-06,1.0,152146.0,0.0,0.0,0.0001931993817619,0.0,0.0,,0.0,gnomAD_v4_genome,0.0,0.0,0.0
VCV000869288,5227100,T,G,promoter,0.929,,,,,,,,,,,QUERY_FAILED,,,
VCV000869290,5227101,A,G,promoter,0.9282,,,,,,,,,,,QUERY_FAILED,,,
VCV000015466,5227102,T,C,promoter,0.9287,2.073079718451385e-05,17.0,820036.0,0.0,0.0,0.0004643540016388,0.0,0.0,eas,0.00029545,gnomAD_v4_exome,0.0,0.0,0.0
VCV000801184,5227142,G,A,promoter,0.9279,,,,,,,,,,,QUERY_FAILED,,,
VCV000036284,5227157,G,A,promoter,0.9277,6.571770303484353e-06,1.0,152166.0,0.0,0.0,0.0,0.0,0.0,,0.0,gnomAD_v4_genome,0.0,0.0,0.0
VCV002506212,5227157,G,T,promoter,0.9277,1.800452273611131e-06,1.0,555416.0,0.0,0.0,0.0,0.0,0.0,,0.0,gnomAD_v4_exome,0.0,0.0,0.0
VCV000036287,5227158,G,A,promoter,0.9289,1.313594388324773e-05,2.0,152254.0,0.0,0.0,0.0,0.0,0.0004154549231408,sas,7.309999999999999e-05,gnomAD_v4_genome,0.0,0.0,0.0
VCV000036285,5227158,G,T,promoter,0.9289,3.286533101961403e-05,5.0,152136.0,0.0001207029741212,0.0,0.0,0.0,0.0,afr,4.7409999999999975e-05,gnomAD_v4_genome,0.0,0.0,0.0
VCV000015464,5227158,G,C,promoter,0.9289,1.984964793942609e-05,11.0,554166.0,0.0,5.764353239566521e-05,0.0,0.0,0.0,nfe,1.422e-05,gnomAD_v4_exome,0.0,0.0,0.0
VCV000393701,5227159,G,T,promoter,0.9297,9.047121025147376e-06,5.0,552662.0,0.0,0.0,0.0,0.0,4.8612911589318125e-05,sas,1.29e-05,gnomAD_v4_exome,0.0,5.176519308417021e-05,0.0
VCV000015514,5227161,G,A,promoter,0.9292,3.285237456963389e-05,5.0,152196.0,0.0001206272617611,0.0,0.0,0.0,0.0,afr,4.737999999999998e-05,gnomAD_v4_genome,0.0,0.0,0.0
VCV000015462,5227163,G,A,promoter,0.929,0.0,0.0,544686.0,0.0,0.0,0.0,0.0,0.0,,0.0,gnomAD_v4_exome,0.0,0.0,0.0
VCV000015586,5227172,G,C,promoter,0.9284,6.570733950982325e-06,1.0,152190.0,0.0,0.0,0.0,0.0,0.0,,0.0,gnomAD_v4_genome,0.0,0.0002880184331797,0.0
