ClinVar_ID,Position_GRCh38,Ref,Alt,HGVS_c,Category,ClinVar_Significance,ARCHCODE_LSSIM,VEP_Score,Group
VCV000089589,36993521,C,A,NM_000249.4(MLH1):c.-27C>A,5_prime_UTR,Pathogenic/Likely pathogenic,0.972,0.2,PATHOGENIC
VCV000089594,36988684,C,A,NM_000249.3(MLH1):c.-4864C>A,5_prime_UTR,Benign,0.9987,0.15,BENIGN
VCV000141497,36993296,C,A,NM_000249.3(MLH1):c.-252C>A,5_prime_UTR,Likely benign,0.9718,0.2,BENIGN
VCV000141417,36993297,G,T,NM_000249.3(MLH1):c.-251G>T,5_prime_UTR,Likely benign,0.972,0.2,BENIGN
VCV000820943,36993325,G,T,NM_000249.3(MLH1):c.-223G>T,5_prime_UTR,Likely benign,0.9723,0.2,BENIGN
VCV000089587,36993441,C,G,NM_000249.4(MLH1):c.-107C>G,5_prime_UTR,Likely benign,0.9723,0.2,BENIGN
VCV000560779,36993448,T,C,NM_000249.3(MLH1):c.-100T>C,5_prime_UTR,Likely benign,0.9718,0.2,BENIGN
VCV000089600,36993455,G,A,NM_000249.4(MLH1):c.-93G>A,5_prime_UTR,Benign,0.9718,0.2,BENIGN
VCV000515569,36993514,A,C,NM_000249.3(MLH1):c.-34A>C,5_prime_UTR,Likely benign,0.9721,0.2,BENIGN
VCV003773104,36993518,A,C,NM_000249.4(MLH1):c.-30A>C,5_prime_UTR,Benign,0.9727,0.2,BENIGN
VCV003772979,36993518,A,G,NM_000249.4(MLH1):c.-30A>G,5_prime_UTR,Benign,0.9727,0.2,BENIGN
VCV003772963,36993519,G,C,NM_000249.4(MLH1):c.-29G>C,5_prime_UTR,Benign,0.9722,0.2,BENIGN
VCV003772880,36993519,G,T,NM_000249.4(MLH1):c.-29G>T,5_prime_UTR,Benign,0.9722,0.2,BENIGN
VCV000491666,36993532,C,T,NM_000249.4(MLH1):c.-16C>T,5_prime_UTR,Likely benign,0.9727,0.2,BENIGN
