ClinVar_ID,Position,Ref,Alt,Category,LSSIM,gnomAD_AF,gnomAD_AC,gnomAD_AN,AF_AFR,AF_AMR,AF_EAS,AF_EUR,AF_SAS,AF_FIN,AF_ASJ,AF_MID,popmax,faf95_popmax,gnomAD_source
VCV000892549,11089452,G,T,5_prime_UTR,0.983,6.265585644290172e-06,5.0,798010.0,0.0,0.0,0.00014102781068426693,0.0,0.0,0.0,0.0,0.0,eas,5.484999999999997e-05,gnomAD_v4_exome
VCV000250925,11089281,G,T,5_prime_UTR,0.9831,0.0065808485485354,1002.0,152260.0,0.0227524437809987,0.00209259743656814,0.0,0.0,0.0,0.0,0.0,0.0,afr,0.02154878,gnomAD_v4_genome
VCV000375769,11089381,A,G,5_prime_UTR,0.9831,0.0,0.0,0.0,0.0,0.0,0.0,0.0,0.0,0.0,0.0,0.0,,,gnomAD_v4_not_observed_graphql
VCV000250945,11089397,C,T,5_prime_UTR,0.9831,8.60037497634897e-06,4.0,465096.0,0.0,0.0,0.0,0.0,0.0,0.0,0.0,0.0,nfe,2.83e-06,gnomAD_v4_exome
VCV001334394,11089541,C,A,5_prime_UTR,0.9831,0.0,0.0,0.0,0.0,0.0,0.0,0.0,0.0,0.0,0.0,0.0,,,gnomAD_v4_not_observed_graphql
VCV000375772,11089450,A,G,5_prime_UTR,0.9832,,,,,,,,,,,,,,QUERY_FAILED
VCV000226302,11089428,T,C,5_prime_UTR,0.9833,,,,,,,,,,,,,,QUERY_FAILED
VCV003386967,11089465,G,A,5_prime_UTR,0.9833,,,,,,,,,,,,,,QUERY_FAILED
VCV000918511,11089383,A,G,5_prime_UTR,0.9835,,,,,,,,,,,,,,QUERY_FAILED
VCV000250956,11089414,C,G,5_prime_UTR,0.9836,,,,,,,,,,,,,,QUERY_FAILED
VCV003893685,11089514,C,G,5_prime_UTR,0.9836,,,,,,,,,,,,,,QUERY_FAILED
VCV000430744,11089521,G,C,5_prime_UTR,0.9836,,,,,,,,,,,,,,QUERY_FAILED
VCV000440535,11089451,C,T,5_prime_UTR,0.9837,0.0,0.0,782966.0,0.0,0.0,0.0,0.0,0.0,0.0,0.0,0.0,,,gnomAD_v4_exome
VCV000440533,11089398,C,G,5_prime_UTR,0.9838,0.0,0.0,0.0,0.0,0.0,0.0,0.0,0.0,0.0,0.0,0.0,,,gnomAD_v4_not_observed_graphql
VCV000250961,11089526,A,C,5_prime_UTR,0.984,1.9717124980282875e-05,3.0,152152.0,0.0,0.0,0.0,0.0,0.0,0.0,0.0,0.0,nfe,1.171e-05,gnomAD_v4_genome
