ClinVar_ID,Position_GRCh38,Ref,Alt,HGVS_c,HGVS_p,Category,ClinVar_Significance,ARCHCODE_SSIM,ARCHCODE_LSSIM,ARCHCODE_DeltaInsulation,ARCHCODE_LoopIntegrity,ARCHCODE_Verdict,VEP_Consequence,VEP_Score,VEP_Impact,SIFT_Score,SIFT_Prediction,VEP_Interpretation,Pearl,Discordance,Mechanism_Insight,Label,Source,CADD_Phred,Effect_Source,UCSC_hg38_ref,HGVS_ref,HGVS_alt,allele_recovery_status,allele_recovery_source,is_queryable_snv,nearest_gene,nearest_gene_distance_bp,source_atlas
VCV000015844,173151,.,.,,,other,Pathogenic; other,0.9999,0.9972,0.0093,0,BENIGN,,-1,,-1,,,False,NO_VEP,"Structural-only assessment (LSSIM=0.997, global SSIM=1.000). VEP not available for this locus.",Pathogenic,ClinVar_Pathogenic,-1,CATEGORICAL,A,,,NOT_RECOVERED_HGVS_OR_REF_MISMATCH,UCSC_hg38_sequence_api_plus_HGVS_c,False,HBA2,0,results\HBA1_Unified_Atlas_300kb.csv
VCV000015808,173179,C,A,c.150C>A,p.Ser50Arg,missense,Conflicting classifications of pathogenicity,0.9998,0.9963,0.0109,0,BENIGN,,-1,,-1,,,False,NO_VEP,"Structural-only assessment (LSSIM=0.996, global SSIM=1.000). VEP not available for this locus.",Pathogenic,ClinVar_Pathogenic,-1,CATEGORICAL,C,C,A,RECOVERED_UCSC_HGVS_MATCH,UCSC_hg38_sequence_api_plus_HGVS_c,True,HBA2,0,results\HBA1_Unified_Atlas_300kb.csv
VCV000439771,173540,C,G,c.369C>G,p.His123Gln,missense,Conflicting classifications of pathogenicity,0.9998,0.9959,0.0111,0,BENIGN,,-1,,-1,,,False,NO_VEP,"Structural-only assessment (LSSIM=0.996, global SSIM=1.000). VEP not available for this locus.",Pathogenic,ClinVar_Pathogenic,-1,CATEGORICAL,C,C,G,RECOVERED_UCSC_HGVS_MATCH,UCSC_hg38_sequence_api_plus_HGVS_c,True,HBA2,0,results\HBA1_Unified_Atlas_300kb.csv
VCV000015655,173581,T,C,c.410T>C,p.Leu137Pro,missense,Pathogenic,0.9998,0.9955,0.0117,0,BENIGN,,-1,,-1,,,False,NO_VEP,"Structural-only assessment (LSSIM=0.995, global SSIM=1.000). VEP not available for this locus.",Pathogenic,ClinVar_Pathogenic,-1,CATEGORICAL,T,T,C,RECOVERED_UCSC_HGVS_MATCH,UCSC_hg38_sequence_api_plus_HGVS_c,True,HBA2,0,results\HBA1_Unified_Atlas_300kb.csv
VCV000015624,173598,T,C,c.427T>C,p.Ter143Gln,nonsense,Pathogenic/Likely pathogenic,0.9994,0.9869,0.0194,0,LIKELY_BENIGN,,-1,,-1,,,False,NO_VEP,"Structural-only assessment (LSSIM=0.987, global SSIM=0.999). VEP not available for this locus.",Pathogenic,ClinVar_Pathogenic,-1,CATEGORICAL,T,T,C,RECOVERED_UCSC_HGVS_MATCH,UCSC_hg38_sequence_api_plus_HGVS_c,True,HBA2,0,results\HBA1_Unified_Atlas_300kb.csv
VCV001226713,176440,.,.,,,other,Benign,0.9999,0.9971,0.0104,0,BENIGN,,-1,,-1,,,False,NO_VEP,"Structural-only assessment (LSSIM=0.997, global SSIM=1.000). VEP not available for this locus.",Benign,ClinVar_Benign,-1,CATEGORICAL,C,,,NOT_RECOVERED_HGVS_OR_REF_MISMATCH,UCSC_hg38_sequence_api_plus_HGVS_c,False,HBA1,240,results\HBA1_Unified_Atlas_300kb.csv
VCV000618156,176665,C,T,c.-52C>T,,intronic,Likely benign,1.0,0.9995,0.004,0,BENIGN,,-1,,-1,,,False,NO_VEP,"Structural-only assessment (LSSIM=1.000, global SSIM=1.000). VEP not available for this locus.",Benign,ClinVar_Benign,-1,CATEGORICAL,C,C,T,RECOVERED_UCSC_HGVS_MATCH,UCSC_hg38_sequence_api_plus_HGVS_c,True,HBA1,15,results\HBA1_Unified_Atlas_300kb.csv
VCV000439102,176675,C,T,c.-42C>T,,intronic,Benign/Likely benign,1.0,0.9996,0.0038,0,BENIGN,,-1,,-1,,,False,NO_VEP,"Structural-only assessment (LSSIM=1.000, global SSIM=1.000). VEP not available for this locus.",Benign,ClinVar_Benign,-1,CATEGORICAL,C,C,T,RECOVERED_UCSC_HGVS_MATCH,UCSC_hg38_sequence_api_plus_HGVS_c,True,HBA1,5,results\HBA1_Unified_Atlas_300kb.csv
VCV000618154,176676,C,G,c.-41C>G,,intronic,Likely benign,1.0,0.9996,0.0038,0,BENIGN,,-1,,-1,,,False,NO_VEP,"Structural-only assessment (LSSIM=1.000, global SSIM=1.000). VEP not available for this locus.",Benign,ClinVar_Benign,-1,CATEGORICAL,C,C,G,RECOVERED_UCSC_HGVS_MATCH,UCSC_hg38_sequence_api_plus_HGVS_c,True,HBA1,4,results\HBA1_Unified_Atlas_300kb.csv
VCV004280317,176682,T,C,c.-35T>C,,intronic,Likely benign,1.0,0.9996,0.0038,0,BENIGN,,-1,,-1,,,False,NO_VEP,"Structural-only assessment (LSSIM=1.000, global SSIM=1.000). VEP not available for this locus.",Benign,ClinVar_Benign,-1,CATEGORICAL,T,T,C,RECOVERED_UCSC_HGVS_MATCH,UCSC_hg38_sequence_api_plus_HGVS_c,True,HBA1,0,results\HBA1_Unified_Atlas_300kb.csv
VCV000439096,176693,C,G,c.-24C>G,,splice,Benign/Likely benign,0.9999,0.9968,0.0106,0,BENIGN,,-1,,-1,,,False,NO_VEP,"Structural-only assessment (LSSIM=0.997, global SSIM=1.000). VEP not available for this locus.",Benign,ClinVar_Benign,-1,CATEGORICAL,C,C,G,RECOVERED_UCSC_HGVS_MATCH,UCSC_hg38_sequence_api_plus_HGVS_c,True,HBA1,0,results\HBA1_Unified_Atlas_300kb.csv
VCV002645774,176702,C,G,c.-15C>G,,splice,Conflicting classifications of pathogenicity,0.9999,0.9971,0.0102,0,BENIGN,,-1,,-1,,,False,NO_VEP,"Structural-only assessment (LSSIM=0.997, global SSIM=1.000). VEP not available for this locus.",Pathogenic,ClinVar_Pathogenic,-1,CATEGORICAL,C,C,G,RECOVERED_UCSC_HGVS_MATCH,UCSC_hg38_sequence_api_plus_HGVS_c,True,HBA1,0,results\HBA1_Unified_Atlas_300kb.csv
VCV002428673,176717,A,G,c.1A>G,p.Met1Val,missense,Pathogenic,0.9998,0.9953,0.0127,0,BENIGN,,-1,,-1,,,False,NO_VEP,"Structural-only assessment (LSSIM=0.995, global SSIM=1.000). VEP not available for this locus.",Pathogenic,ClinVar_Pathogenic,-1,CATEGORICAL,A,A,G,RECOVERED_UCSC_HGVS_MATCH,UCSC_hg38_sequence_api_plus_HGVS_c,True,HBA1,0,results\HBA1_Unified_Atlas_300kb.csv
VCV003579876,176718,T,C,c.2T>C,p.Met1Thr,missense,Pathogenic/Likely pathogenic,0.9998,0.9956,0.0125,0,BENIGN,,-1,,-1,,,False,NO_VEP,"Structural-only assessment (LSSIM=0.996, global SSIM=1.000). VEP not available for this locus.",Pathogenic,ClinVar_Pathogenic,-1,CATEGORICAL,T,T,C,RECOVERED_UCSC_HGVS_MATCH,UCSC_hg38_sequence_api_plus_HGVS_c,True,HBA1,0,results\HBA1_Unified_Atlas_300kb.csv
VCV002573442,176718,T,A,c.2T>A,p.Met1Lys,missense,Likely pathogenic,0.9998,0.9956,0.0125,0,BENIGN,,-1,,-1,,,False,NO_VEP,"Structural-only assessment (LSSIM=0.996, global SSIM=1.000). VEP not available for this locus.",Pathogenic,ClinVar_Pathogenic,-1,CATEGORICAL,T,T,A,RECOVERED_UCSC_HGVS_MATCH,UCSC_hg38_sequence_api_plus_HGVS_c,True,HBA1,0,results\HBA1_Unified_Atlas_300kb.csv
VCV000915293,176718,T,G,c.2T>G,p.Met1Arg,missense,Pathogenic,0.9998,0.9956,0.0125,0,BENIGN,,-1,,-1,,,False,NO_VEP,"Structural-only assessment (LSSIM=0.996, global SSIM=1.000). VEP not available for this locus.",Pathogenic,ClinVar_Pathogenic,-1,CATEGORICAL,T,T,G,RECOVERED_UCSC_HGVS_MATCH,UCSC_hg38_sequence_api_plus_HGVS_c,True,HBA1,0,results\HBA1_Unified_Atlas_300kb.csv
VCV004533036,176719,G,A,c.3G>A,p.Met1Ile,missense,Likely pathogenic,0.9998,0.9953,0.0129,0,BENIGN,,-1,,-1,,,False,NO_VEP,"Structural-only assessment (LSSIM=0.995, global SSIM=1.000). VEP not available for this locus.",Pathogenic,ClinVar_Pathogenic,-1,CATEGORICAL,G,G,A,RECOVERED_UCSC_HGVS_MATCH,UCSC_hg38_sequence_api_plus_HGVS_c,True,HBA1,0,results\HBA1_Unified_Atlas_300kb.csv
VCV000015861,176740,G,C,c.24G>C,p.Lys8Asn,missense,Likely benign,0.9998,0.9962,0.0117,0,BENIGN,,-1,,-1,,,False,NO_VEP,"Structural-only assessment (LSSIM=0.996, global SSIM=1.000). VEP not available for this locus.",Benign,ClinVar_Benign,-1,CATEGORICAL,G,G,C,RECOVERED_UCSC_HGVS_MATCH,UCSC_hg38_sequence_api_plus_HGVS_c,True,HBA1,0,results\HBA1_Unified_Atlas_300kb.csv
VCV000439103,176759,T,C,c.43T>C,p.Trp15Arg,missense,Pathogenic/Likely pathogenic,0.9998,0.9952,0.0129,0,BENIGN,,-1,,-1,,,False,NO_VEP,"Structural-only assessment (LSSIM=0.995, global SSIM=1.000). VEP not available for this locus.",Pathogenic,ClinVar_Pathogenic,-1,CATEGORICAL,T,T,C,RECOVERED_UCSC_HGVS_MATCH,UCSC_hg38_sequence_api_plus_HGVS_c,True,HBA1,0,results\HBA1_Unified_Atlas_300kb.csv
VCV003075902,176760,G,A,c.44G>A,p.Trp15Ter,nonsense,Pathogenic/Likely pathogenic,0.9995,0.9878,0.0206,0,LIKELY_BENIGN,,-1,,-1,,,False,NO_VEP,"Structural-only assessment (LSSIM=0.988, global SSIM=0.999). VEP not available for this locus.",Pathogenic,ClinVar_Pathogenic,-1,CATEGORICAL,G,G,A,RECOVERED_UCSC_HGVS_MATCH,UCSC_hg38_sequence_api_plus_HGVS_c,True,HBA1,0,results\HBA1_Unified_Atlas_300kb.csv
VCV000811820,176761,G,A,c.45G>A,p.Trp15Ter,nonsense,Pathogenic/Likely pathogenic,0.9996,0.9901,0.0188,0,BENIGN,,-1,,-1,,,False,NO_VEP,"Structural-only assessment (LSSIM=0.990, global SSIM=1.000). VEP not available for this locus.",Pathogenic,ClinVar_Pathogenic,-1,CATEGORICAL,G,G,A,RECOVERED_UCSC_HGVS_MATCH,UCSC_hg38_sequence_api_plus_HGVS_c,True,HBA1,0,results\HBA1_Unified_Atlas_300kb.csv
VCV000015797,176762,G,C,c.46G>C,p.Gly16Arg,missense,Likely benign,0.9998,0.9958,0.012,0,BENIGN,,-1,,-1,,,False,NO_VEP,"Structural-only assessment (LSSIM=0.996, global SSIM=1.000). VEP not available for this locus.",Benign,ClinVar_Benign,-1,CATEGORICAL,G,G,C,RECOVERED_UCSC_HGVS_MATCH,UCSC_hg38_sequence_api_plus_HGVS_c,True,HBA1,0,results\HBA1_Unified_Atlas_300kb.csv
VCV000618155,176763,G,A,c.47G>A,p.Gly16Asp,missense,Conflicting classifications of pathogenicity,0.9998,0.995,0.0136,0,BENIGN,,-1,,-1,,,False,NO_VEP,"Structural-only assessment (LSSIM=0.995, global SSIM=1.000). VEP not available for this locus.",Pathogenic,ClinVar_Pathogenic,-1,CATEGORICAL,G,G,A,RECOVERED_UCSC_HGVS_MATCH,UCSC_hg38_sequence_api_plus_HGVS_c,True,HBA1,0,results\HBA1_Unified_Atlas_300kb.csv
VCV000015746,176765,A,G,c.49A>G,p.Lys17Glu,missense,Conflicting classifications of pathogenicity,0.9998,0.9961,0.012,0,BENIGN,,-1,,-1,,,False,NO_VEP,"Structural-only assessment (LSSIM=0.996, global SSIM=1.000). VEP not available for this locus.",Pathogenic,ClinVar_Pathogenic,-1,CATEGORICAL,A,A,G,RECOVERED_UCSC_HGVS_MATCH,UCSC_hg38_sequence_api_plus_HGVS_c,True,HBA1,0,results\HBA1_Unified_Atlas_300kb.csv
VCV000015736,176771,G,C,c.55G>C,p.Gly19Arg,missense,Likely benign,0.9998,0.9955,0.0128,0,BENIGN,,-1,,-1,,,False,NO_VEP,"Structural-only assessment (LSSIM=0.996, global SSIM=1.000). VEP not available for this locus.",Benign,ClinVar_Benign,-1,CATEGORICAL,G,G,C,RECOVERED_UCSC_HGVS_MATCH,UCSC_hg38_sequence_api_plus_HGVS_c,True,HBA1,0,results\HBA1_Unified_Atlas_300kb.csv
VCV001330135,176778,A,C,c.62A>C,p.His21Pro,missense,Conflicting classifications of pathogenicity,0.9998,0.9961,0.0119,0,BENIGN,,-1,,-1,,,False,NO_VEP,"Structural-only assessment (LSSIM=0.996, global SSIM=1.000). VEP not available for this locus.",Pathogenic,ClinVar_Pathogenic,-1,CATEGORICAL,A,A,C,RECOVERED_UCSC_HGVS_MATCH,UCSC_hg38_sequence_api_plus_HGVS_c,True,HBA1,0,results\HBA1_Unified_Atlas_300kb.csv
VCV000811635,176779,C,A,c.63C>A,p.His21Gln,missense,Conflicting classifications of pathogenicity,0.9998,0.9953,0.0128,0,BENIGN,,-1,,-1,,,False,NO_VEP,"Structural-only assessment (LSSIM=0.995, global SSIM=1.000). VEP not available for this locus.",Pathogenic,ClinVar_Pathogenic,-1,CATEGORICAL,C,C,A,RECOVERED_UCSC_HGVS_MATCH,UCSC_hg38_sequence_api_plus_HGVS_c,True,HBA1,0,results\HBA1_Unified_Atlas_300kb.csv
VCV004685966,176779,C,G,c.63C>G,p.His21Gln,missense,Likely benign,0.9998,0.9953,0.0128,0,BENIGN,,-1,,-1,,,False,NO_VEP,"Structural-only assessment (LSSIM=0.995, global SSIM=1.000). VEP not available for this locus.",Benign,ClinVar_Benign,-1,CATEGORICAL,C,C,G,RECOVERED_UCSC_HGVS_MATCH,UCSC_hg38_sequence_api_plus_HGVS_c,True,HBA1,0,results\HBA1_Unified_Atlas_300kb.csv
VCV002681960,176785,C,T,c.69C>T,p.Gly23=,synonymous,Conflicting classifications of pathogenicity,1.0,0.9999,0.0021,0,BENIGN,,-1,,-1,,,False,NO_VEP,"Structural-only assessment (LSSIM=1.000, global SSIM=1.000). VEP not available for this locus.",Pathogenic,ClinVar_Pathogenic,-1,CATEGORICAL,C,C,T,RECOVERED_UCSC_HGVS_MATCH,UCSC_hg38_sequence_api_plus_HGVS_c,True,HBA1,0,results\HBA1_Unified_Atlas_300kb.csv
VCV000015742,176800,G,T,c.84G>T,p.Glu28Asp,missense,Conflicting classifications of pathogenicity,0.9998,0.9948,0.0132,0,BENIGN,,-1,,-1,,,False,NO_VEP,"Structural-only assessment (LSSIM=0.995, global SSIM=1.000). VEP not available for this locus.",Pathogenic,ClinVar_Pathogenic,-1,CATEGORICAL,G,G,T,RECOVERED_UCSC_HGVS_MATCH,UCSC_hg38_sequence_api_plus_HGVS_c,True,HBA1,0,results\HBA1_Unified_Atlas_300kb.csv
VCV003767009,176806,G,A,c.90G>A,p.Leu30=,synonymous,Likely benign,1.0,0.9999,0.002,0,BENIGN,,-1,,-1,,,False,NO_VEP,"Structural-only assessment (LSSIM=1.000, global SSIM=1.000). VEP not available for this locus.",Benign,ClinVar_Benign,-1,CATEGORICAL,G,G,A,RECOVERED_UCSC_HGVS_MATCH,UCSC_hg38_sequence_api_plus_HGVS_c,True,HBA1,0,results\HBA1_Unified_Atlas_300kb.csv
VCV000015794,176807,G,A,c.91G>A,p.Glu31Lys,missense,Conflicting classifications of pathogenicity,0.9998,0.9959,0.0121,0,BENIGN,,-1,,-1,,,False,NO_VEP,"Structural-only assessment (LSSIM=0.996, global SSIM=1.000). VEP not available for this locus.",Pathogenic,ClinVar_Pathogenic,-1,CATEGORICAL,G,G,A,RECOVERED_UCSC_HGVS_MATCH,UCSC_hg38_sequence_api_plus_HGVS_c,True,HBA1,0,results\HBA1_Unified_Atlas_300kb.csv
VCV003579877,176811,G,A,c.95G>A,p.Arg32Lys,missense,Likely pathogenic,0.9998,0.9952,0.0129,0,BENIGN,,-1,,-1,,,False,NO_VEP,"Structural-only assessment (LSSIM=0.995, global SSIM=1.000). VEP not available for this locus.",Pathogenic,ClinVar_Pathogenic,-1,CATEGORICAL,G,G,A,RECOVERED_UCSC_HGVS_MATCH,UCSC_hg38_sequence_api_plus_HGVS_c,True,HBA1,0,results\HBA1_Unified_Atlas_300kb.csv
VCV002681961,176812,G,A,c.95+1G>A,,splice,Pathogenic,0.9998,0.9963,0.0111,0,BENIGN,,-1,,-1,,,False,NO_VEP,"Structural-only assessment (LSSIM=0.996, global SSIM=1.000). VEP not available for this locus.",Pathogenic,ClinVar_Pathogenic,-1,CATEGORICAL,G,G,A,RECOVERED_UCSC_HGVS_MATCH,UCSC_hg38_sequence_api_plus_HGVS_c,True,HBA1,0,results\HBA1_Unified_Atlas_300kb.csv
VCV003579878,176813,T,C,c.95+2T>C,,splice,Likely pathogenic,0.9998,0.9966,0.011,0,BENIGN,,-1,,-1,,,False,NO_VEP,"Structural-only assessment (LSSIM=0.997, global SSIM=1.000). VEP not available for this locus.",Pathogenic,ClinVar_Pathogenic,-1,CATEGORICAL,T,T,C,RECOVERED_UCSC_HGVS_MATCH,UCSC_hg38_sequence_api_plus_HGVS_c,True,HBA1,0,results\HBA1_Unified_Atlas_300kb.csv
VCV002428746,176820,C,T,c.95+9C>T,,intronic,Likely benign,1.0,0.9996,0.0039,0,BENIGN,,-1,,-1,,,False,NO_VEP,"Structural-only assessment (LSSIM=1.000, global SSIM=1.000). VEP not available for this locus.",Benign,ClinVar_Benign,-1,CATEGORICAL,C,C,T,RECOVERED_UCSC_HGVS_MATCH,UCSC_hg38_sequence_api_plus_HGVS_c,True,HBA1,0,results\HBA1_Unified_Atlas_300kb.csv
VCV000994429,176849,C,T,c.95+38C>T,,intronic,Conflicting classifications of pathogenicity,1.0,0.9995,0.0041,0,BENIGN,,-1,,-1,,,False,NO_VEP,"Structural-only assessment (LSSIM=1.000, global SSIM=1.000). VEP not available for this locus.",Pathogenic,ClinVar_Pathogenic,-1,CATEGORICAL,C,C,T,RECOVERED_UCSC_HGVS_MATCH,UCSC_hg38_sequence_api_plus_HGVS_c,True,HBA1,0,results\HBA1_Unified_Atlas_300kb.csv
VCV000439106,176850,C,T,c.95+39C>T,,intronic,Benign,1.0,0.9996,0.0038,0,BENIGN,,-1,,-1,,,False,NO_VEP,"Structural-only assessment (LSSIM=1.000, global SSIM=1.000). VEP not available for this locus.",Benign,ClinVar_Benign,-1,CATEGORICAL,C,C,T,RECOVERED_UCSC_HGVS_MATCH,UCSC_hg38_sequence_api_plus_HGVS_c,True,HBA1,0,results\HBA1_Unified_Atlas_300kb.csv
VCV000801168,176852,G,T,c.95+41G>T,,intronic,Likely benign,1.0,0.9996,0.004,0,BENIGN,,-1,,-1,,,False,NO_VEP,"Structural-only assessment (LSSIM=1.000, global SSIM=1.000). VEP not available for this locus.",Benign,ClinVar_Benign,-1,CATEGORICAL,G,G,T,RECOVERED_UCSC_HGVS_MATCH,UCSC_hg38_sequence_api_plus_HGVS_c,True,HBA1,0,results\HBA1_Unified_Atlas_300kb.csv
VCV002920892,176927,A,G,c.96-2A>G,,splice,Pathogenic,0.9999,0.997,0.0104,0,BENIGN,,-1,,-1,,,False,NO_VEP,"Structural-only assessment (LSSIM=0.997, global SSIM=1.000). VEP not available for this locus.",Pathogenic,ClinVar_Pathogenic,-1,CATEGORICAL,A,A,G,RECOVERED_UCSC_HGVS_MATCH,UCSC_hg38_sequence_api_plus_HGVS_c,True,HBA1,0,results\HBA1_Unified_Atlas_300kb.csv
VCV000801169,176928,G,A,c.96-1G>A,,splice,Pathogenic,0.9998,0.9964,0.0113,0,BENIGN,,-1,,-1,,,False,NO_VEP,"Structural-only assessment (LSSIM=0.996, global SSIM=1.000). VEP not available for this locus.",Pathogenic,ClinVar_Pathogenic,-1,CATEGORICAL,G,G,A,RECOVERED_UCSC_HGVS_MATCH,UCSC_hg38_sequence_api_plus_HGVS_c,True,HBA1,0,results\HBA1_Unified_Atlas_300kb.csv
VCV003338673,176931,T,G,c.98T>G,p.Met33Arg,missense,Conflicting classifications of pathogenicity,0.9998,0.9957,0.0126,0,BENIGN,,-1,,-1,,,False,NO_VEP,"Structural-only assessment (LSSIM=0.996, global SSIM=1.000). VEP not available for this locus.",Pathogenic,ClinVar_Pathogenic,-1,CATEGORICAL,T,T,G,RECOVERED_UCSC_HGVS_MATCH,UCSC_hg38_sequence_api_plus_HGVS_c,True,HBA1,0,results\HBA1_Unified_Atlas_300kb.csv
VCV001330794,176931,T,A,c.98T>A,p.Met33Lys,missense,Conflicting classifications of pathogenicity,0.9998,0.9957,0.0126,0,BENIGN,,-1,,-1,,,False,NO_VEP,"Structural-only assessment (LSSIM=0.996, global SSIM=1.000). VEP not available for this locus.",Pathogenic,ClinVar_Pathogenic,-1,CATEGORICAL,T,T,A,RECOVERED_UCSC_HGVS_MATCH,UCSC_hg38_sequence_api_plus_HGVS_c,True,HBA1,0,results\HBA1_Unified_Atlas_300kb.csv
VCV003075901,176932,G,A,c.99G>A,p.Met33Ile,missense,Likely pathogenic,0.9999,0.9968,0.0109,0,BENIGN,,-1,,-1,,,False,NO_VEP,"Structural-only assessment (LSSIM=0.997, global SSIM=1.000). VEP not available for this locus.",Pathogenic,ClinVar_Pathogenic,-1,CATEGORICAL,G,G,A,RECOVERED_UCSC_HGVS_MATCH,UCSC_hg38_sequence_api_plus_HGVS_c,True,HBA1,0,results\HBA1_Unified_Atlas_300kb.csv
VCV000015783,176967,C,T,c.134C>T,p.Pro45Leu,missense,Likely pathogenic,0.9998,0.9956,0.0127,0,BENIGN,,-1,,-1,,,False,NO_VEP,"Structural-only assessment (LSSIM=0.996, global SSIM=1.000). VEP not available for this locus.",Pathogenic,ClinVar_Pathogenic,-1,CATEGORICAL,C,C,T,RECOVERED_UCSC_HGVS_MATCH,UCSC_hg38_sequence_api_plus_HGVS_c,True,HBA1,0,results\HBA1_Unified_Atlas_300kb.csv
VCV000993349,176983,C,A,c.150C>A,p.Ser50Arg,missense,Conflicting classifications of pathogenicity,0.9998,0.9958,0.0121,0,BENIGN,,-1,,-1,,,False,NO_VEP,"Structural-only assessment (LSSIM=0.996, global SSIM=1.000). VEP not available for this locus.",Pathogenic,ClinVar_Pathogenic,-1,CATEGORICAL,C,C,A,RECOVERED_UCSC_HGVS_MATCH,UCSC_hg38_sequence_api_plus_HGVS_c,True,HBA1,0,results\HBA1_Unified_Atlas_300kb.csv
VCV003766932,176986,C,G,c.153C>G,p.His51Gln,missense,Likely benign,0.9998,0.9961,0.012,0,BENIGN,,-1,,-1,,,False,NO_VEP,"Structural-only assessment (LSSIM=0.996, global SSIM=1.000). VEP not available for this locus.",Benign,ClinVar_Benign,-1,CATEGORICAL,C,C,G,RECOVERED_UCSC_HGVS_MATCH,UCSC_hg38_sequence_api_plus_HGVS_c,True,HBA1,0,results\HBA1_Unified_Atlas_300kb.csv
VCV000015889,176987,G,A,c.154G>A,p.Gly52Ser,missense,Likely benign,0.9998,0.9961,0.0119,0,BENIGN,,-1,,-1,,,False,NO_VEP,"Structural-only assessment (LSSIM=0.996, global SSIM=1.000). VEP not available for this locus.",Benign,ClinVar_Benign,-1,CATEGORICAL,G,G,A,RECOVERED_UCSC_HGVS_MATCH,UCSC_hg38_sequence_api_plus_HGVS_c,True,HBA1,0,results\HBA1_Unified_Atlas_300kb.csv
VCV000015806,176987,G,C,c.154G>C,p.Gly52Arg,missense,Conflicting classifications of pathogenicity,0.9998,0.9961,0.0119,0,BENIGN,,-1,,-1,,,False,NO_VEP,"Structural-only assessment (LSSIM=0.996, global SSIM=1.000). VEP not available for this locus.",Pathogenic,ClinVar_Pathogenic,-1,CATEGORICAL,G,G,C,RECOVERED_UCSC_HGVS_MATCH,UCSC_hg38_sequence_api_plus_HGVS_c,True,HBA1,0,results\HBA1_Unified_Atlas_300kb.csv
VCV000015782,176996,C,G,c.163C>G,p.Gln55Glu,missense,Benign/Likely benign,0.9998,0.9964,0.0114,0,BENIGN,,-1,,-1,,,False,NO_VEP,"Structural-only assessment (LSSIM=0.996, global SSIM=1.000). VEP not available for this locus.",Benign,ClinVar_Benign,-1,CATEGORICAL,C,C,G,RECOVERED_UCSC_HGVS_MATCH,UCSC_hg38_sequence_api_plus_HGVS_c,True,HBA1,0,results\HBA1_Unified_Atlas_300kb.csv
VCV000015790,177006,G,A,c.173G>A,p.Gly58Asp,missense,Likely benign,0.9998,0.9954,0.0125,0,BENIGN,,-1,,-1,,,False,NO_VEP,"Structural-only assessment (LSSIM=0.995, global SSIM=1.000). VEP not available for this locus.",Benign,ClinVar_Benign,-1,CATEGORICAL,G,G,A,RECOVERED_UCSC_HGVS_MATCH,UCSC_hg38_sequence_api_plus_HGVS_c,True,HBA1,0,results\HBA1_Unified_Atlas_300kb.csv
VCV000993066,177011,G,C,c.178G>C,p.Gly60Arg,missense,Pathogenic,0.9998,0.9954,0.0127,0,BENIGN,,-1,,-1,,,False,NO_VEP,"Structural-only assessment (LSSIM=0.995, global SSIM=1.000). VEP not available for this locus.",Pathogenic,ClinVar_Pathogenic,-1,CATEGORICAL,G,G,C,RECOVERED_UCSC_HGVS_MATCH,UCSC_hg38_sequence_api_plus_HGVS_c,True,HBA1,0,results\HBA1_Unified_Atlas_300kb.csv
VCV000015849,177012,G,A,c.179G>A,p.Gly60Asp,missense,Pathogenic,0.9998,0.9955,0.0128,0,BENIGN,,-1,,-1,,,False,NO_VEP,"Structural-only assessment (LSSIM=0.995, global SSIM=1.000). VEP not available for this locus.",Pathogenic,ClinVar_Pathogenic,-1,CATEGORICAL,G,G,A,RECOVERED_UCSC_HGVS_MATCH,UCSC_hg38_sequence_api_plus_HGVS_c,True,HBA1,0,results\HBA1_Unified_Atlas_300kb.csv
VCV003579879,177017,A,T,c.184A>T,p.Lys62Ter,nonsense,Likely pathogenic,0.9994,0.9867,0.022,0,LIKELY_BENIGN,,-1,,-1,,,False,NO_VEP,"Structural-only assessment (LSSIM=0.987, global SSIM=0.999). VEP not available for this locus.",Pathogenic,ClinVar_Pathogenic,-1,CATEGORICAL,A,A,T,RECOVERED_UCSC_HGVS_MATCH,UCSC_hg38_sequence_api_plus_HGVS_c,True,HBA1,0,results\HBA1_Unified_Atlas_300kb.csv
VCV000811124,177031,G,A,c.198G>A,p.Ala66=,synonymous,Likely benign,1.0,0.9999,0.002,0,BENIGN,,-1,,-1,,,False,NO_VEP,"Structural-only assessment (LSSIM=1.000, global SSIM=1.000). VEP not available for this locus.",Benign,ClinVar_Benign,-1,CATEGORICAL,G,G,A,RECOVERED_UCSC_HGVS_MATCH,UCSC_hg38_sequence_api_plus_HGVS_c,True,HBA1,0,results\HBA1_Unified_Atlas_300kb.csv
VCV000439095,177040,C,G,c.207C>G,p.Asn69Lys,missense,Likely benign,0.9998,0.9964,0.0116,0,BENIGN,,-1,,-1,,,False,NO_VEP,"Structural-only assessment (LSSIM=0.996, global SSIM=1.000). VEP not available for this locus.",Benign,ClinVar_Benign,-1,CATEGORICAL,C,C,G,RECOVERED_UCSC_HGVS_MATCH,UCSC_hg38_sequence_api_plus_HGVS_c,True,HBA1,0,results\HBA1_Unified_Atlas_300kb.csv
VCV000015733,177056,G,C,c.223G>C,p.Asp75His,missense,Conflicting classifications of pathogenicity,0.9998,0.9955,0.0127,0,BENIGN,,-1,,-1,,,False,NO_VEP,"Structural-only assessment (LSSIM=0.996, global SSIM=1.000). VEP not available for this locus.",Pathogenic,ClinVar_Pathogenic,-1,CATEGORICAL,G,G,C,RECOVERED_UCSC_HGVS_MATCH,UCSC_hg38_sequence_api_plus_HGVS_c,True,HBA1,0,results\HBA1_Unified_Atlas_300kb.csv
VCV000015834,177059,G,T,c.226G>T,p.Asp76Tyr,missense,Conflicting classifications of pathogenicity,0.9998,0.9953,0.0129,0,BENIGN,,-1,,-1,,,False,NO_VEP,"Structural-only assessment (LSSIM=0.995, global SSIM=1.000). VEP not available for this locus.",Pathogenic,ClinVar_Pathogenic,-1,CATEGORICAL,G,G,T,RECOVERED_UCSC_HGVS_MATCH,UCSC_hg38_sequence_api_plus_HGVS_c,True,HBA1,0,results\HBA1_Unified_Atlas_300kb.csv
VCV002428547,177070,C,A,c.237C>A,p.Asn79Lys,missense,Benign,0.9998,0.9961,0.0119,0,BENIGN,,-1,,-1,,,False,NO_VEP,"Structural-only assessment (LSSIM=0.996, global SSIM=1.000). VEP not available for this locus.",Benign,ClinVar_Benign,-1,CATEGORICAL,C,C,A,RECOVERED_UCSC_HGVS_MATCH,UCSC_hg38_sequence_api_plus_HGVS_c,True,HBA1,0,results\HBA1_Unified_Atlas_300kb.csv
VCV000788899,177083,C,T,c.250C>T,p.Leu84=,synonymous,Conflicting classifications of pathogenicity,1.0,0.9999,0.0018,0,BENIGN,,-1,,-1,,,False,NO_VEP,"Structural-only assessment (LSSIM=1.000, global SSIM=1.000). VEP not available for this locus.",Pathogenic,ClinVar_Pathogenic,-1,CATEGORICAL,C,C,T,RECOVERED_UCSC_HGVS_MATCH,UCSC_hg38_sequence_api_plus_HGVS_c,True,HBA1,0,results\HBA1_Unified_Atlas_300kb.csv
VCV001679446,177088,C,A,c.255C>A,p.Ser85Arg,missense,Likely benign,0.9998,0.9957,0.0126,0,BENIGN,,-1,,-1,,,False,NO_VEP,"Structural-only assessment (LSSIM=0.996, global SSIM=1.000). VEP not available for this locus.",Benign,ClinVar_Benign,-1,CATEGORICAL,C,C,A,RECOVERED_UCSC_HGVS_MATCH,UCSC_hg38_sequence_api_plus_HGVS_c,True,HBA1,0,results\HBA1_Unified_Atlas_300kb.csv
VCV000015779,177095,C,T,c.262C>T,p.His88Tyr,missense,Pathogenic,0.9998,0.9953,0.0126,0,BENIGN,,-1,,-1,,,False,NO_VEP,"Structural-only assessment (LSSIM=0.995, global SSIM=1.000). VEP not available for this locus.",Pathogenic,ClinVar_Pathogenic,-1,CATEGORICAL,C,C,T,RECOVERED_UCSC_HGVS_MATCH,UCSC_hg38_sequence_api_plus_HGVS_c,True,HBA1,0,results\HBA1_Unified_Atlas_300kb.csv
VCV001809522,177097,C,G,c.264C>G,p.His88Gln,missense,Likely pathogenic,0.9998,0.9951,0.0131,0,BENIGN,,-1,,-1,,,False,NO_VEP,"Structural-only assessment (LSSIM=0.995, global SSIM=1.000). VEP not available for this locus.",Pathogenic,ClinVar_Pathogenic,-1,CATEGORICAL,C,C,G,RECOVERED_UCSC_HGVS_MATCH,UCSC_hg38_sequence_api_plus_HGVS_c,True,HBA1,0,results\HBA1_Unified_Atlas_300kb.csv
VCV000015776,177098,G,T,c.265G>T,p.Ala89Ser,missense,Pathogenic; other,0.9998,0.9955,0.0129,0,BENIGN,,-1,,-1,,,False,NO_VEP,"Structural-only assessment (LSSIM=0.995, global SSIM=1.000). VEP not available for this locus.",Pathogenic,ClinVar_Pathogenic,-1,CATEGORICAL,G,G,T,RECOVERED_UCSC_HGVS_MATCH,UCSC_hg38_sequence_api_plus_HGVS_c,True,HBA1,0,results\HBA1_Unified_Atlas_300kb.csv
VCV000015885,177103,C,G,c.270C>G,p.His90Gln,missense,Conflicting classifications of pathogenicity,0.9998,0.9945,0.013,0,BENIGN,,-1,,-1,,,False,NO_VEP,"Structural-only assessment (LSSIM=0.994, global SSIM=1.000). VEP not available for this locus.",Pathogenic,ClinVar_Pathogenic,-1,CATEGORICAL,C,C,G,RECOVERED_UCSC_HGVS_MATCH,UCSC_hg38_sequence_api_plus_HGVS_c,True,HBA1,0,results\HBA1_Unified_Atlas_300kb.csv
VCV000015759,177105,A,C,c.272A>C,p.Lys91Thr,missense,Likely benign,0.9998,0.9952,0.0124,0,BENIGN,,-1,,-1,,,False,NO_VEP,"Structural-only assessment (LSSIM=0.995, global SSIM=1.000). VEP not available for this locus.",Benign,ClinVar_Benign,-1,CATEGORICAL,A,A,C,RECOVERED_UCSC_HGVS_MATCH,UCSC_hg38_sequence_api_plus_HGVS_c,True,HBA1,0,results\HBA1_Unified_Atlas_300kb.csv
VCV000015707,177106,G,C,c.273G>C,p.Lys91Asn,missense,Likely benign,0.9998,0.9955,0.0121,0,BENIGN,,-1,,-1,,,False,NO_VEP,"Structural-only assessment (LSSIM=0.995, global SSIM=1.000). VEP not available for this locus.",Benign,ClinVar_Benign,-1,CATEGORICAL,G,G,C,RECOVERED_UCSC_HGVS_MATCH,UCSC_hg38_sequence_api_plus_HGVS_c,True,HBA1,0,results\HBA1_Unified_Atlas_300kb.csv
VCV003766747,177109,T,G,c.276T>G,p.Leu92=,synonymous,Likely benign,1.0,0.9999,0.0018,0,BENIGN,,-1,,-1,,,False,NO_VEP,"Structural-only assessment (LSSIM=1.000, global SSIM=1.000). VEP not available for this locus.",Benign,ClinVar_Benign,-1,CATEGORICAL,T,T,G,RECOVERED_UCSC_HGVS_MATCH,UCSC_hg38_sequence_api_plus_HGVS_c,True,HBA1,0,results\HBA1_Unified_Atlas_300kb.csv
VCV000015752,177111,G,A,c.278G>A,p.Arg93Gln,missense,Pathogenic; other,0.9998,0.9957,0.0118,0,BENIGN,,-1,,-1,,,False,NO_VEP,"Structural-only assessment (LSSIM=0.996, global SSIM=1.000). VEP not available for this locus.",Pathogenic,ClinVar_Pathogenic,-1,CATEGORICAL,G,G,A,RECOVERED_UCSC_HGVS_MATCH,UCSC_hg38_sequence_api_plus_HGVS_c,True,HBA1,0,results\HBA1_Unified_Atlas_300kb.csv
VCV000015711,177111,G,T,c.278G>T,p.Arg93Leu,missense,Likely pathogenic,0.9998,0.9957,0.0118,0,BENIGN,,-1,,-1,,,False,NO_VEP,"Structural-only assessment (LSSIM=0.996, global SSIM=1.000). VEP not available for this locus.",Pathogenic,ClinVar_Pathogenic,-1,CATEGORICAL,G,G,T,RECOVERED_UCSC_HGVS_MATCH,UCSC_hg38_sequence_api_plus_HGVS_c,True,HBA1,0,results\HBA1_Unified_Atlas_300kb.csv
VCV000015730,177120,C,T,c.287C>T,p.Pro96Leu,missense,Conflicting classifications of pathogenicity,0.9998,0.9945,0.0132,0,BENIGN,,-1,,-1,,,False,NO_VEP,"Structural-only assessment (LSSIM=0.995, global SSIM=1.000). VEP not available for this locus.",Pathogenic,ClinVar_Pathogenic,-1,CATEGORICAL,C,C,T,RECOVERED_UCSC_HGVS_MATCH,UCSC_hg38_sequence_api_plus_HGVS_c,True,HBA1,0,results\HBA1_Unified_Atlas_300kb.csv
VCV000015817,177120,C,G,c.287C>G,p.Pro96Arg,missense,Conflicting classifications of pathogenicity,0.9998,0.9945,0.0132,0,BENIGN,,-1,,-1,,,False,NO_VEP,"Structural-only assessment (LSSIM=0.995, global SSIM=1.000). VEP not available for this locus.",Pathogenic,ClinVar_Pathogenic,-1,CATEGORICAL,C,C,G,RECOVERED_UCSC_HGVS_MATCH,UCSC_hg38_sequence_api_plus_HGVS_c,True,HBA1,0,results\HBA1_Unified_Atlas_300kb.csv
VCV002502312,177134,G,A,c.300+1G>A,,splice,Likely pathogenic,0.9998,0.9964,0.0106,0,BENIGN,,-1,,-1,,,False,NO_VEP,"Structural-only assessment (LSSIM=0.996, global SSIM=1.000). VEP not available for this locus.",Pathogenic,ClinVar_Pathogenic,-1,CATEGORICAL,G,G,A,RECOVERED_UCSC_HGVS_MATCH,UCSC_hg38_sequence_api_plus_HGVS_c,True,HBA1,0,results\HBA1_Unified_Atlas_300kb.csv
VCV000995656,177134,G,T,c.300+1G>T,,splice,Pathogenic,0.9998,0.9964,0.0106,0,BENIGN,,-1,,-1,,,False,NO_VEP,"Structural-only assessment (LSSIM=0.996, global SSIM=1.000). VEP not available for this locus.",Pathogenic,ClinVar_Pathogenic,-1,CATEGORICAL,G,G,T,RECOVERED_UCSC_HGVS_MATCH,UCSC_hg38_sequence_api_plus_HGVS_c,True,HBA1,0,results\HBA1_Unified_Atlas_300kb.csv
VCV000994077,177180,C,A,c.300+47C>A,,intronic,Likely benign,1.0,0.9995,0.004,0,BENIGN,,-1,,-1,,,False,NO_VEP,"Structural-only assessment (LSSIM=1.000, global SSIM=1.000). VEP not available for this locus.",Benign,ClinVar_Benign,-1,CATEGORICAL,C,C,A,RECOVERED_UCSC_HGVS_MATCH,UCSC_hg38_sequence_api_plus_HGVS_c,True,HBA1,0,results\HBA1_Unified_Atlas_300kb.csv
VCV000439768,177188,G,T,c.300+55G>T,,intronic,Benign,1.0,0.9996,0.0037,0,BENIGN,,-1,,-1,,,False,NO_VEP,"Structural-only assessment (LSSIM=1.000, global SSIM=1.000). VEP not available for this locus.",Benign,ClinVar_Benign,-1,CATEGORICAL,G,G,T,RECOVERED_UCSC_HGVS_MATCH,UCSC_hg38_sequence_api_plus_HGVS_c,True,HBA1,0,results\HBA1_Unified_Atlas_300kb.csv
VCV000993413,177234,C,T,c.301-49C>T,,intronic,Likely benign,1.0,0.9995,0.0039,0,BENIGN,,-1,,-1,,,False,NO_VEP,"Structural-only assessment (LSSIM=1.000, global SSIM=1.000). VEP not available for this locus.",Benign,ClinVar_Benign,-1,CATEGORICAL,C,C,T,RECOVERED_UCSC_HGVS_MATCH,UCSC_hg38_sequence_api_plus_HGVS_c,True,HBA1,0,results\HBA1_Unified_Atlas_300kb.csv
VCV000439097,177266,C,A,c.301-17C>A,,splice,Likely benign,0.9999,0.9968,0.0103,0,BENIGN,,-1,,-1,,,False,NO_VEP,"Structural-only assessment (LSSIM=0.997, global SSIM=1.000). VEP not available for this locus.",Benign,ClinVar_Benign,-1,CATEGORICAL,C,C,A,RECOVERED_UCSC_HGVS_MATCH,UCSC_hg38_sequence_api_plus_HGVS_c,True,HBA1,0,results\HBA1_Unified_Atlas_300kb.csv
VCV000990365,177274,T,C,c.301-9T>C,,intronic,Likely benign,1.0,0.9995,0.0041,0,BENIGN,,-1,,-1,,,False,NO_VEP,"Structural-only assessment (LSSIM=0.999, global SSIM=1.000). VEP not available for this locus.",Benign,ClinVar_Benign,-1,CATEGORICAL,T,T,C,RECOVERED_UCSC_HGVS_MATCH,UCSC_hg38_sequence_api_plus_HGVS_c,True,HBA1,0,results\HBA1_Unified_Atlas_300kb.csv
VCV001330740,177291,C,A,c.309C>A,p.Ser103Arg,missense,Conflicting classifications of pathogenicity,0.9998,0.996,0.0115,0,BENIGN,,-1,,-1,,,False,NO_VEP,"Structural-only assessment (LSSIM=0.996, global SSIM=1.000). VEP not available for this locus.",Pathogenic,ClinVar_Pathogenic,-1,CATEGORICAL,C,C,A,RECOVERED_UCSC_HGVS_MATCH,UCSC_hg38_sequence_api_plus_HGVS_c,True,HBA1,0,results\HBA1_Unified_Atlas_300kb.csv
VCV003029547,177301,C,T,c.319C>T,p.Leu107=,synonymous,Likely benign,1.0,0.9999,0.002,0,BENIGN,,-1,,-1,,,False,NO_VEP,"Structural-only assessment (LSSIM=1.000, global SSIM=1.000). VEP not available for this locus.",Benign,ClinVar_Benign,-1,CATEGORICAL,C,C,T,RECOVERED_UCSC_HGVS_MATCH,UCSC_hg38_sequence_api_plus_HGVS_c,True,HBA1,0,results\HBA1_Unified_Atlas_300kb.csv
VCV003766910,177306,G,A,c.324G>A,p.Val108=,synonymous,Likely benign,1.0,0.9999,0.0018,0,BENIGN,,-1,,-1,,,False,NO_VEP,"Structural-only assessment (LSSIM=1.000, global SSIM=1.000). VEP not available for this locus.",Benign,ClinVar_Benign,-1,CATEGORICAL,G,G,A,RECOVERED_UCSC_HGVS_MATCH,UCSC_hg38_sequence_api_plus_HGVS_c,True,HBA1,0,results\HBA1_Unified_Atlas_300kb.csv
VCV001330688,177308,C,A,c.326C>A,p.Thr109Asn,missense,Likely pathogenic,0.9998,0.9949,0.0127,0,BENIGN,,-1,,-1,,,False,NO_VEP,"Structural-only assessment (LSSIM=0.995, global SSIM=1.000). VEP not available for this locus.",Pathogenic,ClinVar_Pathogenic,-1,CATEGORICAL,C,C,A,RECOVERED_UCSC_HGVS_MATCH,UCSC_hg38_sequence_api_plus_HGVS_c,True,HBA1,0,results\HBA1_Unified_Atlas_300kb.csv
VCV004076507,177310,C,T,c.328C>T,p.Leu110=,synonymous,Likely pathogenic,1.0,0.9999,0.002,0,BENIGN,,-1,,-1,,,False,NO_VEP,"Structural-only assessment (LSSIM=1.000, global SSIM=1.000). VEP not available for this locus.",Pathogenic,ClinVar_Pathogenic,-1,CATEGORICAL,C,C,T,RECOVERED_UCSC_HGVS_MATCH,UCSC_hg38_sequence_api_plus_HGVS_c,True,HBA1,0,results\HBA1_Unified_Atlas_300kb.csv
VCV003766692,177311,T,C,c.329T>C,p.Leu110Pro,missense,Likely pathogenic,0.9998,0.9954,0.0123,0,BENIGN,,-1,,-1,,,False,NO_VEP,"Structural-only assessment (LSSIM=0.995, global SSIM=1.000). VEP not available for this locus.",Pathogenic,ClinVar_Pathogenic,-1,CATEGORICAL,T,T,C,RECOVERED_UCSC_HGVS_MATCH,UCSC_hg38_sequence_api_plus_HGVS_c,True,HBA1,0,results\HBA1_Unified_Atlas_300kb.csv
VCV000015800,177314,C,A,c.332C>A,p.Ala111Asp,missense,Likely pathogenic,0.9998,0.9955,0.012,0,BENIGN,,-1,,-1,,,False,NO_VEP,"Structural-only assessment (LSSIM=0.996, global SSIM=1.000). VEP not available for this locus.",Pathogenic,ClinVar_Pathogenic,-1,CATEGORICAL,C,C,A,RECOVERED_UCSC_HGVS_MATCH,UCSC_hg38_sequence_api_plus_HGVS_c,True,HBA1,0,results\HBA1_Unified_Atlas_300kb.csv
VCV000801164,177317,C,T,c.335C>T,p.Ala112Val,missense,Likely benign,0.9998,0.995,0.0128,0,BENIGN,,-1,,-1,,,False,NO_VEP,"Structural-only assessment (LSSIM=0.995, global SSIM=1.000). VEP not available for this locus.",Benign,ClinVar_Benign,-1,CATEGORICAL,C,C,T,RECOVERED_UCSC_HGVS_MATCH,UCSC_hg38_sequence_api_plus_HGVS_c,True,HBA1,0,results\HBA1_Unified_Atlas_300kb.csv
VCV000015829,177323,T,A,c.341T>A,p.Leu114His,missense,Conflicting classifications of pathogenicity,0.9998,0.9955,0.0121,0,BENIGN,,-1,,-1,,,False,NO_VEP,"Structural-only assessment (LSSIM=0.996, global SSIM=1.000). VEP not available for this locus.",Pathogenic,ClinVar_Pathogenic,-1,CATEGORICAL,T,T,A,RECOVERED_UCSC_HGVS_MATCH,UCSC_hg38_sequence_api_plus_HGVS_c,True,HBA1,0,results\HBA1_Unified_Atlas_300kb.csv
VCV004533035,177331,G,T,c.349G>T,p.Glu117Ter,nonsense,Pathogenic,0.9994,0.9857,0.0215,0,LIKELY_BENIGN,,-1,,-1,,,False,NO_VEP,"Structural-only assessment (LSSIM=0.986, global SSIM=0.999). VEP not available for this locus.",Pathogenic,ClinVar_Pathogenic,-1,CATEGORICAL,G,G,T,RECOVERED_UCSC_HGVS_MATCH,UCSC_hg38_sequence_api_plus_HGVS_c,True,HBA1,0,results\HBA1_Unified_Atlas_300kb.csv
VCV000015793,177331,G,A,c.349G>A,p.Glu117Lys,missense,Conflicting classifications of pathogenicity,0.9998,0.9945,0.0133,0,BENIGN,,-1,,-1,,,False,NO_VEP,"Structural-only assessment (LSSIM=0.994, global SSIM=1.000). VEP not available for this locus.",Pathogenic,ClinVar_Pathogenic,-1,CATEGORICAL,G,G,A,RECOVERED_UCSC_HGVS_MATCH,UCSC_hg38_sequence_api_plus_HGVS_c,True,HBA1,0,results\HBA1_Unified_Atlas_300kb.csv
VCV000015832,177332,A,C,c.350A>C,p.Glu117Ala,missense,Likely benign,0.9998,0.9956,0.012,0,BENIGN,,-1,,-1,,,False,NO_VEP,"Structural-only assessment (LSSIM=0.996, global SSIM=1.000). VEP not available for this locus.",Benign,ClinVar_Benign,-1,CATEGORICAL,A,A,C,RECOVERED_UCSC_HGVS_MATCH,UCSC_hg38_sequence_api_plus_HGVS_c,True,HBA1,0,results\HBA1_Unified_Atlas_300kb.csv
VCV003344963,177333,G,A,c.351G>A,p.Glu117=,synonymous,Likely benign,1.0,0.9999,0.0019,0,BENIGN,,-1,,-1,,,False,NO_VEP,"Structural-only assessment (LSSIM=1.000, global SSIM=1.000). VEP not available for this locus.",Benign,ClinVar_Benign,-1,CATEGORICAL,G,G,A,RECOVERED_UCSC_HGVS_MATCH,UCSC_hg38_sequence_api_plus_HGVS_c,True,HBA1,0,results\HBA1_Unified_Atlas_300kb.csv
VCV000811900,177340,C,T,c.358C>T,p.Pro120Ser,missense,Pathogenic,0.9998,0.9961,0.0113,0,BENIGN,,-1,,-1,,,False,NO_VEP,"Structural-only assessment (LSSIM=0.996, global SSIM=1.000). VEP not available for this locus.",Pathogenic,ClinVar_Pathogenic,-1,CATEGORICAL,C,C,T,RECOVERED_UCSC_HGVS_MATCH,UCSC_hg38_sequence_api_plus_HGVS_c,True,HBA1,0,results\HBA1_Unified_Atlas_300kb.csv
VCV000015750,177344,C,A,c.362C>A,p.Ala121Glu,missense,Conflicting classifications of pathogenicity,0.9998,0.9953,0.0122,0,BENIGN,,-1,,-1,,,False,NO_VEP,"Structural-only assessment (LSSIM=0.995, global SSIM=1.000). VEP not available for this locus.",Pathogenic,ClinVar_Pathogenic,-1,CATEGORICAL,C,C,A,RECOVERED_UCSC_HGVS_MATCH,UCSC_hg38_sequence_api_plus_HGVS_c,True,HBA1,0,results\HBA1_Unified_Atlas_300kb.csv
VCV004685641,177345,G,T,c.363G>T,p.Ala121=,synonymous,Likely benign,1.0,0.9999,0.002,0,BENIGN,,-1,,-1,,,False,NO_VEP,"Structural-only assessment (LSSIM=1.000, global SSIM=1.000). VEP not available for this locus.",Benign,ClinVar_Benign,-1,CATEGORICAL,G,G,T,RECOVERED_UCSC_HGVS_MATCH,UCSC_hg38_sequence_api_plus_HGVS_c,True,HBA1,0,results\HBA1_Unified_Atlas_300kb.csv
VCV000015807,177361,G,C,c.379G>C,p.Asp127His,missense,Pathogenic; other,0.9998,0.9954,0.0121,0,BENIGN,,-1,,-1,,,False,NO_VEP,"Structural-only assessment (LSSIM=0.995, global SSIM=1.000). VEP not available for this locus.",Pathogenic,ClinVar_Pathogenic,-1,CATEGORICAL,G,G,C,RECOVERED_UCSC_HGVS_MATCH,UCSC_hg38_sequence_api_plus_HGVS_c,True,HBA1,0,results\HBA1_Unified_Atlas_300kb.csv
VCV000015766,177366,G,C,c.384G>C,p.Lys128Asn,missense,Likely benign,0.9998,0.9952,0.0122,0,BENIGN,,-1,,-1,,,False,NO_VEP,"Structural-only assessment (LSSIM=0.995, global SSIM=1.000). VEP not available for this locus.",Benign,ClinVar_Benign,-1,CATEGORICAL,G,G,C,RECOVERED_UCSC_HGVS_MATCH,UCSC_hg38_sequence_api_plus_HGVS_c,True,HBA1,0,results\HBA1_Unified_Atlas_300kb.csv
VCV004074262,177368,T,C,c.386T>C,p.Phe129Ser,missense,Likely pathogenic,0.9998,0.995,0.0125,0,BENIGN,,-1,,-1,,,False,NO_VEP,"Structural-only assessment (LSSIM=0.995, global SSIM=1.000). VEP not available for this locus.",Pathogenic,ClinVar_Pathogenic,-1,CATEGORICAL,T,T,C,RECOVERED_UCSC_HGVS_MATCH,UCSC_hg38_sequence_api_plus_HGVS_c,True,HBA1,0,results\HBA1_Unified_Atlas_300kb.csv
VCV000015865,177371,T,C,c.389T>C,p.Leu130Pro,missense,Likely pathogenic,0.9998,0.9954,0.0124,0,BENIGN,,-1,,-1,,,False,NO_VEP,"Structural-only assessment (LSSIM=0.995, global SSIM=1.000). VEP not available for this locus.",Pathogenic,ClinVar_Pathogenic,-1,CATEGORICAL,T,T,C,RECOVERED_UCSC_HGVS_MATCH,UCSC_hg38_sequence_api_plus_HGVS_c,True,HBA1,0,results\HBA1_Unified_Atlas_300kb.csv
VCV000439101,177378,T,C,c.396T>C,p.Ser132=,synonymous,Likely benign,1.0,0.9999,0.0019,0,BENIGN,,-1,,-1,,,False,NO_VEP,"Structural-only assessment (LSSIM=1.000, global SSIM=1.000). VEP not available for this locus.",Benign,ClinVar_Benign,-1,CATEGORICAL,T,T,C,RECOVERED_UCSC_HGVS_MATCH,UCSC_hg38_sequence_api_plus_HGVS_c,True,HBA1,0,results\HBA1_Unified_Atlas_300kb.csv
VCV002428618,177379,G,A,c.397G>A,p.Val133Met,missense,Likely benign,0.9998,0.9944,0.013,0,BENIGN,,-1,,-1,,,False,NO_VEP,"Structural-only assessment (LSSIM=0.994, global SSIM=1.000). VEP not available for this locus.",Benign,ClinVar_Benign,-1,CATEGORICAL,G,G,A,RECOVERED_UCSC_HGVS_MATCH,UCSC_hg38_sequence_api_plus_HGVS_c,True,HBA1,0,results\HBA1_Unified_Atlas_300kb.csv
VCV000015828,177392,T,G,c.410T>G,p.Leu137Arg,missense,Pathogenic; other,0.9998,0.9956,0.012,0,BENIGN,,-1,,-1,,,False,NO_VEP,"Structural-only assessment (LSSIM=0.996, global SSIM=1.000). VEP not available for this locus.",Pathogenic,ClinVar_Pathogenic,-1,CATEGORICAL,T,T,G,RECOVERED_UCSC_HGVS_MATCH,UCSC_hg38_sequence_api_plus_HGVS_c,True,HBA1,0,results\HBA1_Unified_Atlas_300kb.csv
VCV002428629,177399,C,G,c.417C>G,p.Ser139=,synonymous,Likely benign,1.0,0.9999,0.002,0,BENIGN,,-1,,-1,,,False,NO_VEP,"Structural-only assessment (LSSIM=1.000, global SSIM=1.000). VEP not available for this locus.",Benign,ClinVar_Benign,-1,CATEGORICAL,C,C,G,RECOVERED_UCSC_HGVS_MATCH,UCSC_hg38_sequence_api_plus_HGVS_c,True,HBA1,0,results\HBA1_Unified_Atlas_300kb.csv
VCV003766985,177400,A,G,c.418A>G,p.Lys140Glu,missense,Likely benign,0.9998,0.9943,0.0133,0,BENIGN,,-1,,-1,,,False,NO_VEP,"Structural-only assessment (LSSIM=0.994, global SSIM=1.000). VEP not available for this locus.",Benign,ClinVar_Benign,-1,CATEGORICAL,A,A,G,RECOVERED_UCSC_HGVS_MATCH,UCSC_hg38_sequence_api_plus_HGVS_c,True,HBA1,0,results\HBA1_Unified_Atlas_300kb.csv
VCV000015856,177403,T,C,c.421T>C,p.Tyr141His,missense,Pathogenic; other,0.9998,0.995,0.0126,0,BENIGN,,-1,,-1,,,False,NO_VEP,"Structural-only assessment (LSSIM=0.995, global SSIM=1.000). VEP not available for this locus.",Pathogenic,ClinVar_Pathogenic,-1,CATEGORICAL,T,T,C,RECOVERED_UCSC_HGVS_MATCH,UCSC_hg38_sequence_api_plus_HGVS_c,True,HBA1,0,results\HBA1_Unified_Atlas_300kb.csv
VCV000015792,177406,C,T,c.424C>T,p.Arg142Cys,missense,Pathogenic; other,0.9998,0.9952,0.0123,0,BENIGN,,-1,,-1,,,False,NO_VEP,"Structural-only assessment (LSSIM=0.995, global SSIM=1.000). VEP not available for this locus.",Pathogenic,ClinVar_Pathogenic,-1,CATEGORICAL,C,C,T,RECOVERED_UCSC_HGVS_MATCH,UCSC_hg38_sequence_api_plus_HGVS_c,True,HBA1,0,results\HBA1_Unified_Atlas_300kb.csv
VCV000015821,177407,G,A,c.425G>A,p.Arg142His,missense,Pathogenic; other,0.9998,0.9954,0.0121,0,BENIGN,,-1,,-1,,,False,NO_VEP,"Structural-only assessment (LSSIM=0.995, global SSIM=1.000). VEP not available for this locus.",Pathogenic,ClinVar_Pathogenic,-1,CATEGORICAL,G,G,A,RECOVERED_UCSC_HGVS_MATCH,UCSC_hg38_sequence_api_plus_HGVS_c,True,HBA1,0,results\HBA1_Unified_Atlas_300kb.csv
VCV000015773,177407,G,T,c.425G>T,p.Arg142Leu,missense,Pathogenic; other,0.9998,0.9954,0.0121,0,BENIGN,,-1,,-1,,,False,NO_VEP,"Structural-only assessment (LSSIM=0.995, global SSIM=1.000). VEP not available for this locus.",Pathogenic,ClinVar_Pathogenic,-1,CATEGORICAL,G,G,T,RECOVERED_UCSC_HGVS_MATCH,UCSC_hg38_sequence_api_plus_HGVS_c,True,HBA1,0,results\HBA1_Unified_Atlas_300kb.csv
VCV003036580,177412,G,A,c.*1G>A,,other,Likely benign,0.9998,0.9965,0.0105,0,BENIGN,,-1,,-1,,,False,NO_VEP,"Structural-only assessment (LSSIM=0.996, global SSIM=1.000). VEP not available for this locus.",Benign,ClinVar_Benign,-1,CATEGORICAL,G,G,A,RECOVERED_UCSC_HGVS_MATCH,UCSC_hg38_sequence_api_plus_HGVS_c,True,HBA1,0,results\HBA1_Unified_Atlas_300kb.csv
VCV000439094,177457,C,A,c.*46C>A,,other,Benign/Likely benign,0.9999,0.9971,0.0098,0,BENIGN,,-1,,-1,,,False,NO_VEP,"Structural-only assessment (LSSIM=0.997, global SSIM=1.000). VEP not available for this locus.",Benign,ClinVar_Benign,-1,CATEGORICAL,C,C,A,RECOVERED_UCSC_HGVS_MATCH,UCSC_hg38_sequence_api_plus_HGVS_c,True,HBA1,0,results\HBA1_Unified_Atlas_300kb.csv
VCV000811573,177694,.,.,,,other,Benign,0.9999,0.9972,0.0097,0,BENIGN,,-1,,-1,,,False,NO_VEP,"Structural-only assessment (LSSIM=0.997, global SSIM=1.000). VEP not available for this locus.",Benign,ClinVar_Benign,-1,CATEGORICAL,A,,,NOT_RECOVERED_HGVS_OR_REF_MISMATCH,UCSC_hg38_sequence_api_plus_HGVS_c,False,HBA1,172,results\HBA1_Unified_Atlas_300kb.csv
