locus,role,atlas,source,atlas_exists,source_exists,source_status,total_rows,source_rows,queryable_snvs,source_queryable_snvs,regulatory_snvs,bottom5_regulatory_snvs,controls_possible,synthetic_risk_rows,lssim_q05,verdict,note
HBA_full,candidate_positive_regulatory,PAPER3_HBA_FULL_QUERYABLE_ATLAS_20260503.csv,,True,False,,111,0,108,0,23,0,23,0,0.994335,STOP_current_gate,Full HBA gate already failed: regulatory rows do not enter whole-locus bottom 5%.
GATA1,candidate_positive_regulatory,GATA1_Unified_Atlas_300kb.csv,clinvar_gata1_variants.csv,True,True,SOURCE_ONLY,183,227,0,0,0,0,0,0,NA,REBUILD_REF_ALT,Erythroid regulator; needs queryability and source/category audit.
LDLR,candidate_regulatory_or_design,LDLR_Unified_Atlas_300kb.csv,kircher_LDLR_GRCh38.tsv,True,True,SOURCE_ONLY,3284,1083,2344,954,587,122,465,0,0.9987,REBUILD_SOURCE,Has prior design/live artifacts; not a clean regulatory-positive locus yet.
LDLR_K562,candidate_regulatory_or_design,LDLR_Unified_Atlas_300kb_K562.csv,kircher_LDLR_GRCh38.tsv,True,True,SOURCE_ONLY,3284,1083,2344,954,587,120,467,0,0.9995,REBUILD_SOURCE,Cell-context variant of LDLR; same source-audit caveat.
TERT,candidate_regulatory_import,TERT_Unified_Atlas_300kb.csv,kircher_TERT_GRCh38.tsv,True,True,SOURCE_ONLY,2089,975,1957,777,481,8,473,0,0.978,TRY_NEXT_DRY_RUN,"Promoter biology is plausible, but germline/somatic semantics need source audit."
TERT_SKNS,candidate_regulatory_import,TERT_Unified_Atlas_300kb_SKNS.csv,kircher_TERT_GRCh38.tsv,True,True,SOURCE_ONLY,2089,975,1957,777,481,0,481,0,0.9919,REBUILD_SOURCE,Alternative cell context; same source semantics caveat.
HBG1_source_only,candidate_external_import,,kircher_HBG1_GRCh38.tsv,False,True,SOURCE_ONLY,0,907,0,822,0,0,0,0,NA,IMPORT_ARCHCODE_ATLAS,Source-only MPRA-style table; needs ARCHCODE atlas/config before Paper 3 gate.
BCL11A_erythroid,known_blocked_pilot,BCL11A_Unified_Atlas_bcl11a_erythroid.csv,,True,False,,182,0,182,0,17,3,14,0,0.9791,STOP_control_confound,Prior source/control audit showed position controls share the same query pattern.
CFTR,mechanism_boundary,CFTR_Unified_Atlas_317kb.csv,,True,False,,3349,0,2592,0,783,69,714,0,0.9986,BOUNDARY_ONLY,Prior candidate/control comparison behaved as a boundary or negative locus.
