"ClinVar_ID","Position_GRCh38","Ref","Alt","HGVS_c","HGVS_p","Category","ClinVar_Significance","ARCHCODE_SSIM","ARCHCODE_LSSIM","ARCHCODE_DeltaInsulation","ARCHCODE_LoopIntegrity","ARCHCODE_Verdict","VEP_Consequence","VEP_Score","VEP_Impact","SIFT_Score","SIFT_Prediction","VEP_Interpretation","Pearl","Discordance","Mechanism_Insight","Label","Source"
"VCV000250966","11089549","A","C","c.1A>C","","synonymous","Pathogenic","0.9999","0.9991","0.0069","0","BENIGN","start_lost","0.85","HIGH","0.0","deleterious_low_confidence","Very High Impact","false","VEP_ONLY","VEP detects sequence impact (score=0.85) but structure appears intact (LSSIM=0.999). Possible compensatory mechanism.","Pathogenic","ClinVar_Pathogenic"
"VCV000250967","11089549","A","G","c.1A>G","","synonymous","Likely pathogenic","0.9999","0.9991","0.0069","0","BENIGN","start_lost","0.85","HIGH","0.0","deleterious_low_confidence","Very High Impact","false","VEP_ONLY","VEP detects sequence impact (score=0.85) but structure appears intact (LSSIM=0.999). Possible compensatory mechanism.","Pathogenic","ClinVar_Pathogenic"
"VCV000250968","11089549","A","T","c.1A>T","","synonymous","Pathogenic","0.9999","0.9991","0.0069","0","BENIGN","start_lost","0.85","HIGH","0.0","deleterious_low_confidence","Very High Impact","false","VEP_ONLY","VEP detects sequence impact (score=0.85) but structure appears intact (LSSIM=0.999). Possible compensatory mechanism.","Pathogenic","ClinVar_Pathogenic"
"VCV000441174","11089550","T","C","c.2T>C","","synonymous","Likely pathogenic","0.9999","0.9991","0.0067","0","BENIGN","start_lost","0.85","HIGH","0.0","deleterious_low_confidence","Very High Impact","false","VEP_ONLY","VEP detects sequence impact (score=0.85) but structure appears intact (LSSIM=0.999). Possible compensatory mechanism.","Pathogenic","ClinVar_Pathogenic"
"VCV000250969","11089551","G","T","c.3G>T","","synonymous","Likely pathogenic","0.9999","0.9991","0.0069","0","BENIGN","start_lost","0.85","HIGH","0.0","deleterious_low_confidence","Very High Impact","false","VEP_ONLY","VEP detects sequence impact (score=0.85) but structure appears intact (LSSIM=0.999). Possible compensatory mechanism.","Pathogenic","ClinVar_Pathogenic"
"VCV000440536","11089551","G","A","c.3G>A","","synonymous","Likely pathogenic","0.9999","0.9991","0.0069","0","BENIGN","start_lost","0.85","HIGH","0.0","deleterious_low_confidence","Very High Impact","false","VEP_ONLY","VEP detects sequence impact (score=0.85) but structure appears intact (LSSIM=0.999). Possible compensatory mechanism.","Pathogenic","ClinVar_Pathogenic"
"VCV001756614","11089554","G","A","c.6G>A","","synonymous","Likely benign","0.9999","0.9991","0.0069","0","BENIGN","synonymous_variant","0.15","MODIFIER","-1.0","","Low Impact","false","AGREEMENT","Convergent evidence from structural and sequence analysis.","Benign","ClinVar_Benign"
"VCV001077440","11089557","C","T","c.9C>T","","synonymous","Likely benign","0.9999","0.9991","0.0068","0","BENIGN","synonymous_variant","0.15","MODIFIER","-1.0","","Low Impact","false","AGREEMENT","Convergent evidence from structural and sequence analysis.","Benign","ClinVar_Benign"
"VCV000250973","11089559","G","A","c.11G>A","","synonymous","Pathogenic","0.9999","0.9991","0.0066","0","BENIGN","stop_gained","0.9","HIGH","-1.0","","Very High Impact","false","VEP_ONLY","VEP detects sequence impact (score=0.90) but structure appears intact (LSSIM=0.999). Possible compensatory mechanism.","Pathogenic","ClinVar_Pathogenic"
"VCV000237860","11089560","G","A","c.12G>A","","synonymous","Pathogenic","0.9999","0.9991","0.0068","0","BENIGN","stop_gained","0.9","HIGH","-1.0","","Very High Impact","false","VEP_ONLY","VEP detects sequence impact (score=0.90) but structure appears intact (LSSIM=0.999). Possible compensatory mechanism.","Pathogenic","ClinVar_Pathogenic"
"VCV001776145","11089563","C","T","c.15C>T","","synonymous","Likely benign","0.9999","0.9991","0.0069","0","BENIGN","synonymous_variant","0.15","MODIFIER","-1.0","","Low Impact","false","AGREEMENT","Convergent evidence from structural and sequence analysis.","Benign","ClinVar_Benign"
"VCV002812733","11089563","C","G","c.15C>G","","synonymous","Likely benign","0.9999","0.9991","0.0069","0","BENIGN","synonymous_variant","0.15","MODIFIER","-1.0","","Low Impact","false","AGREEMENT","Convergent evidence from structural and sequence analysis.","Benign","ClinVar_Benign"
"VCV001452256","11089565","G","A","c.17G>A","","synonymous","Pathogenic","0.9999","0.9991","0.0068","0","BENIGN","stop_gained","0.9","HIGH","-1.0","","Very High Impact","false","VEP_ONLY","VEP detects sequence impact (score=0.90) but structure appears intact (LSSIM=0.999). Possible compensatory mechanism.","Pathogenic","ClinVar_Pathogenic"
"VCV003075748","11089566","G","A","c.18G>A","","synonymous","Likely pathogenic","0.9999","0.9991","0.0067","0","BENIGN","stop_gained","0.9","HIGH","-1.0","","Very High Impact","false","VEP_ONLY","VEP detects sequence impact (score=0.90) but structure appears intact (LSSIM=0.999). Possible compensatory mechanism.","Pathogenic","ClinVar_Pathogenic"
"VCV002491048","11089571","T","A","c.23T>A","","synonymous","Pathogenic","0.9999","0.9991","0.0068","0","BENIGN","stop_gained","0.9","HIGH","-1.0","","Very High Impact","false","VEP_ONLY","VEP detects sequence impact (score=0.90) but structure appears intact (LSSIM=0.999). Possible compensatory mechanism.","Pathogenic","ClinVar_Pathogenic"
"VCV000925039","11089575","C","T","c.27C>T","","synonymous","Likely benign","0.9999","0.9991","0.0067","0","BENIGN","synonymous_variant","0.15","MODIFIER","-1.0","","Low Impact","false","AGREEMENT","Convergent evidence from structural and sequence analysis.","Benign","ClinVar_Benign"
"VCV000250975","11089576","T","A","c.28T>A","","synonymous","Likely pathogenic","0.9999","0.9991","0.0067","0","BENIGN","missense_variant","0.9","MODERATE","0.0","deleterious_low_confidence","Very High Impact","false","VEP_ONLY","VEP detects sequence impact (score=0.90) but structure appears intact (LSSIM=0.999). Possible compensatory mechanism.","Pathogenic","ClinVar_Pathogenic"
"VCV000250976","11089576","T","C","c.28T>C","","synonymous","Pathogenic/Likely pathogenic","0.9999","0.9991","0.0067","0","BENIGN","missense_variant","0.9","MODERATE","0.0","deleterious_low_confidence","Very High Impact","false","VEP_ONLY","VEP detects sequence impact (score=0.90) but structure appears intact (LSSIM=0.999). Possible compensatory mechanism.","Pathogenic","ClinVar_Pathogenic"
"VCV000440537","11089577","G","A","c.29G>A","","synonymous","Pathogenic","0.9999","0.9991","0.0068","0","BENIGN","stop_gained","0.9","HIGH","-1.0","","Very High Impact","false","VEP_ONLY","VEP detects sequence impact (score=0.90) but structure appears intact (LSSIM=0.999). Possible compensatory mechanism.","Pathogenic","ClinVar_Pathogenic"
"VCV000627856","11089578","G","A","c.30G>A","","synonymous","Pathogenic","0.9999","0.9991","0.0069","0","BENIGN","stop_gained","0.9","HIGH","-1.0","","Very High Impact","false","VEP_ONLY","VEP detects sequence impact (score=0.90) but structure appears intact (LSSIM=0.999). Possible compensatory mechanism.","Pathogenic","ClinVar_Pathogenic"
"VCV001135175","11089581","C","T","c.33C>T","","synonymous","Likely benign","0.9999","0.9991","0.0068","0","BENIGN","synonymous_variant","0.15","MODIFIER","-1.0","","Low Impact","false","AGREEMENT","Convergent evidence from structural and sequence analysis.","Benign","ClinVar_Benign"
"VCV002911824","11089581","C","G","c.33C>G","","synonymous","Likely benign","0.9999","0.9991","0.0068","0","BENIGN","synonymous_variant","0.15","MODIFIER","-1.0","","Low Impact","false","AGREEMENT","Convergent evidence from structural and sequence analysis.","Benign","ClinVar_Benign"
"VCV000664091","11089589","T","A","c.41T>A","","synonymous","Pathogenic","0.9999","0.9991","0.0067","0","BENIGN","stop_gained","0.9","HIGH","-1.0","","Very High Impact","false","VEP_ONLY","VEP detects sequence impact (score=0.90) but structure appears intact (LSSIM=0.999). Possible compensatory mechanism.","Pathogenic","ClinVar_Pathogenic"
"VCV000250981","11089592","T","C","c.44T>C","","synonymous","Likely pathogenic","0.9999","0.9991","0.0068","0","BENIGN","missense_variant","0.795","MODERATE","0.21","tolerated_low_confidence","High Impact","false","VEP_ONLY","VEP detects sequence impact (score=0.80) but structure appears intact (LSSIM=0.999). Possible compensatory mechanism.","Pathogenic","ClinVar_Pathogenic"
"VCV001436912","11089592","T","G","c.44T>G","","synonymous","Likely pathogenic","0.9999","0.9991","0.0068","0","BENIGN","missense_variant","0.725","MODERATE","0.35","tolerated_low_confidence","High Impact","false","VEP_ONLY","VEP detects sequence impact (score=0.72) but structure appears intact (LSSIM=0.999). Possible compensatory mechanism.","Pathogenic","ClinVar_Pathogenic"
"VCV000921122","11089593","C","T","c.45C>T","","synonymous","Likely benign","0.9999","0.9991","0.0068","0","BENIGN","synonymous_variant","0.15","MODIFIER","-1.0","","Low Impact","false","AGREEMENT","Convergent evidence from structural and sequence analysis.","Benign","ClinVar_Benign"
"VCV004757623","11089594","C","T","c.46C>T","","synonymous","Likely benign","0.9999","0.9991","0.0068","0","BENIGN","missense_variant","0.845","MODERATE","0.11","tolerated_low_confidence","Very High Impact","false","VEP_ONLY","VEP detects sequence impact (score=0.84) but structure appears intact (LSSIM=0.999). Possible compensatory mechanism.","Benign","ClinVar_Benign"
"VCV000250983","11089596","C","A","c.48C>A","","synonymous","Likely benign","0.9999","0.9991","0.0067","0","BENIGN","synonymous_variant","0.15","MODIFIER","-1.0","","Low Impact","false","AGREEMENT","Convergent evidence from structural and sequence analysis.","Benign","ClinVar_Benign"
"VCV003673747","11089596","C","T","c.48C>T","","synonymous","Likely benign","0.9999","0.9991","0.0067","0","BENIGN","synonymous_variant","0.15","MODIFIER","-1.0","","Low Impact","false","AGREEMENT","Convergent evidence from structural and sequence analysis.","Benign","ClinVar_Benign"
"VCV003070605","11089597","G","A","c.49G>A","","synonymous","Conflicting classifications of pathogenicity","0.9999","0.9991","0.0068","0","BENIGN","missense_variant","0.8","MODERATE","0.2","tolerated_low_confidence","Very High Impact","false","VEP_ONLY","VEP detects sequence impact (score=0.80) but structure appears intact (LSSIM=0.999). Possible compensatory mechanism.","Pathogenic","ClinVar_Pathogenic"
"VCV001097179","11089599","C","T","c.51C>T","","synonymous","Likely benign","0.9999","0.9991","0.0068","0","BENIGN","synonymous_variant","0.15","MODIFIER","-1.0","","Low Impact","false","AGREEMENT","Convergent evidence from structural and sequence analysis.","Benign","ClinVar_Benign"
"VCV000375773","11089601","C","T","c.53C>T","","synonymous","Likely benign","0.9999","0.9991","0.0068","0","BENIGN","missense_variant","0.87","MODERATE","0.06","tolerated_low_confidence","Very High Impact","false","VEP_ONLY","VEP detects sequence impact (score=0.87) but structure appears intact (LSSIM=0.999). Possible compensatory mechanism.","Benign","ClinVar_Benign"
"VCV000924946","11089602","G","C","c.54G>C","","synonymous","Likely benign","0.9999","0.9991","0.0069","0","BENIGN","synonymous_variant","0.15","MODIFIER","-1.0","","Low Impact","false","AGREEMENT","Convergent evidence from structural and sequence analysis.","Benign","ClinVar_Benign"
"VCV000250985","11089604","C","T","c.56C>T","","synonymous","Conflicting classifications of pathogenicity","0.9999","0.999","0.0069","0","BENIGN","missense_variant","0.8","MODERATE","0.2","tolerated_low_confidence","Very High Impact","false","VEP_ONLY","VEP detects sequence impact (score=0.80) but structure appears intact (LSSIM=0.999). Possible compensatory mechanism.","Pathogenic","ClinVar_Pathogenic"
"VCV000161272","11089606","G","A","c.58G>A","","synonymous","Benign","0.9999","0.9991","0.0068","0","BENIGN","missense_variant","0.7","MODERATE","0.4","tolerated_low_confidence","High Impact","false","VEP_ONLY","VEP detects sequence impact (score=0.70) but structure appears intact (LSSIM=0.999). Possible compensatory mechanism.","Benign","ClinVar_Benign"
"VCV001172187","11089608","G","A","c.60G>A","","synonymous","Likely benign","0.9999","0.999","0.0069","0","BENIGN","synonymous_variant","0.15","MODIFIER","-1.0","","Low Impact","false","AGREEMENT","Convergent evidence from structural and sequence analysis.","Benign","ClinVar_Benign"
"VCV002912195","11089611","T","G","c.63T>G","","synonymous","Likely benign","0.9999","0.9991","0.0068","0","BENIGN","synonymous_variant","0.15","MODIFIER","-1.0","","Low Impact","false","AGREEMENT","Convergent evidence from structural and sequence analysis.","Benign","ClinVar_Benign"
"VCV004756886","11089611","T","C","c.63T>C","","synonymous","Likely benign","0.9999","0.9991","0.0068","0","BENIGN","synonymous_variant","0.15","MODIFIER","-1.0","","Low Impact","false","AGREEMENT","Convergent evidence from structural and sequence analysis.","Benign","ClinVar_Benign"
"VCV000431507","11089616","G","A","NM_000527.5(LDLR):c.67+1G>A","","intronic","Pathogenic/Likely pathogenic","0.9995","0.996","0.014","0","BENIGN","splice_donor_variant","0.95","HIGH","-1.0","","Very High Impact","false","VEP_ONLY","VEP detects sequence impact (score=0.95) but structure appears intact (LSSIM=0.996). Possible compensatory mechanism.","Pathogenic","ClinVar_Pathogenic"
"VCV000441175","11089616","G","T","NM_000527.5(LDLR):c.67+1G>T","","intronic","Pathogenic/Likely pathogenic","0.9995","0.996","0.014","0","BENIGN","splice_donor_variant","0.95","HIGH","-1.0","","Very High Impact","false","VEP_ONLY","VEP detects sequence impact (score=0.95) but structure appears intact (LSSIM=0.996). Possible compensatory mechanism.","Pathogenic","ClinVar_Pathogenic"
"VCV000250987","11089617","T","A","NM_000527.5(LDLR):c.67+2T>A","","intronic","Pathogenic/Likely pathogenic","0.9995","0.9963","0.0136","0","BENIGN","splice_donor_variant","0.95","HIGH","-1.0","","Very High Impact","false","VEP_ONLY","VEP detects sequence impact (score=0.95) but structure appears intact (LSSIM=0.996). Possible compensatory mechanism.","Pathogenic","ClinVar_Pathogenic"
"VCV000924933","11089621","G","A","NM_000527.5(LDLR):c.67+6G>A","","intronic","Likely benign","0.9995","0.9961","0.0139","0","BENIGN","splice_donor_region_variant","0.35","LOW","-1.0","","Moderate Impact","false","AGREEMENT","Convergent evidence from structural and sequence analysis.","Benign","ClinVar_Benign"
"VCV003679135","11089628","C","T","NM_000527.5(LDLR):c.67+13C>T","","intronic","Likely benign","0.9995","0.9961","0.0138","0","BENIGN","intron_variant","0.15","MODIFIER","-1.0","","Low Impact","false","AGREEMENT","Convergent evidence from structural and sequence analysis.","Benign","ClinVar_Benign"
"VCV003679913","11089631","G","C","NM_000527.5(LDLR):c.67+16G>C","","intronic","Likely benign","0.9995","0.9962","0.0137","0","BENIGN","intron_variant","0.15","MODIFIER","-1.0","","Low Impact","false","AGREEMENT","Convergent evidence from structural and sequence analysis.","Benign","ClinVar_Benign"
"VCV004744574","11089631","G","A","NM_000527.5(LDLR):c.67+16G>A","","intronic","Likely benign","0.9995","0.9962","0.0137","0","BENIGN","intron_variant","0.15","MODIFIER","-1.0","","Low Impact","false","AGREEMENT","Convergent evidence from structural and sequence analysis.","Benign","ClinVar_Benign"
"VCV000235625","11089633","C","A","NM_000527.5(LDLR):c.67+18C>A","","intronic","Benign/Likely benign","0.9995","0.9961","0.0139","0","BENIGN","intron_variant","0.15","MODIFIER","-1.0","","Low Impact","false","AGREEMENT","Convergent evidence from structural and sequence analysis.","Benign","ClinVar_Benign"
"VCV002695039","11089633","C","T","NM_000527.5(LDLR):c.67+18C>T","","intronic","Likely benign","0.9995","0.9961","0.0139","0","BENIGN","intron_variant","0.15","MODIFIER","-1.0","","Low Impact","false","AGREEMENT","Convergent evidence from structural and sequence analysis.","Benign","ClinVar_Benign"
"VCV002822924","11089635","C","G","NM_000527.5(LDLR):c.67+20C>G","","intronic","Likely benign","0.9995","0.9961","0.0141","0","BENIGN","intron_variant","0.15","MODIFIER","-1.0","","Low Impact","false","AGREEMENT","Convergent evidence from structural and sequence analysis.","Benign","ClinVar_Benign"
"VCV001712228","11089755","C","T","NM_000527.5(LDLR):c.67+140C>T","","intronic","Likely benign","0.9995","0.9961","0.0137","0","BENIGN","intron_variant","0.15","MODIFIER","-1.0","","Low Impact","false","AGREEMENT","Convergent evidence from structural and sequence analysis.","Benign","ClinVar_Benign"
"VCV001678730","11089799","C","G","NM_000527.5(LDLR):c.67+184C>G","","intronic","Benign","0.9995","0.9962","0.0137","0","BENIGN","intron_variant","0.15","MODIFIER","-1.0","","Low Impact","false","AGREEMENT","Convergent evidence from structural and sequence analysis.","Benign","ClinVar_Benign"
