ClinVar_ID,Position_GRCh38,Ref,Alt,HGVS_c,HGVS_p,Category,ClinVar_Significance,ARCHCODE_SSIM,ARCHCODE_LSSIM,ARCHCODE_DeltaInsulation,ARCHCODE_LoopIntegrity,ARCHCODE_Verdict,VEP_Consequence,VEP_Score,VEP_Impact,SIFT_Score,SIFT_Prediction,VEP_Interpretation,Pearl,Discordance,Mechanism_Insight,Label,Source,CADD_Phred,Effect_Source,source_title,source_review_status,source_clinical_significance,alt_source_ref,alt_source_alt,alt_source_hgvs_c,alt_source_hgvs_p,Ref_recovered,Alt_recovered,allele_recovery_status,is_queryable_snv_recovered,mechanism_subclass,is_synthetic_or_demo,gata1_lssim_q05_recovered,gata1_bottom5_recovered,gata1_primary_regulatory_candidate,gata1_potential_position_control,nearest_feature_type,nearest_feature_name,nearest_feature_distance_bp
VCV001292695,48791049,.,.,c.-19-42=,,intronic,Benign,0.9999,0.9996,0.0062,0,BENIGN,,-1,,-1,,,False,NO_VEP,"Structural-only assessment (LSSIM=1.000, global SSIM=1.000). VEP not available for this locus.",Benign,ClinVar_Benign,-1,CATEGORICAL,NM_002049.4(GATA1):c.-19-42=,"criteria provided, multiple submitters, no conflicts",Benign,.,.,c.-19-42=,,.,.,not_recovered,False,intronic,False,0.9892,False,False,False,genes,GATA1,0
VCV003032772,48791079,.,.,c.-19-12C>T,,intronic,Likely benign,1.0,0.9997,0.006,0,BENIGN,,-1,,-1,,,False,NO_VEP,"Structural-only assessment (LSSIM=1.000, global SSIM=1.000). VEP not available for this locus.",Benign,ClinVar_Benign,-1,CATEGORICAL,NM_002049.4(GATA1):c.-19-12C>T,no assertion criteria provided,Likely benign,.,.,c.-19-12C>T,,C,T,recovered_from_hgvs_plus_strand_assumption,True,intronic,False,0.9892,False,False,False,genes,GATA1,0
VCV000258540,48791086,.,.,c.-19-5C>T,,intronic,Likely benign,0.9999,0.9997,0.0062,0,BENIGN,,-1,,-1,,,False,NO_VEP,"Structural-only assessment (LSSIM=1.000, global SSIM=1.000). VEP not available for this locus.",Benign,ClinVar_Benign,-1,CATEGORICAL,NM_002049.4(GATA1):c.-19-5C>T,"criteria provided, single submitter",Likely benign,.,.,c.-19-5C>T,,C,T,recovered_from_hgvs_plus_strand_assumption,True,intronic,False,0.9892,False,False,False,genes,GATA1,0
VCV003344400,48791089,.,.,c.-19-2A>G,,splice,Pathogenic,0.9996,0.9977,0.0163,0,BENIGN,,-1,,-1,,,False,NO_VEP,"Structural-only assessment (LSSIM=0.998, global SSIM=1.000). VEP not available for this locus.",Pathogenic,ClinVar_Pathogenic,-1,CATEGORICAL,NM_002049.4(GATA1):c.-19-2A>G,no assertion criteria provided,Pathogenic,.,.,c.-19-2A>G,,A,G,recovered_from_hgvs_plus_strand_assumption,True,splice_region,False,0.9892,False,False,False,genes,GATA1,0
VCV004531320,48791090,.,.,c.-19-1G>T,,splice,Likely pathogenic,0.9997,0.9978,0.0155,0,BENIGN,,-1,,-1,,,False,NO_VEP,"Structural-only assessment (LSSIM=0.998, global SSIM=1.000). VEP not available for this locus.",Pathogenic,ClinVar_Pathogenic,-1,CATEGORICAL,NM_002049.4(GATA1):c.-19-1G>T,"criteria provided, single submitter",Likely pathogenic,.,.,c.-19-1G>T,,G,T,recovered_from_hgvs_plus_strand_assumption,True,splice_region,False,0.9892,False,False,False,genes,GATA1,0
VCV000156265,48791111,.,.,c.2T>C,p.Met1Thr,missense,Pathogenic,0.9995,0.9966,0.0193,0,BENIGN,,-1,,-1,,,False,NO_VEP,"Structural-only assessment (LSSIM=0.997, global SSIM=0.999). VEP not available for this locus.",Pathogenic,ClinVar_Pathogenic,-1,CATEGORICAL,NM_002049.4(GATA1):c.2T>C (p.Met1Thr),"criteria provided, single submitter",Pathogenic,.,.,c.2T>C,p.Met1Thr,T,C,recovered_from_hgvs_plus_strand_assumption,True,coding_missense,False,0.9892,False,False,False,genes,GATA1,0
VCV003773835,48791112,.,.,c.3G>C,p.Met1Ile,missense,Pathogenic,0.9995,0.9966,0.0195,0,BENIGN,,-1,,-1,,,False,NO_VEP,"Structural-only assessment (LSSIM=0.997, global SSIM=0.999). VEP not available for this locus.",Pathogenic,ClinVar_Pathogenic,-1,CATEGORICAL,NM_002049.4(GATA1):c.3G>C (p.Met1Ile),"criteria provided, single submitter",Pathogenic,.,.,c.3G>C,p.Met1Ile,G,C,recovered_from_hgvs_plus_strand_assumption,True,coding_missense,False,0.9892,False,False,False,genes,GATA1,0
VCV001068653,48791112,.,.,c.3G>T,p.Met1Ile,missense,Pathogenic,0.9995,0.9966,0.0195,0,BENIGN,,-1,,-1,,,False,NO_VEP,"Structural-only assessment (LSSIM=0.997, global SSIM=0.999). VEP not available for this locus.",Pathogenic,ClinVar_Pathogenic,-1,CATEGORICAL,NM_002049.4(GATA1):c.3G>T (p.Met1Ile),"criteria provided, single submitter",Pathogenic,.,.,c.3G>T,p.Met1Ile,G,T,recovered_from_hgvs_plus_strand_assumption,True,coding_missense,False,0.9892,False,False,False,genes,GATA1,0
VCV003748095,48791130,.,.,c.21G>A,p.Gly7=,synonymous,Likely benign,1.0,0.9999,0.0033,0,BENIGN,,-1,,-1,,,False,NO_VEP,"Structural-only assessment (LSSIM=1.000, global SSIM=1.000). VEP not available for this locus.",Benign,ClinVar_Benign,-1,CATEGORICAL,NM_002049.4(GATA1):c.21G>A (p.Gly7=),"criteria provided, single submitter",Likely benign,.,.,c.21G>A,p.Gly7=,G,A,recovered_from_hgvs_plus_strand_assumption,True,coding_synonymous,False,0.9892,False,False,False,genes,GATA1,0
VCV000952388,48791144,.,.,c.35C>G,p.Ser12Ter,nonsense,Pathogenic/Likely pathogenic,0.9986,0.9904,0.0323,0,BENIGN,,-1,,-1,,,False,NO_VEP,"Structural-only assessment (LSSIM=0.990, global SSIM=0.999). VEP not available for this locus.",Pathogenic,ClinVar_Pathogenic,-1,CATEGORICAL,NM_002049.4(GATA1):c.35C>G (p.Ser12Ter),"criteria provided, multiple submitters, no conflicts",Pathogenic/Likely pathogenic,.,.,c.35C>G,p.Ser12Ter,C,G,recovered_from_hgvs_plus_strand_assumption,True,coding_nonsense,False,0.9892,False,False,False,genes,GATA1,0
VCV001596225,48791148,.,.,c.39G>A,p.Glu13=,synonymous,Likely benign,1.0,0.9999,0.003,0,BENIGN,,-1,,-1,,,False,NO_VEP,"Structural-only assessment (LSSIM=1.000, global SSIM=1.000). VEP not available for this locus.",Benign,ClinVar_Benign,-1,CATEGORICAL,NM_002049.4(GATA1):c.39G>A (p.Glu13=),"criteria provided, single submitter",Likely benign,.,.,c.39G>A,p.Glu13=,G,A,recovered_from_hgvs_plus_strand_assumption,True,coding_synonymous,False,0.9892,False,False,False,genes,GATA1,0
VCV002928606,48791157,.,.,c.48C>A,p.Pro16=,synonymous,Likely benign,1.0,0.9999,0.003,0,BENIGN,,-1,,-1,,,False,NO_VEP,"Structural-only assessment (LSSIM=1.000, global SSIM=1.000). VEP not available for this locus.",Benign,ClinVar_Benign,-1,CATEGORICAL,NM_002049.4(GATA1):c.48C>A (p.Pro16=),"criteria provided, single submitter",Likely benign,.,.,c.48C>A,p.Pro16=,C,A,recovered_from_hgvs_plus_strand_assumption,True,coding_synonymous,False,0.9892,False,False,False,genes,GATA1,0
VCV000945515,48791158,.,.,c.49C>T,p.Gln17Ter,nonsense,Pathogenic,0.9986,0.9905,0.0321,0,BENIGN,,-1,,-1,,,False,NO_VEP,"Structural-only assessment (LSSIM=0.990, global SSIM=0.999). VEP not available for this locus.",Pathogenic,ClinVar_Pathogenic,-1,CATEGORICAL,NM_002049.4(GATA1):c.49C>T (p.Gln17Ter),"criteria provided, single submitter",Pathogenic,.,.,c.49C>T,p.Gln17Ter,C,T,recovered_from_hgvs_plus_strand_assumption,True,coding_nonsense,False,0.9892,False,False,False,genes,GATA1,0
VCV000533697,48791173,.,.,c.64G>A,p.Ala22Thr,missense,Benign,0.9995,0.9967,0.0191,0,BENIGN,,-1,,-1,,,False,NO_VEP,"Structural-only assessment (LSSIM=0.997, global SSIM=1.000). VEP not available for this locus.",Benign,ClinVar_Benign,-1,CATEGORICAL,NM_002049.4(GATA1):c.64G>A (p.Ala22Thr),"criteria provided, single submitter",Benign,.,.,c.64G>A,p.Ala22Thr,G,A,recovered_from_hgvs_plus_strand_assumption,True,coding_missense,False,0.9892,False,False,False,genes,GATA1,0
VCV001951191,48791174,.,.,c.65C>G,p.Ala22Gly,missense,Benign/Likely benign,0.9994,0.9962,0.0205,0,BENIGN,,-1,,-1,,,False,NO_VEP,"Structural-only assessment (LSSIM=0.996, global SSIM=0.999). VEP not available for this locus.",Benign,ClinVar_Benign,-1,CATEGORICAL,NM_002049.4(GATA1):c.65C>G (p.Ala22Gly),"criteria provided, multiple submitters, no conflicts",Benign/Likely benign,.,.,c.65C>G,p.Ala22Gly,C,G,recovered_from_hgvs_plus_strand_assumption,True,coding_missense,False,0.9892,False,False,False,genes,GATA1,0
VCV000465134,48791198,.,.,c.89C>G,p.Ser30Ter,nonsense,Pathogenic,0.9987,0.9915,0.0307,0,BENIGN,,-1,,-1,,,False,NO_VEP,"Structural-only assessment (LSSIM=0.992, global SSIM=0.999). VEP not available for this locus.",Pathogenic,ClinVar_Pathogenic,-1,CATEGORICAL,NM_002049.4(GATA1):c.89C>G (p.Ser30Ter),"criteria provided, multiple submitters, no conflicts",Pathogenic,.,.,c.89C>G,p.Ser30Ter,C,G,recovered_from_hgvs_plus_strand_assumption,True,coding_nonsense,False,0.9892,False,False,False,genes,GATA1,0
VCV002951756,48791202,.,.,c.93G>A,p.Gly31=,synonymous,Likely benign,1.0,0.9999,0.0031,0,BENIGN,,-1,,-1,,,False,NO_VEP,"Structural-only assessment (LSSIM=1.000, global SSIM=1.000). VEP not available for this locus.",Benign,ClinVar_Benign,-1,CATEGORICAL,NM_002049.4(GATA1):c.93G>A (p.Gly31=),"criteria provided, single submitter",Likely benign,.,.,c.93G>A,p.Gly31=,G,A,recovered_from_hgvs_plus_strand_assumption,True,coding_synonymous,False,0.9892,False,False,False,genes,GATA1,0
VCV000697339,48791202,.,.,c.93G>T,p.Gly31=,synonymous,Conflicting classifications of pathogenicity,1.0,0.9999,0.0031,0,BENIGN,,-1,,-1,,,False,NO_VEP,"Structural-only assessment (LSSIM=1.000, global SSIM=1.000). VEP not available for this locus.",Pathogenic,ClinVar_Pathogenic,-1,CATEGORICAL,NM_002049.4(GATA1):c.93G>T (p.Gly31=),"criteria provided, conflicting classifications",Conflicting classifications of pathogenicity,.,.,c.93G>T,p.Gly31=,G,T,recovered_from_hgvs_plus_strand_assumption,True,coding_synonymous,False,0.9892,False,False,False,genes,GATA1,0
VCV000465135,48791203,.,.,c.94G>A,p.Val32Ile,missense,Conflicting classifications of pathogenicity,0.9995,0.9969,0.0185,0,BENIGN,,-1,,-1,,,False,NO_VEP,"Structural-only assessment (LSSIM=0.997, global SSIM=1.000). VEP not available for this locus.",Pathogenic,ClinVar_Pathogenic,-1,CATEGORICAL,NM_002049.4(GATA1):c.94G>A (p.Val32Ile),"criteria provided, conflicting classifications",Conflicting classifications of pathogenicity,.,.,c.94G>A,p.Val32Ile,G,A,recovered_from_hgvs_plus_strand_assumption,True,coding_missense,False,0.9892,False,False,False,genes,GATA1,0
VCV000435275,48791222,.,.,c.113C>T,p.Pro38Leu,missense,Benign/Likely benign,0.9995,0.9965,0.0197,0,BENIGN,,-1,,-1,,,False,NO_VEP,"Structural-only assessment (LSSIM=0.996, global SSIM=0.999). VEP not available for this locus.",Benign,ClinVar_Benign,-1,CATEGORICAL,NM_002049.4(GATA1):c.113C>T (p.Pro38Leu),"criteria provided, multiple submitters, no conflicts",Benign/Likely benign,.,.,c.113C>T,p.Pro38Leu,C,T,recovered_from_hgvs_plus_strand_assumption,True,coding_missense,False,0.9892,False,False,False,genes,GATA1,0
VCV001153013,48791256,.,.,c.147C>A,p.Ala49=,synonymous,Likely benign,1.0,0.9999,0.0029,0,BENIGN,,-1,,-1,,,False,NO_VEP,"Structural-only assessment (LSSIM=1.000, global SSIM=1.000). VEP not available for this locus.",Benign,ClinVar_Benign,-1,CATEGORICAL,NM_002049.4(GATA1):c.147C>A (p.Ala49=),"criteria provided, single submitter",Likely benign,.,.,c.147C>A,p.Ala49=,C,A,recovered_from_hgvs_plus_strand_assumption,True,coding_synonymous,False,0.9892,False,False,False,genes,GATA1,0
VCV000767299,48791259,.,.,c.150G>A,p.Pro50=,synonymous,Likely benign,1.0,0.9999,0.0031,0,BENIGN,,-1,,-1,,,False,NO_VEP,"Structural-only assessment (LSSIM=1.000, global SSIM=1.000). VEP not available for this locus.",Benign,ClinVar_Benign,-1,CATEGORICAL,NM_002049.4(GATA1):c.150G>A (p.Pro50=),"criteria provided, multiple submitters, no conflicts",Likely benign,.,.,c.150G>A,p.Pro50=,G,A,recovered_from_hgvs_plus_strand_assumption,True,coding_synonymous,False,0.9892,False,False,False,genes,GATA1,0
VCV002199274,48791265,.,.,c.156A>C,p.Thr52=,synonymous,Likely benign,1.0,0.9999,0.003,0,BENIGN,,-1,,-1,,,False,NO_VEP,"Structural-only assessment (LSSIM=1.000, global SSIM=1.000). VEP not available for this locus.",Benign,ClinVar_Benign,-1,CATEGORICAL,NM_002049.4(GATA1):c.156A>C (p.Thr52=),"criteria provided, single submitter",Likely benign,.,.,c.156A>C,p.Thr52=,A,C,recovered_from_hgvs_plus_strand_assumption,True,coding_synonymous,False,0.9892,False,False,False,genes,GATA1,0
VCV001575197,48791267,.,.,c.158C>A,p.Ala53Asp,missense,Benign,0.9995,0.9968,0.019,0,BENIGN,,-1,,-1,,,False,NO_VEP,"Structural-only assessment (LSSIM=0.997, global SSIM=1.000). VEP not available for this locus.",Benign,ClinVar_Benign,-1,CATEGORICAL,NM_002049.4(GATA1):c.158C>A (p.Ala53Asp),"criteria provided, single submitter",Benign,.,.,c.158C>A,p.Ala53Asp,C,A,recovered_from_hgvs_plus_strand_assumption,True,coding_missense,False,0.9892,False,False,False,genes,GATA1,0
VCV004793138,48791271,.,.,c.162C>T,p.Thr54=,synonymous,Likely benign,1.0,0.9999,0.003,0,BENIGN,,-1,,-1,,,False,NO_VEP,"Structural-only assessment (LSSIM=1.000, global SSIM=1.000). VEP not available for this locus.",Benign,ClinVar_Benign,-1,CATEGORICAL,NM_002049.4(GATA1):c.162C>T (p.Thr54=),"criteria provided, single submitter",Likely benign,.,.,c.162C>T,p.Thr54=,C,T,recovered_from_hgvs_plus_strand_assumption,True,coding_synonymous,False,0.9892,False,False,False,genes,GATA1,0
VCV000134462,48791272,.,.,c.163G>A,p.Ala55Thr,missense,Benign,0.9995,0.9964,0.0201,0,BENIGN,,-1,,-1,,,False,NO_VEP,"Structural-only assessment (LSSIM=0.996, global SSIM=0.999). VEP not available for this locus.",Benign,ClinVar_Benign,-1,CATEGORICAL,NM_002049.4(GATA1):c.163G>A (p.Ala55Thr),"criteria provided, single submitter",Benign,.,.,c.163G>A,p.Ala55Thr,G,A,recovered_from_hgvs_plus_strand_assumption,True,coding_missense,False,0.9892,False,False,False,genes,GATA1,0
VCV001167646,48791282,.,.,c.173C>T,p.Ala58Val,missense,Conflicting classifications of pathogenicity,0.9994,0.9962,0.0205,0,BENIGN,,-1,,-1,,,False,NO_VEP,"Structural-only assessment (LSSIM=0.996, global SSIM=0.999). VEP not available for this locus.",Pathogenic,ClinVar_Pathogenic,-1,CATEGORICAL,NM_002049.4(GATA1):c.173C>T (p.Ala58Val),"criteria provided, conflicting classifications",Conflicting classifications of pathogenicity,.,.,c.173C>T,p.Ala58Val,C,T,recovered_from_hgvs_plus_strand_assumption,True,coding_missense,False,0.9892,False,False,False,genes,GATA1,0
VCV000258542,48791283,.,.,c.174G>A,p.Ala58=,synonymous,Benign/Likely benign,1.0,0.9999,0.0031,0,BENIGN,,-1,,-1,,,False,NO_VEP,"Structural-only assessment (LSSIM=1.000, global SSIM=1.000). VEP not available for this locus.",Benign,ClinVar_Benign,-1,CATEGORICAL,NM_002049.4(GATA1):c.174G>A (p.Ala58=),"criteria provided, multiple submitters, no conflicts",Benign/Likely benign,.,.,c.174G>A,p.Ala58=,G,A,recovered_from_hgvs_plus_strand_assumption,True,coding_synonymous,False,0.9892,False,False,False,genes,GATA1,0
VCV002941504,48791295,.,.,c.186C>G,p.Tyr62Ter,nonsense,Pathogenic,0.9987,0.9913,0.0309,0,BENIGN,,-1,,-1,,,False,NO_VEP,"Structural-only assessment (LSSIM=0.991, global SSIM=0.999). VEP not available for this locus.",Pathogenic,ClinVar_Pathogenic,-1,CATEGORICAL,NM_002049.4(GATA1):c.186C>G (p.Tyr62Ter),"criteria provided, single submitter",Pathogenic,.,.,c.186C>G,p.Tyr62Ter,C,G,recovered_from_hgvs_plus_strand_assumption,True,coding_nonsense,False,0.9892,False,False,False,genes,GATA1,0
VCV002634432,48791298,.,.,c.189C>A,p.Tyr63Ter,nonsense,Likely pathogenic,0.9988,0.9917,0.0303,0,BENIGN,,-1,,-1,,,False,NO_VEP,"Structural-only assessment (LSSIM=0.992, global SSIM=0.999). VEP not available for this locus.",Pathogenic,ClinVar_Pathogenic,-1,CATEGORICAL,NM_002049.4(GATA1):c.189C>A (p.Tyr63Ter),"criteria provided, single submitter",Likely pathogenic,.,.,c.189C>A,p.Tyr63Ter,C,A,recovered_from_hgvs_plus_strand_assumption,True,coding_nonsense,False,0.9892,False,False,False,genes,GATA1,0
VCV001156597,48791301,.,.,c.192G>A,p.Arg64=,synonymous,Likely benign,1.0,0.9999,0.0031,0,BENIGN,,-1,,-1,,,False,NO_VEP,"Structural-only assessment (LSSIM=1.000, global SSIM=1.000). VEP not available for this locus.",Benign,ClinVar_Benign,-1,CATEGORICAL,NM_002049.4(GATA1):c.192G>A (p.Arg64=),"criteria provided, single submitter",Likely benign,.,.,c.192G>A,p.Arg64=,G,A,recovered_from_hgvs_plus_strand_assumption,True,coding_synonymous,False,0.9892,False,False,False,genes,GATA1,0
VCV002634504,48791305,.,.,c.196G>A,p.Ala66Thr,missense,Conflicting classifications of pathogenicity,0.9994,0.9963,0.0202,0,BENIGN,,-1,,-1,,,False,NO_VEP,"Structural-only assessment (LSSIM=0.996, global SSIM=0.999). VEP not available for this locus.",Pathogenic,ClinVar_Pathogenic,-1,CATEGORICAL,NM_002049.4(GATA1):c.196G>A (p.Ala66Thr),"criteria provided, conflicting classifications",Conflicting classifications of pathogenicity,.,.,c.196G>A,p.Ala66Thr,G,A,recovered_from_hgvs_plus_strand_assumption,True,coding_missense,False,0.9892,False,False,False,genes,GATA1,0
VCV000695994,48791310,.,.,c.201G>A,p.Glu67=,synonymous,Benign/Likely benign,1.0,0.9999,0.0031,0,BENIGN,,-1,,-1,,,False,NO_VEP,"Structural-only assessment (LSSIM=1.000, global SSIM=1.000). VEP not available for this locus.",Benign,ClinVar_Benign,-1,CATEGORICAL,NM_002049.4(GATA1):c.201G>A (p.Glu67=),"criteria provided, multiple submitters, no conflicts",Benign/Likely benign,.,.,c.201G>A,p.Glu67=,G,A,recovered_from_hgvs_plus_strand_assumption,True,coding_synonymous,False,0.9892,False,False,False,genes,GATA1,0
VCV000793730,48791316,.,.,c.207C>T,p.Tyr69=,synonymous,Likely benign,1.0,0.9999,0.0029,0,BENIGN,,-1,,-1,,,False,NO_VEP,"Structural-only assessment (LSSIM=1.000, global SSIM=1.000). VEP not available for this locus.",Benign,ClinVar_Benign,-1,CATEGORICAL,NM_002049.4(GATA1):c.207C>T (p.Tyr69=),"criteria provided, single submitter",Likely benign,.,.,c.207C>T,p.Tyr69=,C,T,recovered_from_hgvs_plus_strand_assumption,True,coding_synonymous,False,0.9892,False,False,False,genes,GATA1,0
VCV001909155,48791319,.,.,c.210A>G,p.Arg70=,synonymous,Likely benign,1.0,0.9999,0.0032,0,BENIGN,,-1,,-1,,,False,NO_VEP,"Structural-only assessment (LSSIM=1.000, global SSIM=1.000). VEP not available for this locus.",Benign,ClinVar_Benign,-1,CATEGORICAL,NM_002049.4(GATA1):c.210A>G (p.Arg70=),"criteria provided, single submitter",Likely benign,.,.,c.210A>G,p.Arg70=,A,G,recovered_from_hgvs_plus_strand_assumption,True,coding_synonymous,False,0.9892,False,False,False,genes,GATA1,0
VCV001616386,48791321,.,.,c.212A>C,p.His71Pro,missense,Benign/Likely benign,0.9995,0.9966,0.0196,0,BENIGN,,-1,,-1,,,False,NO_VEP,"Structural-only assessment (LSSIM=0.997, global SSIM=0.999). VEP not available for this locus.",Benign,ClinVar_Benign,-1,CATEGORICAL,NM_002049.4(GATA1):c.212A>C (p.His71Pro),"criteria provided, multiple submitters, no conflicts",Benign/Likely benign,.,.,c.212A>C,p.His71Pro,A,C,recovered_from_hgvs_plus_strand_assumption,True,coding_missense,False,0.9892,False,False,False,genes,GATA1,0
VCV000533696,48791321,.,.,c.212A>G,p.His71Arg,missense,Benign,0.9995,0.9966,0.0196,0,BENIGN,,-1,,-1,,,False,NO_VEP,"Structural-only assessment (LSSIM=0.997, global SSIM=0.999). VEP not available for this locus.",Benign,ClinVar_Benign,-1,CATEGORICAL,NM_002049.4(GATA1):c.212A>G (p.His71Arg),"criteria provided, single submitter",Benign,.,.,c.212A>G,p.His71Arg,A,G,recovered_from_hgvs_plus_strand_assumption,True,coding_missense,False,0.9892,False,False,False,genes,GATA1,0
VCV001541439,48791325,.,.,c.216C>T,p.Ser72=,synonymous,Likely benign,1.0,0.9999,0.0029,0,BENIGN,,-1,,-1,,,False,NO_VEP,"Structural-only assessment (LSSIM=1.000, global SSIM=1.000). VEP not available for this locus.",Benign,ClinVar_Benign,-1,CATEGORICAL,NM_002049.4(GATA1):c.216C>T (p.Ser72=),"criteria provided, single submitter",Likely benign,.,.,c.216C>T,p.Ser72=,C,T,recovered_from_hgvs_plus_strand_assumption,True,coding_synonymous,False,0.9892,False,False,False,genes,GATA1,0
VCV000998076,48791328,.,.,c.219A>G,p.Pro73=,synonymous,Pathogenic,1.0,0.9999,0.0029,0,BENIGN,,-1,,-1,,,False,NO_VEP,"Structural-only assessment (LSSIM=1.000, global SSIM=1.000). VEP not available for this locus.",Pathogenic,ClinVar_Pathogenic,-1,CATEGORICAL,NM_002049.4(GATA1):c.219A>G (p.Pro73=),"criteria provided, single submitter",Pathogenic,.,.,c.219A>G,p.Pro73=,A,G,recovered_from_hgvs_plus_strand_assumption,True,coding_synonymous,False,0.9892,False,False,False,genes,GATA1,0
VCV003377318,48791329,.,.,c.220G>A,p.Val74Ile,missense,Conflicting classifications of pathogenicity,0.9995,0.9966,0.0196,0,BENIGN,,-1,,-1,,,False,NO_VEP,"Structural-only assessment (LSSIM=0.997, global SSIM=0.999). VEP not available for this locus.",Pathogenic,ClinVar_Pathogenic,-1,CATEGORICAL,NM_002049.4(GATA1):c.220G>A (p.Val74Ile),"criteria provided, conflicting classifications",Conflicting classifications of pathogenicity,.,.,c.220G>A,p.Val74Ile,G,A,recovered_from_hgvs_plus_strand_assumption,True,coding_missense,False,0.9892,False,False,False,genes,GATA1,0
VCV000156266,48791329,.,.,c.220G>C,p.Val74Leu,missense,Pathogenic,0.9995,0.9966,0.0196,0,BENIGN,,-1,,-1,,,False,NO_VEP,"Structural-only assessment (LSSIM=0.997, global SSIM=0.999). VEP not available for this locus.",Pathogenic,ClinVar_Pathogenic,-1,CATEGORICAL,NM_002049.4(GATA1):c.220G>C (p.Val74Leu),"criteria provided, single submitter",Pathogenic,.,.,c.220G>C,p.Val74Leu,G,C,recovered_from_hgvs_plus_strand_assumption,True,coding_missense,False,0.9892,False,False,False,genes,GATA1,0
VCV002952846,48791330,.,.,c.220+1G>T,,splice,Pathogenic,0.9996,0.9975,0.0166,0,BENIGN,,-1,,-1,,,False,NO_VEP,"Structural-only assessment (LSSIM=0.997, global SSIM=1.000). VEP not available for this locus.",Pathogenic,ClinVar_Pathogenic,-1,CATEGORICAL,NM_002049.4(GATA1):c.220+1G>T,"criteria provided, single submitter",Pathogenic,.,.,c.220+1G>T,,G,T,recovered_from_hgvs_plus_strand_assumption,True,splice_region,False,0.9892,False,False,False,genes,GATA1,0
VCV000956466,48791330,.,.,c.220+1G>A,,splice,Pathogenic,0.9996,0.9975,0.0166,0,BENIGN,,-1,,-1,,,False,NO_VEP,"Structural-only assessment (LSSIM=0.997, global SSIM=1.000). VEP not available for this locus.",Pathogenic,ClinVar_Pathogenic,-1,CATEGORICAL,NM_002049.4(GATA1):c.220+1G>A,"criteria provided, multiple submitters, no conflicts",Pathogenic,.,.,c.220+1G>A,,G,A,recovered_from_hgvs_plus_strand_assumption,True,splice_region,False,0.9892,False,False,False,genes,GATA1,0
VCV000567419,48791330,.,.,c.220+1G>C,,splice,Pathogenic,0.9996,0.9975,0.0166,0,BENIGN,,-1,,-1,,,False,NO_VEP,"Structural-only assessment (LSSIM=0.997, global SSIM=1.000). VEP not available for this locus.",Pathogenic,ClinVar_Pathogenic,-1,CATEGORICAL,NM_002049.4(GATA1):c.220+1G>C,"criteria provided, single submitter",Pathogenic,.,.,c.220+1G>C,,G,C,recovered_from_hgvs_plus_strand_assumption,True,splice_region,False,0.9892,False,False,False,genes,GATA1,0
VCV001705970,48791331,.,.,c.220+2T>C,,splice,Pathogenic/Likely pathogenic,0.9996,0.9976,0.0163,0,BENIGN,,-1,,-1,,,False,NO_VEP,"Structural-only assessment (LSSIM=0.998, global SSIM=1.000). VEP not available for this locus.",Pathogenic,ClinVar_Pathogenic,-1,CATEGORICAL,NM_002049.4(GATA1):c.220+2T>C,"criteria provided, multiple submitters, no conflicts",Pathogenic/Likely pathogenic,.,.,c.220+2T>C,,T,C,recovered_from_hgvs_plus_strand_assumption,True,splice_region,False,0.9892,False,False,False,genes,GATA1,0
VCV001116465,48791339,.,.,c.220+10T>C,,intronic,Likely benign,0.9999,0.9996,0.0064,0,BENIGN,,-1,,-1,,,False,NO_VEP,"Structural-only assessment (LSSIM=1.000, global SSIM=1.000). VEP not available for this locus.",Benign,ClinVar_Benign,-1,CATEGORICAL,NM_002049.4(GATA1):c.220+10T>C,"criteria provided, single submitter",Likely benign,.,.,c.220+10T>C,,T,C,recovered_from_hgvs_plus_strand_assumption,True,intronic,False,0.9892,False,False,False,genes,GATA1,0
VCV001555730,48791341,.,.,c.220+12G>A,,intronic,Likely benign,1.0,0.9997,0.006,0,BENIGN,,-1,,-1,,,False,NO_VEP,"Structural-only assessment (LSSIM=1.000, global SSIM=1.000). VEP not available for this locus.",Benign,ClinVar_Benign,-1,CATEGORICAL,NM_002049.4(GATA1):c.220+12G>A,"criteria provided, single submitter",Likely benign,.,.,c.220+12G>A,,G,A,recovered_from_hgvs_plus_strand_assumption,True,intronic,False,0.9892,False,False,False,genes,GATA1,0
VCV001548002,48791342,.,.,c.220+13A>C,,intronic,Likely benign,0.9999,0.9997,0.0061,0,BENIGN,,-1,,-1,,,False,NO_VEP,"Structural-only assessment (LSSIM=1.000, global SSIM=1.000). VEP not available for this locus.",Benign,ClinVar_Benign,-1,CATEGORICAL,NM_002049.4(GATA1):c.220+13A>C,"criteria provided, single submitter",Likely benign,.,.,c.220+13A>C,,A,C,recovered_from_hgvs_plus_strand_assumption,True,intronic,False,0.9892,False,False,False,genes,GATA1,0
VCV003750869,48791345,.,.,c.220+16G>A,,intronic,Likely benign,0.9999,0.9997,0.0062,0,BENIGN,,-1,,-1,,,False,NO_VEP,"Structural-only assessment (LSSIM=1.000, global SSIM=1.000). VEP not available for this locus.",Benign,ClinVar_Benign,-1,CATEGORICAL,NM_002049.4(GATA1):c.220+16G>A,"criteria provided, single submitter",Likely benign,.,.,c.220+16G>A,,G,A,recovered_from_hgvs_plus_strand_assumption,True,intronic,False,0.9892,False,False,False,genes,GATA1,0
VCV001585609,48791346,.,.,c.220+17G>T,,intronic,Likely benign,1.0,0.9997,0.006,0,BENIGN,,-1,,-1,,,False,NO_VEP,"Structural-only assessment (LSSIM=1.000, global SSIM=1.000). VEP not available for this locus.",Benign,ClinVar_Benign,-1,CATEGORICAL,NM_002049.4(GATA1):c.220+17G>T,"criteria provided, single submitter",Likely benign,.,.,c.220+17G>T,,G,T,recovered_from_hgvs_plus_strand_assumption,True,intronic,False,0.9892,False,False,False,genes,GATA1,0
VCV002922500,48791824,.,.,c.221-20T>A,,intronic,Benign,1.0,0.9997,0.0061,0,BENIGN,,-1,,-1,,,False,NO_VEP,"Structural-only assessment (LSSIM=1.000, global SSIM=1.000). VEP not available for this locus.",Benign,ClinVar_Benign,-1,CATEGORICAL,NM_002049.4(GATA1):c.221-20T>A,"criteria provided, single submitter",Benign,.,.,c.221-20T>A,,T,A,recovered_from_hgvs_plus_strand_assumption,True,intronic,False,0.9892,False,False,False,genes,GATA1,0
VCV003761919,48791854,.,.,c.231G>A,p.Val77=,synonymous,Likely benign,1.0,0.9999,0.0029,0,BENIGN,,-1,,-1,,,False,NO_VEP,"Structural-only assessment (LSSIM=1.000, global SSIM=1.000). VEP not available for this locus.",Benign,ClinVar_Benign,-1,CATEGORICAL,NM_002049.4(GATA1):c.231G>A (p.Val77=),"criteria provided, single submitter",Likely benign,.,.,c.231G>A,p.Val77=,G,A,recovered_from_hgvs_plus_strand_assumption,True,coding_synonymous,False,0.9892,False,False,False,genes,GATA1,0
VCV002085345,48791857,.,.,c.234C>T,p.Tyr78=,synonymous,Likely benign,1.0,0.9999,0.0029,0,BENIGN,,-1,,-1,,,False,NO_VEP,"Structural-only assessment (LSSIM=1.000, global SSIM=1.000). VEP not available for this locus.",Benign,ClinVar_Benign,-1,CATEGORICAL,NM_002049.4(GATA1):c.234C>T (p.Tyr78=),"criteria provided, single submitter",Likely benign,.,.,c.234C>T,p.Tyr78=,C,T,recovered_from_hgvs_plus_strand_assumption,True,coding_synonymous,False,0.9892,False,False,False,genes,GATA1,0
VCV001548869,48791860,.,.,c.237A>G,p.Pro79=,synonymous,Likely benign,1.0,0.9999,0.0029,0,BENIGN,,-1,,-1,,,False,NO_VEP,"Structural-only assessment (LSSIM=1.000, global SSIM=1.000). VEP not available for this locus.",Benign,ClinVar_Benign,-1,CATEGORICAL,NM_002049.4(GATA1):c.237A>G (p.Pro79=),"criteria provided, single submitter",Likely benign,.,.,c.237A>G,p.Pro79=,A,G,recovered_from_hgvs_plus_strand_assumption,True,coding_synonymous,False,0.9892,False,False,False,genes,GATA1,0
VCV003753134,48791878,.,.,c.255G>A,p.Glu85=,synonymous,Likely benign,1.0,0.9999,0.0031,0,BENIGN,,-1,,-1,,,False,NO_VEP,"Structural-only assessment (LSSIM=1.000, global SSIM=1.000). VEP not available for this locus.",Benign,ClinVar_Benign,-1,CATEGORICAL,NM_002049.4(GATA1):c.255G>A (p.Glu85=),"criteria provided, single submitter",Likely benign,.,.,c.255G>A,p.Glu85=,G,A,recovered_from_hgvs_plus_strand_assumption,True,coding_synonymous,False,0.9892,False,False,False,genes,GATA1,0
VCV002921606,48791881,.,.,c.258G>T,p.Gly86=,synonymous,Likely benign,1.0,0.9999,0.0029,0,BENIGN,,-1,,-1,,,False,NO_VEP,"Structural-only assessment (LSSIM=1.000, global SSIM=1.000). VEP not available for this locus.",Benign,ClinVar_Benign,-1,CATEGORICAL,NM_002049.4(GATA1):c.258G>T (p.Gly86=),"criteria provided, single submitter",Likely benign,.,.,c.258G>T,p.Gly86=,G,T,recovered_from_hgvs_plus_strand_assumption,True,coding_synonymous,False,0.9892,False,False,False,genes,GATA1,0
VCV000861781,48791889,.,.,c.266G>A,p.Gly89Glu,missense,Likely benign,0.9996,0.9971,0.0186,0,BENIGN,,-1,,-1,,,False,NO_VEP,"Structural-only assessment (LSSIM=0.997, global SSIM=1.000). VEP not available for this locus.",Benign,ClinVar_Benign,-1,CATEGORICAL,NM_002049.4(GATA1):c.266G>A (p.Gly89Glu),"criteria provided, single submitter",Likely benign,.,.,c.266G>A,p.Gly89Glu,G,A,recovered_from_hgvs_plus_strand_assumption,True,coding_missense,False,0.9892,False,False,False,genes,GATA1,0
VCV002924243,48791899,.,.,c.276A>G,p.Pro92=,synonymous,Likely benign,1.0,0.9999,0.0028,0,BENIGN,,-1,,-1,,,False,NO_VEP,"Structural-only assessment (LSSIM=1.000, global SSIM=1.000). VEP not available for this locus.",Benign,ClinVar_Benign,-1,CATEGORICAL,NM_002049.4(GATA1):c.276A>G (p.Pro92=),"criteria provided, single submitter",Likely benign,.,.,c.276A>G,p.Pro92=,A,G,recovered_from_hgvs_plus_strand_assumption,True,coding_synonymous,False,0.9892,False,False,False,genes,GATA1,0
VCV002933448,48791902,.,.,c.279T>C,p.Tyr93=,synonymous,Likely benign,1.0,0.9999,0.0031,0,BENIGN,,-1,,-1,,,False,NO_VEP,"Structural-only assessment (LSSIM=1.000, global SSIM=1.000). VEP not available for this locus.",Benign,ClinVar_Benign,-1,CATEGORICAL,NM_002049.4(GATA1):c.279T>C (p.Tyr93=),"criteria provided, single submitter",Likely benign,.,.,c.279T>C,p.Tyr93=,T,C,recovered_from_hgvs_plus_strand_assumption,True,coding_synonymous,False,0.9892,False,False,False,genes,GATA1,0
VCV000774051,48791905,.,.,c.282C>T,p.Ala94=,synonymous,Likely benign,1.0,0.9999,0.003,0,BENIGN,,-1,,-1,,,False,NO_VEP,"Structural-only assessment (LSSIM=1.000, global SSIM=1.000). VEP not available for this locus.",Benign,ClinVar_Benign,-1,CATEGORICAL,NM_002049.4(GATA1):c.282C>T (p.Ala94=),"criteria provided, single submitter",Likely benign,.,.,c.282C>T,p.Ala94=,C,T,recovered_from_hgvs_plus_strand_assumption,True,coding_synonymous,False,0.9892,False,False,False,genes,GATA1,0
VCV001018362,48791906,.,.,c.283G>A,p.Gly95Ser,missense,Conflicting classifications of pathogenicity,0.9995,0.9965,0.0203,0,BENIGN,,-1,,-1,,,False,NO_VEP,"Structural-only assessment (LSSIM=0.997, global SSIM=0.999). VEP not available for this locus.",Pathogenic,ClinVar_Pathogenic,-1,CATEGORICAL,NM_002049.4(GATA1):c.283G>A (p.Gly95Ser),"criteria provided, conflicting classifications",Conflicting classifications of pathogenicity,.,.,c.283G>A,p.Gly95Ser,G,A,recovered_from_hgvs_plus_strand_assumption,True,coding_missense,False,0.9892,False,False,False,genes,GATA1,0
VCV002183002,48791914,.,.,c.291C>A,p.Ala97=,synonymous,Likely benign,1.0,0.9999,0.0029,0,BENIGN,,-1,,-1,,,False,NO_VEP,"Structural-only assessment (LSSIM=1.000, global SSIM=1.000). VEP not available for this locus.",Benign,ClinVar_Benign,-1,CATEGORICAL,NM_002049.4(GATA1):c.291C>A (p.Ala97=),"criteria provided, single submitter",Likely benign,.,.,c.291C>A,p.Ala97=,C,A,recovered_from_hgvs_plus_strand_assumption,True,coding_synonymous,False,0.9892,False,False,False,genes,GATA1,0
VCV002947896,48791917,.,.,c.294C>T,p.Tyr98=,synonymous,Likely benign,1.0,0.9999,0.003,0,BENIGN,,-1,,-1,,,False,NO_VEP,"Structural-only assessment (LSSIM=1.000, global SSIM=1.000). VEP not available for this locus.",Benign,ClinVar_Benign,-1,CATEGORICAL,NM_002049.4(GATA1):c.294C>T (p.Tyr98=),"criteria provided, single submitter",Likely benign,.,.,c.294C>T,p.Tyr98=,C,T,recovered_from_hgvs_plus_strand_assumption,True,coding_synonymous,False,0.9892,False,False,False,genes,GATA1,0
VCV001601793,48791918,.,.,c.295G>A,p.Gly99Ser,missense,Benign,0.9995,0.9968,0.0197,0,BENIGN,,-1,,-1,,,False,NO_VEP,"Structural-only assessment (LSSIM=0.997, global SSIM=1.000). VEP not available for this locus.",Benign,ClinVar_Benign,-1,CATEGORICAL,NM_002049.4(GATA1):c.295G>A (p.Gly99Ser),"criteria provided, single submitter",Benign,.,.,c.295G>A,p.Gly99Ser,G,A,recovered_from_hgvs_plus_strand_assumption,True,coding_missense,False,0.9892,False,False,False,genes,GATA1,0
VCV003752678,48791926,.,.,c.303G>A,p.Thr101=,synonymous,Likely benign,1.0,0.9999,0.003,0,BENIGN,,-1,,-1,,,False,NO_VEP,"Structural-only assessment (LSSIM=1.000, global SSIM=1.000). VEP not available for this locus.",Benign,ClinVar_Benign,-1,CATEGORICAL,NM_002049.4(GATA1):c.303G>A (p.Thr101=),"criteria provided, single submitter",Likely benign,.,.,c.303G>A,p.Thr101=,G,A,recovered_from_hgvs_plus_strand_assumption,True,coding_synonymous,False,0.9892,False,False,False,genes,GATA1,0
VCV002028527,48791950,.,.,c.327G>A,p.Val109=,synonymous,Likely benign,1.0,0.9999,0.003,0,BENIGN,,-1,,-1,,,False,NO_VEP,"Structural-only assessment (LSSIM=1.000, global SSIM=1.000). VEP not available for this locus.",Benign,ClinVar_Benign,-1,CATEGORICAL,NM_002049.4(GATA1):c.327G>A (p.Val109=),"criteria provided, single submitter",Likely benign,.,.,c.327G>A,p.Val109=,G,A,recovered_from_hgvs_plus_strand_assumption,True,coding_synonymous,False,0.9892,False,False,False,genes,GATA1,0
VCV000952347,48791960,.,.,c.337C>T,p.Arg113Cys,missense,Likely benign,0.9995,0.997,0.0192,0,BENIGN,,-1,,-1,,,False,NO_VEP,"Structural-only assessment (LSSIM=0.997, global SSIM=1.000). VEP not available for this locus.",Benign,ClinVar_Benign,-1,CATEGORICAL,NM_002049.4(GATA1):c.337C>T (p.Arg113Cys),"criteria provided, single submitter",Likely benign,.,.,c.337C>T,p.Arg113Cys,C,T,recovered_from_hgvs_plus_strand_assumption,True,coding_missense,False,0.9892,False,False,False,genes,GATA1,0
VCV002033904,48791961,.,.,c.338G>A,p.Arg113His,missense,Conflicting classifications of pathogenicity,0.9995,0.9966,0.02,0,BENIGN,,-1,,-1,,,False,NO_VEP,"Structural-only assessment (LSSIM=0.997, global SSIM=0.999). VEP not available for this locus.",Pathogenic,ClinVar_Pathogenic,-1,CATEGORICAL,NM_002049.4(GATA1):c.338G>A (p.Arg113His),"criteria provided, conflicting classifications",Conflicting classifications of pathogenicity,.,.,c.338G>A,p.Arg113His,G,A,recovered_from_hgvs_plus_strand_assumption,True,coding_missense,False,0.9892,False,False,False,genes,GATA1,0
VCV000999248,48791961,.,.,c.338G>T,p.Arg113Leu,missense,Likely benign,0.9995,0.9966,0.02,0,BENIGN,,-1,,-1,,,False,NO_VEP,"Structural-only assessment (LSSIM=0.997, global SSIM=0.999). VEP not available for this locus.",Benign,ClinVar_Benign,-1,CATEGORICAL,NM_002049.4(GATA1):c.338G>T (p.Arg113Leu),"criteria provided, single submitter",Likely benign,.,.,c.338G>T,p.Arg113Leu,G,T,recovered_from_hgvs_plus_strand_assumption,True,coding_missense,False,0.9892,False,False,False,genes,GATA1,0
VCV001991040,48791962,.,.,c.339C>T,p.Arg113=,synonymous,Benign,1.0,0.9999,0.0029,0,BENIGN,,-1,,-1,,,False,NO_VEP,"Structural-only assessment (LSSIM=1.000, global SSIM=1.000). VEP not available for this locus.",Benign,ClinVar_Benign,-1,CATEGORICAL,NM_002049.4(GATA1):c.339C>T (p.Arg113=),"criteria provided, single submitter",Benign,.,.,c.339C>T,p.Arg113=,C,T,recovered_from_hgvs_plus_strand_assumption,True,coding_synonymous,False,0.9892,False,False,False,genes,GATA1,0
VCV002082310,48791963,.,.,c.340G>A,p.Glu114Lys,missense,Conflicting classifications of pathogenicity,0.9996,0.9972,0.0186,0,BENIGN,,-1,,-1,,,False,NO_VEP,"Structural-only assessment (LSSIM=0.997, global SSIM=1.000). VEP not available for this locus.",Pathogenic,ClinVar_Pathogenic,-1,CATEGORICAL,NM_002049.4(GATA1):c.340G>A (p.Glu114Lys),"criteria provided, conflicting classifications",Conflicting classifications of pathogenicity,.,.,c.340G>A,p.Glu114Lys,G,A,recovered_from_hgvs_plus_strand_assumption,True,coding_missense,False,0.9892,False,False,False,genes,GATA1,0
VCV001461665,48791966,.,.,c.343G>T,p.Asp115Tyr,missense,Likely benign,0.9996,0.997,0.0189,0,BENIGN,,-1,,-1,,,False,NO_VEP,"Structural-only assessment (LSSIM=0.997, global SSIM=1.000). VEP not available for this locus.",Benign,ClinVar_Benign,-1,CATEGORICAL,NM_002049.4(GATA1):c.343G>T (p.Asp115Tyr),"criteria provided, single submitter",Likely benign,.,.,c.343G>T,p.Asp115Tyr,G,T,recovered_from_hgvs_plus_strand_assumption,True,coding_missense,False,0.9892,False,False,False,genes,GATA1,0
VCV002953110,48791968,.,.,c.345C>T,p.Asp115=,synonymous,Likely benign,1.0,0.9999,0.0029,0,BENIGN,,-1,,-1,,,False,NO_VEP,"Structural-only assessment (LSSIM=1.000, global SSIM=1.000). VEP not available for this locus.",Benign,ClinVar_Benign,-1,CATEGORICAL,NM_002049.4(GATA1):c.345C>T (p.Asp115=),"criteria provided, single submitter",Likely benign,.,.,c.345C>T,p.Asp115=,C,T,recovered_from_hgvs_plus_strand_assumption,True,coding_synonymous,False,0.9892,False,False,False,genes,GATA1,0
VCV001088052,48791983,.,.,c.360C>T,p.Ala120=,synonymous,Likely benign,1.0,0.9999,0.0031,0,BENIGN,,-1,,-1,,,False,NO_VEP,"Structural-only assessment (LSSIM=1.000, global SSIM=1.000). VEP not available for this locus.",Benign,ClinVar_Benign,-1,CATEGORICAL,NM_002049.4(GATA1):c.360C>T (p.Ala120=),"criteria provided, single submitter",Likely benign,.,.,c.360C>T,p.Ala120=,C,T,recovered_from_hgvs_plus_strand_assumption,True,coding_synonymous,False,0.9892,False,False,False,genes,GATA1,0
VCV000699558,48791984,.,.,c.361G>A,p.Val121Met,missense,Benign,0.9996,0.997,0.0189,0,BENIGN,,-1,,-1,,,False,NO_VEP,"Structural-only assessment (LSSIM=0.997, global SSIM=1.000). VEP not available for this locus.",Benign,ClinVar_Benign,-1,CATEGORICAL,NM_002049.4(GATA1):c.361G>A (p.Val121Met),"criteria provided, single submitter",Benign,.,.,c.361G>A,p.Val121Met,G,A,recovered_from_hgvs_plus_strand_assumption,True,coding_missense,False,0.9892,False,False,False,genes,GATA1,0
VCV002936412,48791987,.,.,c.364G>A,p.Glu122Lys,missense,Conflicting classifications of pathogenicity,0.9996,0.9972,0.0185,0,BENIGN,,-1,,-1,,,False,NO_VEP,"Structural-only assessment (LSSIM=0.997, global SSIM=1.000). VEP not available for this locus.",Pathogenic,ClinVar_Pathogenic,-1,CATEGORICAL,NM_002049.4(GATA1):c.364G>A (p.Glu122Lys),"criteria provided, conflicting classifications",Conflicting classifications of pathogenicity,.,.,c.364G>A,p.Glu122Lys,G,A,recovered_from_hgvs_plus_strand_assumption,True,coding_missense,False,0.9892,False,False,False,genes,GATA1,0
VCV002924661,48791995,.,.,c.372G>A,p.Leu124=,synonymous,Likely benign,1.0,0.9999,0.0028,0,BENIGN,,-1,,-1,,,False,NO_VEP,"Structural-only assessment (LSSIM=1.000, global SSIM=1.000). VEP not available for this locus.",Benign,ClinVar_Benign,-1,CATEGORICAL,NM_002049.4(GATA1):c.372G>A (p.Leu124=),"criteria provided, single submitter",Likely benign,.,.,c.372G>A,p.Leu124=,G,A,recovered_from_hgvs_plus_strand_assumption,True,coding_synonymous,False,0.9892,False,False,False,genes,GATA1,0
VCV004783838,48791998,.,.,c.375T>C,p.Asp125=,synonymous,Likely benign,1.0,0.9999,0.0029,0,BENIGN,,-1,,-1,,,False,NO_VEP,"Structural-only assessment (LSSIM=1.000, global SSIM=1.000). VEP not available for this locus.",Benign,ClinVar_Benign,-1,CATEGORICAL,NM_002049.4(GATA1):c.375T>C (p.Asp125=),"criteria provided, single submitter",Likely benign,.,.,c.375T>C,p.Asp125=,T,C,recovered_from_hgvs_plus_strand_assumption,True,coding_synonymous,False,0.9892,False,False,False,genes,GATA1,0
VCV001584082,48792020,.,.,c.397C>T,p.Leu133=,synonymous,Likely benign,1.0,0.9999,0.003,0,BENIGN,,-1,,-1,,,False,NO_VEP,"Structural-only assessment (LSSIM=1.000, global SSIM=1.000). VEP not available for this locus.",Benign,ClinVar_Benign,-1,CATEGORICAL,NM_002049.4(GATA1):c.397C>T (p.Leu133=),"criteria provided, single submitter",Likely benign,.,.,c.397C>T,p.Leu133=,C,T,recovered_from_hgvs_plus_strand_assumption,True,coding_synonymous,False,0.9892,False,False,False,genes,GATA1,0
VCV003758289,48792025,.,.,c.402G>C,p.Glu134Asp,missense,Conflicting classifications of pathogenicity,0.9996,0.9971,0.0186,0,BENIGN,,-1,,-1,,,False,NO_VEP,"Structural-only assessment (LSSIM=0.997, global SSIM=1.000). VEP not available for this locus.",Pathogenic,ClinVar_Pathogenic,-1,CATEGORICAL,NM_002049.4(GATA1):c.402G>C (p.Glu134Asp),"criteria provided, conflicting classifications",Conflicting classifications of pathogenicity,.,.,c.402G>C,p.Glu134Asp,G,C,recovered_from_hgvs_plus_strand_assumption,True,coding_missense,False,0.9892,False,False,False,genes,GATA1,0
VCV002056596,48792055,.,.,c.432C>T,p.Asp144=,synonymous,Benign,1.0,0.9999,0.003,0,BENIGN,,-1,,-1,,,False,NO_VEP,"Structural-only assessment (LSSIM=1.000, global SSIM=1.000). VEP not available for this locus.",Benign,ClinVar_Benign,-1,CATEGORICAL,NM_002049.4(GATA1):c.432C>T (p.Asp144=),"criteria provided, single submitter",Benign,.,.,c.432C>T,p.Asp144=,C,T,recovered_from_hgvs_plus_strand_assumption,True,coding_synonymous,False,0.9892,False,False,False,genes,GATA1,0
VCV000406678,48792102,.,.,c.479A>G,p.Asn160Ser,missense,Benign,0.9996,0.9973,0.0182,0,BENIGN,,-1,,-1,,,False,NO_VEP,"Structural-only assessment (LSSIM=0.997, global SSIM=1.000). VEP not available for this locus.",Benign,ClinVar_Benign,-1,CATEGORICAL,NM_002049.4(GATA1):c.479A>G (p.Asn160Ser),"criteria provided, single submitter",Benign,.,.,c.479A>G,p.Asn160Ser,A,G,recovered_from_hgvs_plus_strand_assumption,True,coding_missense,False,0.9892,False,False,False,genes,GATA1,0
VCV001628277,48792103,.,.,c.480T>C,p.Asn160=,synonymous,Likely benign,1.0,0.9999,0.0029,0,BENIGN,,-1,,-1,,,False,NO_VEP,"Structural-only assessment (LSSIM=1.000, global SSIM=1.000). VEP not available for this locus.",Benign,ClinVar_Benign,-1,CATEGORICAL,NM_002049.4(GATA1):c.480T>C (p.Asn160=),"criteria provided, single submitter",Likely benign,.,.,c.480T>C,p.Asn160=,T,C,recovered_from_hgvs_plus_strand_assumption,True,coding_synonymous,False,0.9892,False,False,False,genes,GATA1,0
VCV001350611,48792105,.,.,c.482G>C,p.Ser161Thr,missense,Likely benign,0.9996,0.9972,0.0184,0,BENIGN,,-1,,-1,,,False,NO_VEP,"Structural-only assessment (LSSIM=0.997, global SSIM=1.000). VEP not available for this locus.",Benign,ClinVar_Benign,-1,CATEGORICAL,NM_002049.4(GATA1):c.482G>C (p.Ser161Thr),"criteria provided, single submitter",Likely benign,.,.,c.482G>C,p.Ser161Thr,G,C,recovered_from_hgvs_plus_strand_assumption,True,coding_missense,False,0.9892,False,False,False,genes,GATA1,0
VCV000706784,48792124,.,.,c.501C>T,p.Asp167=,synonymous,Likely benign,1.0,0.9999,0.0031,0,BENIGN,,-1,,-1,,,False,NO_VEP,"Structural-only assessment (LSSIM=1.000, global SSIM=1.000). VEP not available for this locus.",Benign,ClinVar_Benign,-1,CATEGORICAL,NM_002049.4(GATA1):c.501C>T (p.Asp167=),"criteria provided, single submitter",Likely benign,.,.,c.501C>T,p.Asp167=,C,T,recovered_from_hgvs_plus_strand_assumption,True,coding_synonymous,False,0.9892,False,False,False,genes,GATA1,0
VCV002432044,48792130,.,.,c.507C>T,p.Ser169=,synonymous,Conflicting classifications of pathogenicity,1.0,0.9999,0.0029,0,BENIGN,,-1,,-1,,,False,NO_VEP,"Structural-only assessment (LSSIM=1.000, global SSIM=1.000). VEP not available for this locus.",Pathogenic,ClinVar_Pathogenic,-1,CATEGORICAL,NM_002049.4(GATA1):c.507C>T (p.Ser169=),"criteria provided, conflicting classifications",Conflicting classifications of pathogenicity,.,.,c.507C>T,p.Ser169=,C,T,recovered_from_hgvs_plus_strand_assumption,True,coding_synonymous,False,0.9892,False,False,False,genes,GATA1,0
VCV002949382,48792151,.,.,c.528C>T,p.Thr176=,synonymous,Likely benign,1.0,0.9999,0.0029,0,BENIGN,,-1,,-1,,,False,NO_VEP,"Structural-only assessment (LSSIM=1.000, global SSIM=1.000). VEP not available for this locus.",Benign,ClinVar_Benign,-1,CATEGORICAL,NM_002049.4(GATA1):c.528C>T (p.Thr176=),"criteria provided, single submitter",Likely benign,.,.,c.528C>T,p.Thr176=,C,T,recovered_from_hgvs_plus_strand_assumption,True,coding_synonymous,False,0.9892,False,False,False,genes,GATA1,0
VCV003758286,48792154,.,.,c.531G>A,p.Gly177=,synonymous,Likely benign,1.0,0.9999,0.0029,0,BENIGN,,-1,,-1,,,False,NO_VEP,"Structural-only assessment (LSSIM=1.000, global SSIM=1.000). VEP not available for this locus.",Benign,ClinVar_Benign,-1,CATEGORICAL,NM_002049.4(GATA1):c.531G>A (p.Gly177=),"criteria provided, single submitter",Likely benign,.,.,c.531G>A,p.Gly177=,G,A,recovered_from_hgvs_plus_strand_assumption,True,coding_synonymous,False,0.9892,False,False,False,genes,GATA1,0
VCV001132744,48792157,.,.,c.534C>A,p.Ser178Arg,missense,Likely benign,0.9996,0.9972,0.0185,0,BENIGN,,-1,,-1,,,False,NO_VEP,"Structural-only assessment (LSSIM=0.997, global SSIM=1.000). VEP not available for this locus.",Benign,ClinVar_Benign,-1,CATEGORICAL,NM_002049.4(GATA1):c.534C>A (p.Ser178Arg),"criteria provided, single submitter",Likely benign,.,.,c.534C>A,p.Ser178Arg,C,A,recovered_from_hgvs_plus_strand_assumption,True,coding_missense,False,0.9892,False,False,False,genes,GATA1,0
VCV001617980,48792184,.,.,c.561T>C,p.Ser187=,synonymous,Likely benign,1.0,0.9999,0.003,0,BENIGN,,-1,,-1,,,False,NO_VEP,"Structural-only assessment (LSSIM=1.000, global SSIM=1.000). VEP not available for this locus.",Benign,ClinVar_Benign,-1,CATEGORICAL,NM_002049.4(GATA1):c.561T>C (p.Ser187=),"criteria provided, single submitter",Likely benign,.,.,c.561T>C,p.Ser187=,T,C,recovered_from_hgvs_plus_strand_assumption,True,coding_synonymous,False,0.9892,False,False,False,genes,GATA1,0
VCV000696057,48792194,.,.,c.571C>T,p.Arg191Cys,missense,Conflicting classifications of pathogenicity,0.9995,0.9967,0.0198,0,BENIGN,,-1,,-1,,,False,NO_VEP,"Structural-only assessment (LSSIM=0.997, global SSIM=1.000). VEP not available for this locus.",Pathogenic,ClinVar_Pathogenic,-1,CATEGORICAL,NM_002049.4(GATA1):c.571C>T (p.Arg191Cys),"criteria provided, conflicting classifications",Conflicting classifications of pathogenicity,.,.,c.571C>T,p.Arg191Cys,C,T,recovered_from_hgvs_plus_strand_assumption,True,coding_missense,False,0.9892,False,False,False,genes,GATA1,0
VCV003057125,48792196,.,.,c.573T>C,p.Arg191=,synonymous,Likely benign,1.0,0.9999,0.0031,0,BENIGN,,-1,,-1,,,False,NO_VEP,"Structural-only assessment (LSSIM=1.000, global SSIM=1.000). VEP not available for this locus.",Benign,ClinVar_Benign,-1,CATEGORICAL,NM_002049.4(GATA1):c.573T>C (p.Arg191=),no assertion criteria provided,Likely benign,.,.,c.573T>C,p.Arg191=,T,C,recovered_from_hgvs_plus_strand_assumption,True,coding_synonymous,False,0.9892,False,False,False,genes,GATA1,0
VCV002941368,48792202,.,.,c.579T>C,p.Thr193=,synonymous,Likely benign,1.0,0.9999,0.0028,0,BENIGN,,-1,,-1,,,False,NO_VEP,"Structural-only assessment (LSSIM=1.000, global SSIM=1.000). VEP not available for this locus.",Benign,ClinVar_Benign,-1,CATEGORICAL,NM_002049.4(GATA1):c.579T>C (p.Thr193=),"criteria provided, single submitter",Likely benign,.,.,c.579T>C,p.Thr193=,T,C,recovered_from_hgvs_plus_strand_assumption,True,coding_synonymous,False,0.9892,False,False,False,genes,GATA1,0
VCV001168149,48792217,.,.,c.594C>A,p.Pro198=,synonymous,Benign,1.0,0.9999,0.003,0,BENIGN,,-1,,-1,,,False,NO_VEP,"Structural-only assessment (LSSIM=1.000, global SSIM=1.000). VEP not available for this locus.",Benign,ClinVar_Benign,-1,CATEGORICAL,NM_002049.4(GATA1):c.594C>A (p.Pro198=),"criteria provided, single submitter",Benign,.,.,c.594C>A,p.Pro198=,C,A,recovered_from_hgvs_plus_strand_assumption,True,coding_synonymous,False,0.9892,False,False,False,genes,GATA1,0
VCV002504848,48792221,.,.,c.598G>A,p.Glu200Lys,missense,Likely pathogenic,0.9995,0.9968,0.0195,0,BENIGN,,-1,,-1,,,False,NO_VEP,"Structural-only assessment (LSSIM=0.997, global SSIM=1.000). VEP not available for this locus.",Pathogenic,ClinVar_Pathogenic,-1,CATEGORICAL,NM_002049.4(GATA1):c.598G>A (p.Glu200Lys),"criteria provided, single submitter",Likely pathogenic,.,.,c.598G>A,p.Glu200Lys,G,A,recovered_from_hgvs_plus_strand_assumption,True,coding_missense,False,0.9892,False,False,False,genes,GATA1,0
VCV001169017,48792224,.,.,c.598+3G>A,,intronic,Conflicting classifications of pathogenicity,0.9999,0.9997,0.0064,0,BENIGN,,-1,,-1,,,False,NO_VEP,"Structural-only assessment (LSSIM=1.000, global SSIM=1.000). VEP not available for this locus.",Pathogenic,ClinVar_Pathogenic,-1,CATEGORICAL,NM_002049.4(GATA1):c.598+3G>A,"criteria provided, conflicting classifications",Conflicting classifications of pathogenicity,.,.,c.598+3G>A,,G,A,recovered_from_hgvs_plus_strand_assumption,True,intronic,False,0.9892,False,False,False,genes,GATA1,0
VCV002143631,48792235,.,.,c.598+14A>T,,intronic,Likely benign,1.0,0.9997,0.0062,0,BENIGN,,-1,,-1,,,False,NO_VEP,"Structural-only assessment (LSSIM=1.000, global SSIM=1.000). VEP not available for this locus.",Benign,ClinVar_Benign,-1,CATEGORICAL,NM_002049.4(GATA1):c.598+14A>T,"criteria provided, single submitter",Likely benign,.,.,c.598+14A>T,,A,T,recovered_from_hgvs_plus_strand_assumption,True,intronic,False,0.9892,False,False,False,genes,GATA1,0
VCV004792560,48792238,.,.,c.598+17A>G,,intronic,Likely benign,1.0,0.9997,0.0062,0,BENIGN,,-1,,-1,,,False,NO_VEP,"Structural-only assessment (LSSIM=1.000, global SSIM=1.000). VEP not available for this locus.",Benign,ClinVar_Benign,-1,CATEGORICAL,NM_002049.4(GATA1):c.598+17A>G,"criteria provided, single submitter",Likely benign,.,.,c.598+17A>G,,A,G,recovered_from_hgvs_plus_strand_assumption,True,intronic,False,0.9892,False,False,False,genes,GATA1,0
VCV001628006,48792310,.,.,c.599-13T>C,,intronic,Likely benign,1.0,0.9997,0.006,0,BENIGN,,-1,,-1,,,False,NO_VEP,"Structural-only assessment (LSSIM=1.000, global SSIM=1.000). VEP not available for this locus.",Benign,ClinVar_Benign,-1,CATEGORICAL,NM_002049.4(GATA1):c.599-13T>C,"criteria provided, single submitter",Likely benign,.,.,c.599-13T>C,,T,C,recovered_from_hgvs_plus_strand_assumption,True,intronic,False,0.9892,False,False,False,genes,GATA1,0
VCV002691473,48792313,.,.,c.599-10A>G,,intronic,Likely benign,0.9999,0.9996,0.0066,0,BENIGN,,-1,,-1,,,False,NO_VEP,"Structural-only assessment (LSSIM=1.000, global SSIM=1.000). VEP not available for this locus.",Benign,ClinVar_Benign,-1,CATEGORICAL,NM_002049.4(GATA1):c.599-10A>G,"criteria provided, single submitter",Likely benign,.,.,c.599-10A>G,,A,G,recovered_from_hgvs_plus_strand_assumption,True,intronic,False,0.9892,False,False,False,genes,GATA1,0
VCV001563494,48792314,.,.,c.599-9C>T,,intronic,Benign/Likely benign,1.0,0.9997,0.0062,0,BENIGN,,-1,,-1,,,False,NO_VEP,"Structural-only assessment (LSSIM=1.000, global SSIM=1.000). VEP not available for this locus.",Benign,ClinVar_Benign,-1,CATEGORICAL,NM_002049.4(GATA1):c.599-9C>T,"criteria provided, multiple submitters, no conflicts",Benign/Likely benign,.,.,c.599-9C>T,,C,T,recovered_from_hgvs_plus_strand_assumption,True,intronic,False,0.9892,False,False,False,genes,GATA1,0
VCV001165472,48792324,.,.,c.600G>A,p.Glu200=,synonymous,Benign,1.0,0.9999,0.0031,0,BENIGN,,-1,,-1,,,False,NO_VEP,"Structural-only assessment (LSSIM=1.000, global SSIM=1.000). VEP not available for this locus.",Benign,ClinVar_Benign,-1,CATEGORICAL,NM_002049.4(GATA1):c.600G>A (p.Glu200=),"criteria provided, single submitter",Benign,.,.,c.600G>A,p.Glu200=,G,A,recovered_from_hgvs_plus_strand_assumption,True,coding_synonymous,False,0.9892,False,False,False,genes,GATA1,0
VCV000010423,48792337,.,.,c.613G>A,p.Val205Met,missense,Pathogenic,0.9996,0.9969,0.019,0,BENIGN,,-1,,-1,,,False,NO_VEP,"Structural-only assessment (LSSIM=0.997, global SSIM=1.000). VEP not available for this locus.",Pathogenic,ClinVar_Pathogenic,-1,CATEGORICAL,NM_002049.4(GATA1):c.613G>A (p.Val205Met),"criteria provided, single submitter",Pathogenic,.,.,c.613G>A,p.Val205Met,G,A,recovered_from_hgvs_plus_strand_assumption,True,coding_missense,False,0.9892,False,False,False,genes,GATA1,0
VCV000698740,48792345,.,.,c.621C>T,p.Cys207=,synonymous,Likely benign,1.0,0.9999,0.003,0,BENIGN,,-1,,-1,,,False,NO_VEP,"Structural-only assessment (LSSIM=1.000, global SSIM=1.000). VEP not available for this locus.",Benign,ClinVar_Benign,-1,CATEGORICAL,NM_002049.4(GATA1):c.621C>T (p.Cys207=),"criteria provided, single submitter",Likely benign,.,.,c.621C>T,p.Cys207=,C,T,recovered_from_hgvs_plus_strand_assumption,True,coding_synonymous,False,0.9892,False,False,False,genes,GATA1,0
VCV000372762,48792346,.,.,c.622G>A,p.Gly208Arg,missense,Conflicting classifications of pathogenicity,0.9995,0.997,0.0192,0,BENIGN,,-1,,-1,,,False,NO_VEP,"Structural-only assessment (LSSIM=0.997, global SSIM=1.000). VEP not available for this locus.",Pathogenic,ClinVar_Pathogenic,-1,CATEGORICAL,NM_002049.4(GATA1):c.622G>A (p.Gly208Arg),"criteria provided, conflicting classifications",Conflicting classifications of pathogenicity,.,.,c.622G>A,p.Gly208Arg,G,A,recovered_from_hgvs_plus_strand_assumption,True,coding_missense,False,0.9892,False,False,False,genes,GATA1,0
VCV000031943,48792370,.,.,c.646C>T,p.Arg216Trp,missense,Likely pathogenic,0.9995,0.9968,0.0195,0,BENIGN,,-1,,-1,,,False,NO_VEP,"Structural-only assessment (LSSIM=0.997, global SSIM=1.000). VEP not available for this locus.",Pathogenic,ClinVar_Pathogenic,-1,CATEGORICAL,NM_002049.4(GATA1):c.646C>T (p.Arg216Trp),"criteria provided, multiple submitters, no conflicts",Likely pathogenic,.,.,c.646C>T,p.Arg216Trp,C,T,recovered_from_hgvs_plus_strand_assumption,True,coding_missense,False,0.9892,False,False,False,genes,GATA1,0
VCV000010428,48792371,.,.,c.647G>A,p.Arg216Gln,missense,Pathogenic,0.9996,0.9969,0.019,0,BENIGN,,-1,,-1,,,False,NO_VEP,"Structural-only assessment (LSSIM=0.997, global SSIM=1.000). VEP not available for this locus.",Pathogenic,ClinVar_Pathogenic,-1,CATEGORICAL,NM_002049.4(GATA1):c.647G>A (p.Arg216Gln),"criteria provided, multiple submitters, no conflicts",Pathogenic,.,.,c.647G>A,p.Arg216Gln,G,A,recovered_from_hgvs_plus_strand_assumption,True,coding_missense,False,0.9892,False,False,False,genes,GATA1,0
VCV001176931,48792374,.,.,c.650G>C,p.Arg217Thr,missense,Likely pathogenic,0.9996,0.997,0.0189,0,BENIGN,,-1,,-1,,,False,NO_VEP,"Structural-only assessment (LSSIM=0.997, global SSIM=1.000). VEP not available for this locus.",Pathogenic,ClinVar_Pathogenic,-1,CATEGORICAL,NM_002049.4(GATA1):c.650G>C (p.Arg217Thr),"criteria provided, single submitter",Likely pathogenic,.,.,c.650G>C,p.Arg217Thr,G,C,recovered_from_hgvs_plus_strand_assumption,True,coding_missense,False,0.9892,False,False,False,genes,GATA1,0
VCV000627352,48792376,.,.,c.652G>A,p.Asp218Asn,missense,Conflicting classifications of pathogenicity,0.9995,0.9967,0.0197,0,BENIGN,,-1,,-1,,,False,NO_VEP,"Structural-only assessment (LSSIM=0.997, global SSIM=1.000). VEP not available for this locus.",Pathogenic,ClinVar_Pathogenic,-1,CATEGORICAL,NM_002049.4(GATA1):c.652G>A (p.Asp218Asn),"criteria provided, conflicting classifications",Conflicting classifications of pathogenicity,.,.,c.652G>A,p.Asp218Asn,G,A,recovered_from_hgvs_plus_strand_assumption,True,coding_missense,False,0.9892,False,False,False,genes,GATA1,0
VCV000010427,48792376,.,.,c.652G>T,p.Asp218Tyr,missense,Pathogenic,0.9995,0.9967,0.0197,0,BENIGN,,-1,,-1,,,False,NO_VEP,"Structural-only assessment (LSSIM=0.997, global SSIM=1.000). VEP not available for this locus.",Pathogenic,ClinVar_Pathogenic,-1,CATEGORICAL,NM_002049.4(GATA1):c.652G>T (p.Asp218Tyr),no assertion criteria provided,Pathogenic,.,.,c.652G>T,p.Asp218Tyr,G,T,recovered_from_hgvs_plus_strand_assumption,True,coding_missense,False,0.9892,False,False,False,genes,GATA1,0
VCV000010424,48792377,.,.,c.653A>G,p.Asp218Gly,missense,Pathogenic/Likely pathogenic,0.9995,0.9968,0.0197,0,BENIGN,,-1,,-1,,,False,NO_VEP,"Structural-only assessment (LSSIM=0.997, global SSIM=1.000). VEP not available for this locus.",Pathogenic,ClinVar_Pathogenic,-1,CATEGORICAL,NM_002049.4(GATA1):c.653A>G (p.Asp218Gly),"criteria provided, multiple submitters, no conflicts",Pathogenic/Likely pathogenic,.,.,c.653A>G,p.Asp218Gly,A,G,recovered_from_hgvs_plus_strand_assumption,True,coding_missense,False,0.9892,False,False,False,genes,GATA1,0
VCV001606782,48792387,.,.,c.663C>G,p.Gly221=,synonymous,Benign,1.0,0.9999,0.0031,0,BENIGN,,-1,,-1,,,False,NO_VEP,"Structural-only assessment (LSSIM=1.000, global SSIM=1.000). VEP not available for this locus.",Benign,ClinVar_Benign,-1,CATEGORICAL,NM_002049.4(GATA1):c.663C>G (p.Gly221=),"criteria provided, single submitter",Benign,.,.,c.663C>G,p.Gly221=,C,G,recovered_from_hgvs_plus_strand_assumption,True,coding_synonymous,False,0.9892,False,False,False,genes,GATA1,0
VCV001166816,48792402,.,.,c.678C>T,p.Asn226=,synonymous,Benign/Likely benign,1.0,0.9999,0.0031,0,BENIGN,,-1,,-1,,,False,NO_VEP,"Structural-only assessment (LSSIM=1.000, global SSIM=1.000). VEP not available for this locus.",Benign,ClinVar_Benign,-1,CATEGORICAL,NM_002049.4(GATA1):c.678C>T (p.Asn226=),"criteria provided, multiple submitters, no conflicts",Benign/Likely benign,.,.,c.678C>T,p.Asn226=,C,T,recovered_from_hgvs_plus_strand_assumption,True,coding_synonymous,False,0.9892,False,False,False,genes,GATA1,0
VCV000812972,48792404,.,.,c.680C>T,p.Ala227Val,missense,Likely pathogenic,0.9995,0.997,0.0191,0,BENIGN,,-1,,-1,,,False,NO_VEP,"Structural-only assessment (LSSIM=0.997, global SSIM=1.000). VEP not available for this locus.",Pathogenic,ClinVar_Pathogenic,-1,CATEGORICAL,NM_002049.4(GATA1):c.680C>T (p.Ala227Val),no assertion criteria provided,Likely pathogenic,.,.,c.680C>T,p.Ala227Val,C,T,recovered_from_hgvs_plus_strand_assumption,True,coding_missense,False,0.9892,False,False,False,genes,GATA1,0
VCV002936297,48792408,.,.,c.684C>T,p.Cys228=,synonymous,Likely benign,1.0,0.9999,0.003,0,BENIGN,,-1,,-1,,,False,NO_VEP,"Structural-only assessment (LSSIM=1.000, global SSIM=1.000). VEP not available for this locus.",Benign,ClinVar_Benign,-1,CATEGORICAL,NM_002049.4(GATA1):c.684C>T (p.Cys228=),"criteria provided, single submitter",Likely benign,.,.,c.684C>T,p.Cys228=,C,T,recovered_from_hgvs_plus_strand_assumption,True,coding_synonymous,False,0.9892,False,False,False,genes,GATA1,0
VCV001595330,48792435,.,.,c.711G>A,p.Gln237=,synonymous,Likely benign,1.0,0.9999,0.0033,0,BENIGN,,-1,,-1,,,False,NO_VEP,"Structural-only assessment (LSSIM=1.000, global SSIM=1.000). VEP not available for this locus.",Benign,ClinVar_Benign,-1,CATEGORICAL,NM_002049.4(GATA1):c.711G>A (p.Gln237=),"criteria provided, single submitter",Likely benign,.,.,c.711G>A,p.Gln237=,G,A,recovered_from_hgvs_plus_strand_assumption,True,coding_synonymous,False,0.9892,False,False,False,genes,GATA1,0
VCV002021160,48792453,.,.,c.729G>A,p.Arg243=,synonymous,Likely benign,1.0,0.9999,0.0036,0,BENIGN,,-1,,-1,,,False,NO_VEP,"Structural-only assessment (LSSIM=1.000, global SSIM=1.000). VEP not available for this locus.",Benign,ClinVar_Benign,-1,CATEGORICAL,NM_002049.4(GATA1):c.729G>A (p.Arg243=),"criteria provided, single submitter",Likely benign,.,.,c.729G>A,p.Arg243=,G,A,recovered_from_hgvs_plus_strand_assumption,True,coding_synonymous,False,0.9892,False,False,False,genes,GATA1,0
VCV001133049,48792464,.,.,c.740G>A,p.Arg247His,missense,Likely benign,0.9992,0.995,0.0217,0,BENIGN,,-1,,-1,,,False,NO_VEP,"Structural-only assessment (LSSIM=0.995, global SSIM=0.999). VEP not available for this locus.",Benign,ClinVar_Benign,-1,CATEGORICAL,NM_002049.4(GATA1):c.740G>A (p.Arg247His),"criteria provided, single submitter",Likely benign,.,.,c.740G>A,p.Arg247His,G,A,recovered_from_hgvs_plus_strand_assumption,True,coding_missense,False,0.9892,False,False,False,genes,GATA1,0
VCV000705411,48792473,.,.,c.744+5G>A,,intronic,Benign,0.9999,0.9994,0.0073,0,BENIGN,,-1,,-1,,,False,NO_VEP,"Structural-only assessment (LSSIM=0.999, global SSIM=1.000). VEP not available for this locus.",Benign,ClinVar_Benign,-1,CATEGORICAL,NM_002049.4(GATA1):c.744+5G>A,"criteria provided, single submitter",Benign,.,.,c.744+5G>A,,G,A,recovered_from_hgvs_plus_strand_assumption,True,intronic,False,0.9892,False,False,False,genes,GATA1,0
VCV000696788,48793163,.,.,c.745-9G>A,,intronic,Benign/Likely benign,0.9999,0.9994,0.0074,0,BENIGN,,-1,,-1,,,False,NO_VEP,"Structural-only assessment (LSSIM=0.999, global SSIM=1.000). VEP not available for this locus.",Benign,ClinVar_Benign,-1,CATEGORICAL,NM_002049.4(GATA1):c.745-9G>A,"criteria provided, multiple submitters, no conflicts",Benign/Likely benign,.,.,c.745-9G>A,,G,A,recovered_from_hgvs_plus_strand_assumption,True,intronic,False,0.9892,False,False,False,genes,GATA1,0
VCV002073303,48793184,.,.,c.757C>T,p.Arg253Trp,missense,Conflicting classifications of pathogenicity,0.9991,0.9944,0.0229,0,BENIGN,,-1,,-1,,,False,NO_VEP,"Structural-only assessment (LSSIM=0.994, global SSIM=0.999). VEP not available for this locus.",Pathogenic,ClinVar_Pathogenic,-1,CATEGORICAL,NM_002049.4(GATA1):c.757C>T (p.Arg253Trp),"criteria provided, conflicting classifications",Conflicting classifications of pathogenicity,.,.,c.757C>T,p.Arg253Trp,C,T,recovered_from_hgvs_plus_strand_assumption,True,coding_missense,False,0.9892,False,False,False,genes,GATA1,0
VCV003748558,48793215,.,.,c.788C>T,p.Thr263Met,missense,Pathogenic,0.9993,0.9951,0.0214,0,BENIGN,,-1,,-1,,,False,NO_VEP,"Structural-only assessment (LSSIM=0.995, global SSIM=0.999). VEP not available for this locus.",Pathogenic,ClinVar_Pathogenic,-1,CATEGORICAL,NM_002049.4(GATA1):c.788C>T (p.Thr263Met),"criteria provided, single submitter",Pathogenic,.,.,c.788C>T,p.Thr263Met,C,T,recovered_from_hgvs_plus_strand_assumption,True,coding_missense,False,0.9892,False,False,False,genes,GATA1,0
VCV001335767,48793216,.,.,c.789G>A,p.Thr263=,synonymous,Likely benign,1.0,0.9999,0.0034,0,BENIGN,,-1,,-1,,,False,NO_VEP,"Structural-only assessment (LSSIM=1.000, global SSIM=1.000). VEP not available for this locus.",Benign,ClinVar_Benign,-1,CATEGORICAL,NM_002049.4(GATA1):c.789G>A (p.Thr263=),"criteria provided, multiple submitters, no conflicts",Likely benign,.,.,c.789G>A,p.Thr263=,G,A,recovered_from_hgvs_plus_strand_assumption,True,coding_synonymous,False,0.9892,False,False,False,genes,GATA1,0
VCV000699197,48793225,.,.,c.798G>A,p.Thr266=,synonymous,Likely benign,1.0,0.9999,0.0035,0,BENIGN,,-1,,-1,,,False,NO_VEP,"Structural-only assessment (LSSIM=1.000, global SSIM=1.000). VEP not available for this locus.",Benign,ClinVar_Benign,-1,CATEGORICAL,NM_002049.4(GATA1):c.798G>A (p.Thr266=),"criteria provided, single submitter",Likely benign,.,.,c.798G>A,p.Thr266=,G,A,recovered_from_hgvs_plus_strand_assumption,True,coding_synonymous,False,0.9892,False,False,False,genes,GATA1,0
VCV002691904,48793227,.,.,c.800C>T,p.Thr267Ile,missense,Likely pathogenic,0.9991,0.9942,0.0234,0,BENIGN,,-1,,-1,,,False,NO_VEP,"Structural-only assessment (LSSIM=0.994, global SSIM=0.999). VEP not available for this locus.",Pathogenic,ClinVar_Pathogenic,-1,CATEGORICAL,NM_002049.4(GATA1):c.800C>T (p.Thr267Ile),"criteria provided, single submitter",Likely pathogenic,.,.,c.800C>T,p.Thr267Ile,C,T,recovered_from_hgvs_plus_strand_assumption,True,coding_missense,False,0.9892,False,False,False,genes,GATA1,0
VCV000704892,48793249,.,.,c.822T>C,p.Ser274=,synonymous,Likely benign,1.0,0.9999,0.0036,0,BENIGN,,-1,,-1,,,False,NO_VEP,"Structural-only assessment (LSSIM=1.000, global SSIM=1.000). VEP not available for this locus.",Benign,ClinVar_Benign,-1,CATEGORICAL,NM_002049.4(GATA1):c.822T>C (p.Ser274=),"criteria provided, single submitter",Likely benign,.,.,c.822T>C,p.Ser274=,T,C,recovered_from_hgvs_plus_strand_assumption,True,coding_synonymous,False,0.9892,False,False,False,genes,GATA1,0
VCV002931484,48793258,.,.,c.831C>T,p.Pro277=,synonymous,Likely benign,1.0,0.9999,0.0036,0,BENIGN,,-1,,-1,,,False,NO_VEP,"Structural-only assessment (LSSIM=1.000, global SSIM=1.000). VEP not available for this locus.",Benign,ClinVar_Benign,-1,CATEGORICAL,NM_002049.4(GATA1):c.831C>T (p.Pro277=),"criteria provided, single submitter",Likely benign,.,.,c.831C>T,p.Pro277=,C,T,recovered_from_hgvs_plus_strand_assumption,True,coding_synonymous,False,0.9892,False,False,False,genes,GATA1,0
VCV003748697,48793267,.,.,c.840T>C,p.Asn280=,synonymous,Likely benign,1.0,0.9999,0.0035,0,BENIGN,,-1,,-1,,,False,NO_VEP,"Structural-only assessment (LSSIM=1.000, global SSIM=1.000). VEP not available for this locus.",Benign,ClinVar_Benign,-1,CATEGORICAL,NM_002049.4(GATA1):c.840T>C (p.Asn280=),"criteria provided, single submitter",Likely benign,.,.,c.840T>C,p.Asn280=,T,C,recovered_from_hgvs_plus_strand_assumption,True,coding_synonymous,False,0.9892,False,False,False,genes,GATA1,0
VCV002936694,48793282,.,.,c.855C>T,p.Tyr285=,synonymous,Likely benign,1.0,0.9999,0.0036,0,BENIGN,,-1,,-1,,,False,NO_VEP,"Structural-only assessment (LSSIM=1.000, global SSIM=1.000). VEP not available for this locus.",Benign,ClinVar_Benign,-1,CATEGORICAL,NM_002049.4(GATA1):c.855C>T (p.Tyr285=),"criteria provided, single submitter",Likely benign,.,.,c.855C>T,p.Tyr285=,C,T,recovered_from_hgvs_plus_strand_assumption,True,coding_synonymous,False,0.9892,False,False,False,genes,GATA1,0
VCV001703852,48793292,.,.,c.865C>T,p.His289Tyr,missense,Pathogenic,0.9992,0.9948,0.0222,0,BENIGN,,-1,,-1,,,False,NO_VEP,"Structural-only assessment (LSSIM=0.995, global SSIM=0.999). VEP not available for this locus.",Pathogenic,ClinVar_Pathogenic,-1,CATEGORICAL,NM_002049.4(GATA1):c.865C>T (p.His289Tyr),"criteria provided, single submitter",Pathogenic,.,.,c.865C>T,p.His289Tyr,C,T,recovered_from_hgvs_plus_strand_assumption,True,coding_missense,False,0.9892,False,False,False,genes,GATA1,0
VCV000705161,48793305,.,.,c.870+8C>T,,intronic,Conflicting classifications of pathogenicity,0.9999,0.9994,0.0075,0,BENIGN,,-1,,-1,,,False,NO_VEP,"Structural-only assessment (LSSIM=0.999, global SSIM=1.000). VEP not available for this locus.",Pathogenic,ClinVar_Pathogenic,-1,CATEGORICAL,NM_002049.4(GATA1):c.870+8C>T,"criteria provided, conflicting classifications",Conflicting classifications of pathogenicity,.,.,c.870+8C>T,,C,T,recovered_from_hgvs_plus_strand_assumption,True,intronic,False,0.9892,False,False,False,genes,GATA1,0
VCV003751875,48793309,.,.,c.870+12C>A,,intronic,Likely benign,0.9999,0.9995,0.0072,0,BENIGN,,-1,,-1,,,False,NO_VEP,"Structural-only assessment (LSSIM=0.999, global SSIM=1.000). VEP not available for this locus.",Benign,ClinVar_Benign,-1,CATEGORICAL,NM_002049.4(GATA1):c.870+12C>A,"criteria provided, single submitter",Likely benign,.,.,c.870+12C>A,,C,A,recovered_from_hgvs_plus_strand_assumption,True,intronic,False,0.9892,False,False,False,genes,GATA1,0
VCV002154699,48793773,.,.,c.871-20C>T,,intronic,Benign,0.9998,0.9989,0.0087,0,BENIGN,,-1,,-1,,,False,NO_VEP,"Structural-only assessment (LSSIM=0.999, global SSIM=1.000). VEP not available for this locus.",Benign,ClinVar_Benign,-1,CATEGORICAL,NM_002049.4(GATA1):c.871-20C>T,"criteria provided, single submitter",Benign,.,.,c.871-20C>T,,C,T,recovered_from_hgvs_plus_strand_assumption,True,intronic,False,0.9892,False,False,False,genes,GATA1,0
VCV002948822,48793782,.,.,c.871-11C>T,,intronic,Likely benign,0.9998,0.9989,0.0086,0,BENIGN,,-1,,-1,,,False,NO_VEP,"Structural-only assessment (LSSIM=0.999, global SSIM=1.000). VEP not available for this locus.",Benign,ClinVar_Benign,-1,CATEGORICAL,NM_002049.4(GATA1):c.871-11C>T,"criteria provided, single submitter",Likely benign,.,.,c.871-11C>T,,C,T,recovered_from_hgvs_plus_strand_assumption,True,intronic,False,0.9892,False,False,False,genes,GATA1,0
VCV001336797,48793786,.,.,c.871-7T>C,,intronic,Conflicting classifications of pathogenicity,0.9998,0.9988,0.009,0,BENIGN,,-1,,-1,,,False,NO_VEP,"Structural-only assessment (LSSIM=0.999, global SSIM=1.000). VEP not available for this locus.",Pathogenic,ClinVar_Pathogenic,-1,CATEGORICAL,NM_002049.4(GATA1):c.871-7T>C,"criteria provided, conflicting classifications",Conflicting classifications of pathogenicity,.,.,c.871-7T>C,,T,C,recovered_from_hgvs_plus_strand_assumption,True,intronic,False,0.9892,False,False,False,genes,GATA1,0
VCV002944587,48793801,.,.,c.879G>A,p.Arg293=,synonymous,Likely benign,1.0,0.9997,0.0044,0,BENIGN,,-1,,-1,,,False,NO_VEP,"Structural-only assessment (LSSIM=1.000, global SSIM=1.000). VEP not available for this locus.",Benign,ClinVar_Benign,-1,CATEGORICAL,NM_002049.4(GATA1):c.879G>A (p.Arg293=),"criteria provided, single submitter",Likely benign,.,.,c.879G>A,p.Arg293=,G,A,recovered_from_hgvs_plus_strand_assumption,True,coding_synonymous,False,0.9892,False,False,False,genes,GATA1,0
VCV002065081,48793804,.,.,c.882A>G,p.Pro294=,synonymous,Likely benign,1.0,0.9997,0.0044,0,BENIGN,,-1,,-1,,,False,NO_VEP,"Structural-only assessment (LSSIM=1.000, global SSIM=1.000). VEP not available for this locus.",Benign,ClinVar_Benign,-1,CATEGORICAL,NM_002049.4(GATA1):c.882A>G (p.Pro294=),"criteria provided, single submitter",Likely benign,.,.,c.882A>G,p.Pro294=,A,G,recovered_from_hgvs_plus_strand_assumption,True,coding_synonymous,False,0.9892,False,False,False,genes,GATA1,0
VCV002578025,48793808,.,.,c.886A>C,p.Thr296Pro,missense,Pathogenic,0.9983,0.9892,0.0272,0,LIKELY_BENIGN,,-1,,-1,,,False,NO_VEP,"Structural-only assessment (LSSIM=0.989, global SSIM=0.998). VEP not available for this locus.",Pathogenic,ClinVar_Pathogenic,-1,CATEGORICAL,NM_002049.4(GATA1):c.886A>C (p.Thr296Pro),"criteria provided, single submitter",Pathogenic,.,.,c.886A>C,p.Thr296Pro,A,C,recovered_from_hgvs_plus_strand_assumption,True,coding_missense,False,0.9892,True,False,False,genes,GATA1,0
VCV002038817,48793814,.,.,c.892C>A,p.Arg298=,synonymous,Likely benign,1.0,0.9997,0.0044,0,BENIGN,,-1,,-1,,,False,NO_VEP,"Structural-only assessment (LSSIM=1.000, global SSIM=1.000). VEP not available for this locus.",Benign,ClinVar_Benign,-1,CATEGORICAL,NM_002049.4(GATA1):c.892C>A (p.Arg298=),"criteria provided, single submitter",Likely benign,.,.,c.892C>A,p.Arg298=,C,A,recovered_from_hgvs_plus_strand_assumption,True,coding_synonymous,False,0.9892,False,False,False,genes,GATA1,0
VCV004792839,48793822,.,.,c.900T>C,p.Asp300=,synonymous,Likely benign,1.0,0.9997,0.0041,0,BENIGN,,-1,,-1,,,False,NO_VEP,"Structural-only assessment (LSSIM=1.000, global SSIM=1.000). VEP not available for this locus.",Benign,ClinVar_Benign,-1,CATEGORICAL,NM_002049.4(GATA1):c.900T>C (p.Asp300=),"criteria provided, single submitter",Likely benign,.,.,c.900T>C,p.Asp300=,T,C,recovered_from_hgvs_plus_strand_assumption,True,coding_synonymous,False,0.9892,False,False,False,genes,GATA1,0
VCV003752535,48793834,.,.,c.912T>A,p.Thr304=,synonymous,Likely benign,1.0,0.9997,0.0044,0,BENIGN,,-1,,-1,,,False,NO_VEP,"Structural-only assessment (LSSIM=1.000, global SSIM=1.000). VEP not available for this locus.",Benign,ClinVar_Benign,-1,CATEGORICAL,NM_002049.4(GATA1):c.912T>A (p.Thr304=),"criteria provided, single submitter",Likely benign,.,.,c.912T>A,p.Thr304=,T,A,recovered_from_hgvs_plus_strand_assumption,True,coding_synonymous,False,0.9892,False,False,False,genes,GATA1,0
VCV000700247,48793864,.,.,c.942A>G,p.Lys314=,synonymous,Benign,1.0,0.9997,0.0043,0,BENIGN,,-1,,-1,,,False,NO_VEP,"Structural-only assessment (LSSIM=1.000, global SSIM=1.000). VEP not available for this locus.",Benign,ClinVar_Benign,-1,CATEGORICAL,NM_002049.4(GATA1):c.942A>G (p.Lys314=),"criteria provided, single submitter",Benign,.,.,c.942A>G,p.Lys314=,A,G,recovered_from_hgvs_plus_strand_assumption,True,coding_synonymous,False,0.9892,False,False,False,genes,GATA1,0
VCV001664576,48793871,.,.,c.949C>A,p.Arg317=,synonymous,Likely benign,1.0,0.9997,0.0042,0,BENIGN,,-1,,-1,,,False,NO_VEP,"Structural-only assessment (LSSIM=1.000, global SSIM=1.000). VEP not available for this locus.",Benign,ClinVar_Benign,-1,CATEGORICAL,NM_002049.4(GATA1):c.949C>A (p.Arg317=),"criteria provided, single submitter",Likely benign,.,.,c.949C>A,p.Arg317=,C,A,recovered_from_hgvs_plus_strand_assumption,True,coding_synonymous,False,0.9892,False,False,False,genes,GATA1,0
VCV000970248,48793872,.,.,c.950G>A,p.Arg317Gln,missense,Likely benign,0.9984,0.9896,0.0262,0,LIKELY_BENIGN,,-1,,-1,,,False,NO_VEP,"Structural-only assessment (LSSIM=0.990, global SSIM=0.998). VEP not available for this locus.",Benign,ClinVar_Benign,-1,CATEGORICAL,NM_002049.4(GATA1):c.950G>A (p.Arg317Gln),"criteria provided, single submitter",Likely benign,.,.,c.950G>A,p.Arg317Gln,G,A,recovered_from_hgvs_plus_strand_assumption,True,coding_missense,False,0.9892,False,False,False,genes,GATA1,0
VCV001943613,48793884,.,.,c.962T>C,p.Leu321Pro,missense,Conflicting classifications of pathogenicity,0.9982,0.9889,0.0278,0,LIKELY_BENIGN,,-1,,-1,,,False,NO_VEP,"Structural-only assessment (LSSIM=0.989, global SSIM=0.998). VEP not available for this locus.",Pathogenic,ClinVar_Pathogenic,-1,CATEGORICAL,NM_002049.4(GATA1):c.962T>C (p.Leu321Pro),"criteria provided, conflicting classifications",Conflicting classifications of pathogenicity,.,.,c.962T>C,p.Leu321Pro,T,C,recovered_from_hgvs_plus_strand_assumption,True,coding_missense,False,0.9892,True,False,False,genes,GATA1,0
VCV002930514,48793891,.,.,c.969C>G,p.Gly323=,synonymous,Likely benign,1.0,0.9997,0.0043,0,BENIGN,,-1,,-1,,,False,NO_VEP,"Structural-only assessment (LSSIM=1.000, global SSIM=1.000). VEP not available for this locus.",Benign,ClinVar_Benign,-1,CATEGORICAL,NM_002049.4(GATA1):c.969C>G (p.Gly323=),"criteria provided, single submitter",Likely benign,.,.,c.969C>G,p.Gly323=,C,G,recovered_from_hgvs_plus_strand_assumption,True,coding_synonymous,False,0.9892,False,False,False,genes,GATA1,0
VCV002038985,48793939,.,.,c.1017G>C,p.Gly339=,synonymous,Likely benign,1.0,0.9997,0.0043,0,BENIGN,,-1,,-1,,,False,NO_VEP,"Structural-only assessment (LSSIM=1.000, global SSIM=1.000). VEP not available for this locus.",Benign,ClinVar_Benign,-1,CATEGORICAL,NM_002049.4(GATA1):c.1017G>C (p.Gly339=),"criteria provided, single submitter",Likely benign,.,.,c.1017G>C,p.Gly339=,G,C,recovered_from_hgvs_plus_strand_assumption,True,coding_synonymous,False,0.9892,False,False,False,genes,GATA1,0
VCV004785975,48793942,.,.,c.1020C>T,p.Gly340=,synonymous,Likely benign,1.0,0.9997,0.0042,0,BENIGN,,-1,,-1,,,False,NO_VEP,"Structural-only assessment (LSSIM=1.000, global SSIM=1.000). VEP not available for this locus.",Benign,ClinVar_Benign,-1,CATEGORICAL,NM_002049.4(GATA1):c.1020C>T (p.Gly340=),"criteria provided, single submitter",Likely benign,.,.,c.1020C>T,p.Gly340=,C,T,recovered_from_hgvs_plus_strand_assumption,True,coding_synonymous,False,0.9892,False,False,False,genes,GATA1,0
VCV002067217,48793945,.,.,c.1023C>T,p.Ser341=,synonymous,Likely benign,1.0,0.9997,0.0042,0,BENIGN,,-1,,-1,,,False,NO_VEP,"Structural-only assessment (LSSIM=1.000, global SSIM=1.000). VEP not available for this locus.",Benign,ClinVar_Benign,-1,CATEGORICAL,NM_002049.4(GATA1):c.1023C>T (p.Ser341=),"criteria provided, single submitter",Likely benign,.,.,c.1023C>T,p.Ser341=,C,T,recovered_from_hgvs_plus_strand_assumption,True,coding_synonymous,False,0.9892,False,False,False,genes,GATA1,0
VCV001533531,48793951,.,.,c.1029C>T,p.Ser343=,synonymous,Likely benign,1.0,0.9997,0.0042,0,BENIGN,,-1,,-1,,,False,NO_VEP,"Structural-only assessment (LSSIM=1.000, global SSIM=1.000). VEP not available for this locus.",Benign,ClinVar_Benign,-1,CATEGORICAL,NM_002049.4(GATA1):c.1029C>T (p.Ser343=),"criteria provided, single submitter",Likely benign,.,.,c.1029C>T,p.Ser343=,C,T,recovered_from_hgvs_plus_strand_assumption,True,coding_synonymous,False,0.9892,False,False,False,genes,GATA1,0
VCV002073953,48793952,.,.,c.1030G>A,p.Gly344Arg,missense,Conflicting classifications of pathogenicity,0.9985,0.99,0.0264,0,BENIGN,,-1,,-1,,,False,NO_VEP,"Structural-only assessment (LSSIM=0.990, global SSIM=0.998). VEP not available for this locus.",Pathogenic,ClinVar_Pathogenic,-1,CATEGORICAL,NM_002049.4(GATA1):c.1030G>A (p.Gly344Arg),"criteria provided, conflicting classifications",Conflicting classifications of pathogenicity,.,.,c.1030G>A,p.Gly344Arg,G,A,recovered_from_hgvs_plus_strand_assumption,True,coding_missense,False,0.9892,False,False,False,genes,GATA1,0
VCV001117385,48793963,.,.,c.1041G>A,p.Gly347=,synonymous,Likely benign,1.0,0.9997,0.0043,0,BENIGN,,-1,,-1,,,False,NO_VEP,"Structural-only assessment (LSSIM=1.000, global SSIM=1.000). VEP not available for this locus.",Benign,ClinVar_Benign,-1,CATEGORICAL,NM_002049.4(GATA1):c.1041G>A (p.Gly347=),"criteria provided, single submitter",Likely benign,.,.,c.1041G>A,p.Gly347=,G,A,recovered_from_hgvs_plus_strand_assumption,True,coding_synonymous,False,0.9892,False,False,False,genes,GATA1,0
VCV000698888,48793967,.,.,c.1045G>A,p.Val349Met,missense,Conflicting classifications of pathogenicity,0.9983,0.9892,0.0269,0,LIKELY_BENIGN,,-1,,-1,,,False,NO_VEP,"Structural-only assessment (LSSIM=0.989, global SSIM=0.998). VEP not available for this locus.",Pathogenic,ClinVar_Pathogenic,-1,CATEGORICAL,NM_002049.4(GATA1):c.1045G>A (p.Val349Met),"criteria provided, conflicting classifications",Conflicting classifications of pathogenicity,.,.,c.1045G>A,p.Val349Met,G,A,recovered_from_hgvs_plus_strand_assumption,True,coding_missense,False,0.9892,True,False,False,genes,GATA1,0
VCV001910602,48793978,.,.,c.1056C>T,p.Gly352=,synonymous,Likely benign,1.0,0.9997,0.0044,0,BENIGN,,-1,,-1,,,False,NO_VEP,"Structural-only assessment (LSSIM=1.000, global SSIM=1.000). VEP not available for this locus.",Benign,ClinVar_Benign,-1,CATEGORICAL,NM_002049.4(GATA1):c.1056C>T (p.Gly352=),"criteria provided, single submitter",Likely benign,.,.,c.1056C>T,p.Gly352=,C,T,recovered_from_hgvs_plus_strand_assumption,True,coding_synonymous,False,0.9892,False,False,False,genes,GATA1,0
VCV001615692,48793981,.,.,c.1059G>C,p.Leu353=,synonymous,Likely benign,1.0,0.9997,0.0044,0,BENIGN,,-1,,-1,,,False,NO_VEP,"Structural-only assessment (LSSIM=1.000, global SSIM=1.000). VEP not available for this locus.",Benign,ClinVar_Benign,-1,CATEGORICAL,NM_002049.4(GATA1):c.1059G>C (p.Leu353=),"criteria provided, single submitter",Likely benign,.,.,c.1059G>C,p.Leu353=,G,C,recovered_from_hgvs_plus_strand_assumption,True,coding_synonymous,False,0.9892,False,False,False,genes,GATA1,0
VCV001554300,48793989,.,.,c.1067G>A,p.Gly356Asp,missense,Conflicting classifications of pathogenicity,0.9983,0.9892,0.0274,0,LIKELY_BENIGN,,-1,,-1,,,False,NO_VEP,"Structural-only assessment (LSSIM=0.989, global SSIM=0.998). VEP not available for this locus.",Pathogenic,ClinVar_Pathogenic,-1,CATEGORICAL,NM_002049.4(GATA1):c.1067G>A (p.Gly356Asp),"criteria provided, conflicting classifications",Conflicting classifications of pathogenicity,.,.,c.1067G>A,p.Gly356Asp,G,A,recovered_from_hgvs_plus_strand_assumption,True,coding_missense,False,0.9892,True,False,False,genes,GATA1,0
VCV003754780,48793990,.,.,c.1068C>G,p.Gly356=,synonymous,Likely benign,1.0,0.9997,0.0042,0,BENIGN,,-1,,-1,,,False,NO_VEP,"Structural-only assessment (LSSIM=1.000, global SSIM=1.000). VEP not available for this locus.",Benign,ClinVar_Benign,-1,CATEGORICAL,NM_002049.4(GATA1):c.1068C>G (p.Gly356=),"criteria provided, single submitter",Likely benign,.,.,c.1068C>G,p.Gly356=,C,G,recovered_from_hgvs_plus_strand_assumption,True,coding_synonymous,False,0.9892,False,False,False,genes,GATA1,0
VCV002925398,48793990,.,.,c.1068C>A,p.Gly356=,synonymous,Likely benign,1.0,0.9997,0.0042,0,BENIGN,,-1,,-1,,,False,NO_VEP,"Structural-only assessment (LSSIM=1.000, global SSIM=1.000). VEP not available for this locus.",Benign,ClinVar_Benign,-1,CATEGORICAL,NM_002049.4(GATA1):c.1068C>A (p.Gly356=),"criteria provided, single submitter",Likely benign,.,.,c.1068C>A,p.Gly356=,C,A,recovered_from_hgvs_plus_strand_assumption,True,coding_synonymous,False,0.9892,False,False,False,genes,GATA1,0
VCV002928688,48794008,.,.,c.1086T>C,p.His362=,synonymous,Likely benign,1.0,0.9997,0.0042,0,BENIGN,,-1,,-1,,,False,NO_VEP,"Structural-only assessment (LSSIM=1.000, global SSIM=1.000). VEP not available for this locus.",Benign,ClinVar_Benign,-1,CATEGORICAL,NM_002049.4(GATA1):c.1086T>C (p.His362=),"criteria provided, single submitter",Likely benign,.,.,c.1086T>C,p.His362=,T,C,recovered_from_hgvs_plus_strand_assumption,True,coding_synonymous,False,0.9892,False,False,False,genes,GATA1,0
VCV003754717,48794011,.,.,c.1089C>A,p.Leu363=,synonymous,Likely benign,1.0,0.9997,0.0042,0,BENIGN,,-1,,-1,,,False,NO_VEP,"Structural-only assessment (LSSIM=1.000, global SSIM=1.000). VEP not available for this locus.",Benign,ClinVar_Benign,-1,CATEGORICAL,NM_002049.4(GATA1):c.1089C>A (p.Leu363=),"criteria provided, single submitter",Likely benign,.,.,c.1089C>A,p.Leu363=,C,A,recovered_from_hgvs_plus_strand_assumption,True,coding_synonymous,False,0.9892,False,False,False,genes,GATA1,0
VCV002936604,48794024,.,.,c.1102G>A,p.Gly368Ser,missense,Likely benign,0.9982,0.9888,0.0282,0,LIKELY_BENIGN,,-1,,-1,,,False,NO_VEP,"Structural-only assessment (LSSIM=0.989, global SSIM=0.998). VEP not available for this locus.",Benign,ClinVar_Benign,-1,CATEGORICAL,NM_002049.4(GATA1):c.1102G>A (p.Gly368Ser),"criteria provided, single submitter",Likely benign,.,.,c.1102G>A,p.Gly368Ser,G,A,recovered_from_hgvs_plus_strand_assumption,True,coding_missense,False,0.9892,True,False,False,genes,GATA1,0
VCV004783754,48794025,.,.,c.1103G>C,p.Gly368Ala,missense,Benign,0.9983,0.9892,0.0271,0,LIKELY_BENIGN,,-1,,-1,,,False,NO_VEP,"Structural-only assessment (LSSIM=0.989, global SSIM=0.998). VEP not available for this locus.",Benign,ClinVar_Benign,-1,CATEGORICAL,NM_002049.4(GATA1):c.1103G>C (p.Gly368Ala),"criteria provided, single submitter",Benign,.,.,c.1103G>C,p.Gly368Ala,G,C,recovered_from_hgvs_plus_strand_assumption,True,coding_missense,False,0.9892,True,False,False,genes,GATA1,0
VCV002037240,48794033,.,.,c.1111G>A,p.Val371Met,missense,Benign,0.9983,0.9891,0.0268,0,LIKELY_BENIGN,,-1,,-1,,,False,NO_VEP,"Structural-only assessment (LSSIM=0.989, global SSIM=0.998). VEP not available for this locus.",Benign,ClinVar_Benign,-1,CATEGORICAL,NM_002049.4(GATA1):c.1111G>A (p.Val371Met),"criteria provided, single submitter",Benign,.,.,c.1111G>A,p.Val371Met,G,A,recovered_from_hgvs_plus_strand_assumption,True,coding_missense,False,0.9892,True,False,False,genes,GATA1,0
VCV002149446,48794068,.,.,c.1146C>T,p.Phe382=,synonymous,Likely benign,1.0,0.9997,0.0043,0,BENIGN,,-1,,-1,,,False,NO_VEP,"Structural-only assessment (LSSIM=1.000, global SSIM=1.000). VEP not available for this locus.",Benign,ClinVar_Benign,-1,CATEGORICAL,NM_002049.4(GATA1):c.1146C>T (p.Phe382=),"criteria provided, single submitter",Likely benign,.,.,c.1146C>T,p.Phe382=,C,T,recovered_from_hgvs_plus_strand_assumption,True,coding_synonymous,False,0.9892,False,False,False,genes,GATA1,0
VCV002935837,48794074,.,.,c.1152A>C,p.Gly384=,synonymous,Likely benign,1.0,0.9997,0.0044,0,BENIGN,,-1,,-1,,,False,NO_VEP,"Structural-only assessment (LSSIM=1.000, global SSIM=1.000). VEP not available for this locus.",Benign,ClinVar_Benign,-1,CATEGORICAL,NM_002049.4(GATA1):c.1152A>C (p.Gly384=),"criteria provided, single submitter",Likely benign,.,.,c.1152A>C,p.Gly384=,A,C,recovered_from_hgvs_plus_strand_assumption,True,coding_synonymous,False,0.9892,False,False,False,genes,GATA1,0
VCV001165471,48794079,.,.,c.1157T>C,p.Leu386Pro,missense,Conflicting classifications of pathogenicity,0.9984,0.9896,0.0269,0,LIKELY_BENIGN,,-1,,-1,,,False,NO_VEP,"Structural-only assessment (LSSIM=0.990, global SSIM=0.998). VEP not available for this locus.",Pathogenic,ClinVar_Pathogenic,-1,CATEGORICAL,NM_002049.4(GATA1):c.1157T>C (p.Leu386Pro),"criteria provided, conflicting classifications",Conflicting classifications of pathogenicity,.,.,c.1157T>C,p.Leu386Pro,T,C,recovered_from_hgvs_plus_strand_assumption,True,coding_missense,False,0.9892,False,False,False,genes,GATA1,0
VCV002062055,48794081,.,.,c.1159C>T,p.Leu387=,synonymous,Likely benign,1.0,0.9997,0.0042,0,BENIGN,,-1,,-1,,,False,NO_VEP,"Structural-only assessment (LSSIM=1.000, global SSIM=1.000). VEP not available for this locus.",Benign,ClinVar_Benign,-1,CATEGORICAL,NM_002049.4(GATA1):c.1159C>T (p.Leu387=),"criteria provided, single submitter",Likely benign,.,.,c.1159C>T,p.Leu387=,C,T,recovered_from_hgvs_plus_strand_assumption,True,coding_synonymous,False,0.9892,False,False,False,genes,GATA1,0
VCV001167511,48794092,.,.,c.1170C>G,p.Pro390=,synonymous,Benign,1.0,0.9997,0.0044,0,BENIGN,,-1,,-1,,,False,NO_VEP,"Structural-only assessment (LSSIM=1.000, global SSIM=1.000). VEP not available for this locus.",Benign,ClinVar_Benign,-1,CATEGORICAL,NM_002049.4(GATA1):c.1170C>G (p.Pro390=),"criteria provided, single submitter",Benign,.,.,c.1170C>G,p.Pro390=,C,G,recovered_from_hgvs_plus_strand_assumption,True,coding_synonymous,False,0.9892,False,False,False,genes,GATA1,0
VCV000258541,48794095,.,.,c.1173G>A,p.Thr391=,synonymous,Benign/Likely benign,1.0,0.9997,0.0043,0,BENIGN,,-1,,-1,,,False,NO_VEP,"Structural-only assessment (LSSIM=1.000, global SSIM=1.000). VEP not available for this locus.",Benign,ClinVar_Benign,-1,CATEGORICAL,NM_002049.4(GATA1):c.1173G>A (p.Thr391=),"criteria provided, multiple submitters, no conflicts",Benign/Likely benign,.,.,c.1173G>A,p.Thr391=,G,A,recovered_from_hgvs_plus_strand_assumption,True,coding_synonymous,False,0.9892,False,False,False,genes,GATA1,0
VCV001166965,48794098,.,.,c.1176C>G,p.Gly392=,synonymous,Benign,1.0,0.9997,0.0043,0,BENIGN,,-1,,-1,,,False,NO_VEP,"Structural-only assessment (LSSIM=1.000, global SSIM=1.000). VEP not available for this locus.",Benign,ClinVar_Benign,-1,CATEGORICAL,NM_002049.4(GATA1):c.1176C>G (p.Gly392=),"criteria provided, single submitter",Benign,.,.,c.1176C>G,p.Gly392=,C,G,recovered_from_hgvs_plus_strand_assumption,True,coding_synonymous,False,0.9892,False,False,False,genes,GATA1,0
VCV001593877,48794101,.,.,c.1179C>T,p.Ser393=,synonymous,Likely benign,1.0,0.9997,0.0042,0,BENIGN,,-1,,-1,,,False,NO_VEP,"Structural-only assessment (LSSIM=1.000, global SSIM=1.000). VEP not available for this locus.",Benign,ClinVar_Benign,-1,CATEGORICAL,NM_002049.4(GATA1):c.1179C>T (p.Ser393=),"criteria provided, single submitter",Likely benign,.,.,c.1179C>T,p.Ser393=,C,T,recovered_from_hgvs_plus_strand_assumption,True,coding_synonymous,False,0.9892,False,False,False,genes,GATA1,0
VCV002071920,48794107,.,.,c.1185C>G,p.Pro395=,synonymous,Likely benign,1.0,0.9997,0.0043,0,BENIGN,,-1,,-1,,,False,NO_VEP,"Structural-only assessment (LSSIM=1.000, global SSIM=1.000). VEP not available for this locus.",Benign,ClinVar_Benign,-1,CATEGORICAL,NM_002049.4(GATA1):c.1185C>G (p.Pro395=),"criteria provided, single submitter",Likely benign,.,.,c.1185C>G,p.Pro395=,C,G,recovered_from_hgvs_plus_strand_assumption,True,coding_synonymous,False,0.9892,False,False,False,genes,GATA1,0
VCV001565674,48794110,.,.,c.1188A>C,p.Thr396=,synonymous,Likely benign,1.0,0.9997,0.0043,0,BENIGN,,-1,,-1,,,False,NO_VEP,"Structural-only assessment (LSSIM=1.000, global SSIM=1.000). VEP not available for this locus.",Benign,ClinVar_Benign,-1,CATEGORICAL,NM_002049.4(GATA1):c.1188A>C (p.Thr396=),"criteria provided, single submitter",Likely benign,.,.,c.1188A>C,p.Thr396=,A,C,recovered_from_hgvs_plus_strand_assumption,True,coding_synonymous,False,0.9892,False,False,False,genes,GATA1,0
VCV002931674,48794118,.,.,c.1196T>C,p.Met399Thr,missense,Likely benign,0.9983,0.9891,0.0273,0,LIKELY_BENIGN,,-1,,-1,,,False,NO_VEP,"Structural-only assessment (LSSIM=0.989, global SSIM=0.998). VEP not available for this locus.",Benign,ClinVar_Benign,-1,CATEGORICAL,NM_002049.4(GATA1):c.1196T>C (p.Met399Thr),"criteria provided, single submitter",Likely benign,.,.,c.1196T>C,p.Met399Thr,T,C,recovered_from_hgvs_plus_strand_assumption,True,coding_missense,False,0.9892,True,False,False,genes,GATA1,0
VCV001168062,48794130,.,.,c.1208C>T,p.Thr403Ile,missense,Benign,0.9983,0.9892,0.0277,0,LIKELY_BENIGN,,-1,,-1,,,False,NO_VEP,"Structural-only assessment (LSSIM=0.989, global SSIM=0.998). VEP not available for this locus.",Benign,ClinVar_Benign,-1,CATEGORICAL,NM_002049.4(GATA1):c.1208C>T (p.Thr403Ile),"criteria provided, single submitter",Benign,.,.,c.1208C>T,p.Thr403Ile,C,T,recovered_from_hgvs_plus_strand_assumption,True,coding_missense,False,0.9892,True,False,False,genes,GATA1,0
VCV002931414,48794137,.,.,c.1215T>A,p.Thr405=,synonymous,Likely benign,1.0,0.9997,0.0042,0,BENIGN,,-1,,-1,,,False,NO_VEP,"Structural-only assessment (LSSIM=1.000, global SSIM=1.000). VEP not available for this locus.",Benign,ClinVar_Benign,-1,CATEGORICAL,NM_002049.4(GATA1):c.1215T>A (p.Thr405=),"criteria provided, single submitter",Likely benign,.,.,c.1215T>A,p.Thr405=,T,A,recovered_from_hgvs_plus_strand_assumption,True,coding_synonymous,False,0.9892,False,False,False,genes,GATA1,0
VCV001901612,48794140,.,.,c.1218T>C,p.Thr406=,synonymous,Benign,1.0,0.9997,0.0043,0,BENIGN,,-1,,-1,,,False,NO_VEP,"Structural-only assessment (LSSIM=1.000, global SSIM=1.000). VEP not available for this locus.",Benign,ClinVar_Benign,-1,CATEGORICAL,NM_002049.4(GATA1):c.1218T>C (p.Thr406=),"criteria provided, single submitter",Benign,.,.,c.1218T>C,p.Thr406=,T,C,recovered_from_hgvs_plus_strand_assumption,True,coding_synonymous,False,0.9892,False,False,False,genes,GATA1,0
VCV001599048,48794152,.,.,c.1230G>A,p.Pro410=,synonymous,Benign,1.0,0.9997,0.0043,0,BENIGN,,-1,,-1,,,False,NO_VEP,"Structural-only assessment (LSSIM=1.000, global SSIM=1.000). VEP not available for this locus.",Benign,ClinVar_Benign,-1,CATEGORICAL,NM_002049.4(GATA1):c.1230G>A (p.Pro410=),"criteria provided, single submitter",Benign,.,.,c.1230G>A,p.Pro410=,G,A,recovered_from_hgvs_plus_strand_assumption,True,coding_synonymous,False,0.9892,False,False,False,genes,GATA1,0
VCV004793637,48794155,.,.,c.1233C>T,p.Leu411=,synonymous,Likely benign,1.0,0.9997,0.0044,0,BENIGN,,-1,,-1,,,False,NO_VEP,"Structural-only assessment (LSSIM=1.000, global SSIM=1.000). VEP not available for this locus.",Benign,ClinVar_Benign,-1,CATEGORICAL,NM_002049.4(GATA1):c.1233C>T (p.Leu411=),"criteria provided, single submitter",Likely benign,.,.,c.1233C>T,p.Leu411=,C,T,recovered_from_hgvs_plus_strand_assumption,True,coding_synonymous,False,0.9892,False,False,False,genes,GATA1,0
VCV002153356,48794158,.,.,c.1236C>A,p.Ser412Arg,missense,Benign,0.9983,0.9891,0.0276,0,LIKELY_BENIGN,,-1,,-1,,,False,NO_VEP,"Structural-only assessment (LSSIM=0.989, global SSIM=0.998). VEP not available for this locus.",Benign,ClinVar_Benign,-1,CATEGORICAL,NM_002049.4(GATA1):c.1236C>A (p.Ser412Arg),"criteria provided, single submitter",Benign,.,.,c.1236C>A,p.Ser412Arg,C,A,recovered_from_hgvs_plus_strand_assumption,True,coding_missense,False,0.9892,True,False,False,genes,GATA1,0
VCV004783761,48794159,.,.,c.1237T>C,p.Ser413Pro,missense,Benign,0.9983,0.9892,0.0275,0,LIKELY_BENIGN,,-1,,-1,,,False,NO_VEP,"Structural-only assessment (LSSIM=0.989, global SSIM=0.998). VEP not available for this locus.",Benign,ClinVar_Benign,-1,CATEGORICAL,NM_002049.4(GATA1):c.1237T>C (p.Ser413Pro),"criteria provided, single submitter",Benign,.,.,c.1237T>C,p.Ser413Pro,T,C,recovered_from_hgvs_plus_strand_assumption,True,coding_missense,False,0.9892,True,False,False,genes,GATA1,0
VCV000156270,48794162,.,.,c.1240T>C,p.Ter414Arg,nonsense,Likely pathogenic,0.9954,0.9701,0.046,0,LIKELY_BENIGN,,-1,,-1,,,False,NO_VEP,"Structural-only assessment (LSSIM=0.970, global SSIM=0.995). VEP not available for this locus.",Pathogenic,ClinVar_Pathogenic,-1,CATEGORICAL,NM_002049.4(GATA1):c.1240T>C (p.Ter414Arg),"criteria provided, single submitter",Likely pathogenic,.,.,c.1240T>C,p.Ter414Arg,T,C,recovered_from_hgvs_plus_strand_assumption,True,coding_nonsense,False,0.9892,True,False,False,genes,GATA1,0
VCV004684518,48794166,.,.,c.*2G>C,,other,Likely benign,0.9989,0.993,0.0222,0,BENIGN,,-1,,-1,,,False,NO_VEP,"Structural-only assessment (LSSIM=0.993, global SSIM=0.999). VEP not available for this locus.",Benign,ClinVar_Benign,-1,CATEGORICAL,NM_002049.4(GATA1):c.*2G>C,"criteria provided, single submitter",Likely benign,.,.,c.*2G>C,,G,C,recovered_from_hgvs_plus_strand_assumption,True,other_unresolved,False,0.9892,False,False,False,genes,GATA1,0
