ClinVar_ID,Position_GRCh38,Ref,Alt,HGVS_c,HGVS_p,Category,ClinVar_Significance,Source,ARCHCODE_LSSIM,mechanism_subclass,nearest_config,nearest_feature_type,nearest_feature_name,nearest_feature_distance_bp,anchor_start,anchor_end,other_anchor,count,pvalue,is_synthetic_or_demo,is_queryable_snv_rechecked,is_regulatory_subclass,locus_bottom5_lssim_threshold,primary_low_lssim_candidate,secondary_lssim_lt_0_99_candidate,exploratory_regulatory_subset_bottom5,candidate_gate_status
VCV002502312,177134,G,A,c.300+1G>A,,splice,Likely pathogenic,ClinVar_Pathogenic,0.9964,splice_region,hba1_90kb_focused,genes,HBA1,0,176933,178222,chr16:168260-172012,21,2.01391657785429e-13,False,True,True,0.994425,False,False,True,regulatory_not_locus_bottom5
VCV000995656,177134,G,T,c.300+1G>T,,splice,Pathogenic,ClinVar_Pathogenic,0.9964,splice_region,hba1_90kb_focused,genes,HBA1,0,176933,178222,chr16:168260-172012,21,2.01391657785429e-13,False,True,True,0.994425,False,False,True,regulatory_not_locus_bottom5
VCV000994077,177180,C,A,c.300+47C>A,,intronic,Likely benign,ClinVar_Benign,0.9995,intronic,hba1_90kb_focused,genes,HBA1,0,176933,178222,chr16:168260-172012,21,2.01391657785429e-13,False,True,True,0.994425,False,False,False,regulatory_not_locus_bottom5
VCV000439768,177188,G,T,c.300+55G>T,,intronic,Benign,ClinVar_Benign,0.9996,intronic,hba1_90kb_focused,genes,HBA1,0,176933,178222,chr16:168260-172012,21,2.01391657785429e-13,False,True,True,0.994425,False,False,False,regulatory_not_locus_bottom5
VCV000993413,177234,C,T,c.301-49C>T,,intronic,Likely benign,ClinVar_Benign,0.9995,intronic,hba1_90kb_focused,genes,HBA1,0,176933,178222,chr16:168260-172012,21,2.01391657785429e-13,False,True,True,0.994425,False,False,False,regulatory_not_locus_bottom5
VCV000439097,177266,C,A,c.301-17C>A,,splice,Likely benign,ClinVar_Benign,0.9968,splice_region,hba1_90kb_focused,genes,HBA1,0,176933,178222,chr16:168260-172012,21,2.01391657785429e-13,False,True,True,0.994425,False,False,False,regulatory_not_locus_bottom5
VCV000990365,177274,T,C,c.301-9T>C,,intronic,Likely benign,ClinVar_Benign,0.9995,intronic,hba1_90kb_focused,genes,HBA1,0,176933,178222,chr16:168260-172012,21,2.01391657785429e-13,False,True,True,0.994425,False,False,False,regulatory_not_locus_bottom5
VCV003036580,177412,G,A,c.*1G>A,,other,Likely benign,ClinVar_Benign,0.9965,3_prime_UTR,hba1_90kb_focused,genes,HBA1,0,176933,178222,chr16:168260-172012,21,2.01391657785429e-13,False,True,True,0.994425,False,False,False,regulatory_not_locus_bottom5
VCV000439094,177457,C,A,c.*46C>A,,other,Benign/Likely benign,ClinVar_Benign,0.9971,3_prime_UTR,hba1_90kb_focused,genes,HBA1,0,176933,178222,chr16:168260-172012,21,2.01391657785429e-13,False,True,True,0.994425,False,False,False,regulatory_not_locus_bottom5
