ClinVar_ID,Position,distance_to_enhancer,distance_to_ctcf,conservation_score,cadd_score,log_distance_to_enhancer,log_distance_to_ctcf,within_1kb_enhancer,within_5kb_enhancer,label,archcode_ssim,vep_score
VCV000439130,5225466,802,20487,10.3,10.3,6.688354713946762,9.927594627879362,1,1,1,0.9942,0.15
VCV000869259,5225482,786,20503,,,6.668228248417403,9.928375268043908,1,1,1,0.9941,0.15
VCV000015474,5225482,786,20503,,,6.668228248417403,9.928375268043908,1,1,1,0.9941,0.15
VCV000015506,5225484,784,20505,,,6.665683717782408,9.928472805230037,1,1,1,0.9943,0.15
VCV000015473,5225485,783,20506,19.9,19.9,6.664409020350408,9.92852157025577,1,1,1,0.9943,0.15
VCV000632843,5225487,781,20508,,,6.661854740545311,9.928619093173733,1,1,1,0.9943,0.15
VCV000015488,5225487,781,20508,18.9,18.9,6.661854740545311,9.928619093173733,1,1,1,0.9943,0.15
VCV000036332,5225488,780,20509,18.4,18.4,6.660575149839686,9.928667851066427,1,1,1,0.9943,0.15
VCV000015616,5225488,780,20509,18.1,18.1,6.660575149839686,9.928667851066427,1,1,1,0.9943,0.15
VCV000869258,5225490,778,20511,19.9,19.9,6.658011045870748,9.928765359720396,1,1,1,0.994,0.15
VCV000869261,5225493,775,20514,,,6.654152520183219,9.928911604876287,1,1,1,0.9941,0.15
VCV000869260,5225566,702,20587,3.3,3.3,6.555356891810665,9.932463660772646,1,1,1,0.9943,0.15
VCV000393707,5225592,676,20613,3.5,3.5,6.517671272912275,9.933725735596738,1,1,1,0.994,0.15
VCV000015395,5225602,666,20623,22.4,22.4,6.502790045915623,9.934210725178968,1,1,1,0.9576,0.9
VCV000015144,5225602,666,20623,22.3,22.3,6.502790045915623,9.934210725178968,1,1,1,0.9576,0.9
VCV000015200,5225603,665,20624,23.8,23.8,6.501289670540389,9.934259211202882,1,1,1,0.9595,0.9
VCV000015265,5225604,664,20625,37.0,37.0,6.499787040655854,9.934307694876015,1,1,1,0.8902,0.9
VCV000015322,5225605,663,20626,24.8,24.8,6.498282149476434,9.934356176198595,1,1,1,0.9588,0.9
VCV000633256,5225606,662,20627,24.0,24.0,6.4967749901858625,9.93440465517085,1,1,1,0.9589,0.9
VCV000015112,5225606,662,20627,23.7,23.7,6.4967749901858625,9.93440465517085,1,1,1,0.9589,0.9
VCV000015096,5225607,661,20628,14.3,14.3,6.495265555937008,9.934453131793008,1,1,1,0.9582,0.9
VCV000015250,5225610,658,20631,,,6.490723534502507,9.934598547561182,1,1,1,0.9589,0.2
VCV000015365,5225611,657,20632,23.0,23.0,6.489204931325317,9.93464701478523,1,1,1,0.9588,0.8
VCV000015090,5225611,657,20632,19.7,19.7,6.489204931325317,9.93464701478523,1,1,1,0.9588,0.8
VCV000869318,5225612,656,20633,,,6.48768401848461,9.934695479660322,1,1,1,0.9067,0.9
VCV000015545,5225620,648,20641,24.2,24.2,6.47543271670409,9.935083114125879,1,1,1,0.9577,0.885
VCV000015339,5225621,647,20642,23.1,23.1,6.473890696352274,9.935131557870589,1,1,1,0.9584,0.9
VCV000869317,5225624,644,20645,,,6.4692503167957724,9.935276875025535,1,1,1,0.8901,0.9
VCV001189030,5225638,630,20659,,,6.447305862541213,9.93595474267363,1,1,1,0.9064,0.9
VCV000015290,5225638,630,20659,21.6,21.6,6.447305862541213,9.93595474267363,1,1,1,0.9583,0.9
VCV000928758,5225645,623,20666,,,6.436150368369428,9.936293504261306,1,1,1,0.9073,0.9
VCV000869314,5225645,623,20666,44.0,44.0,6.436150368369428,9.936293504261306,1,1,1,0.8922,0.9
VCV001459872,5225646,622,20667,,,6.434546518787453,9.936341889407075,1,1,1,0.9074,0.9
VCV000869312,5225646,622,20667,,,6.434546518787453,9.936341889407075,1,1,1,0.9074,0.9
VCV000015348,5225647,621,20668,24.8,24.8,6.432940092739179,9.936390272211836,1,1,1,0.9578,0.9
VCV000869311,5225648,620,20669,44.0,44.0,6.431331081933479,9.936438652675815,1,1,1,0.8906,0.9
VCV000801192,5225649,619,20670,35.0,35.0,6.429719478039138,9.936487030799237,1,1,1,0.8933,0.9
VCV000869313,5225654,614,20675,,,6.421622267806518,9.93672888631593,1,1,1,0.9049,0.9
VCV000015537,5225659,609,20680,24.0,24.0,6.413458957167357,9.936970683352676,1,1,1,0.9592,0.9
VCV000015409,5225659,609,20680,24.6,24.6,6.413458957167357,9.936970683352676,1,1,1,0.9592,0.9
VCV001705074,5225660,608,20681,45.0,45.0,6.411818267709897,9.937019035744921,1,1,1,0.8894,0.9
VCV000015483,5225662,606,20683,13.8,13.8,6.408528791059498,9.937115733516112,1,1,1,0.9592,0.9
VCV000495998,5225664,604,20685,,,6.405228458030842,9.93721242193775,1,1,1,0.9077,0.9
VCV000869284,5225666,602,20687,,,6.401917196727186,9.937309101011639,1,1,1,0.9073,0.9
VCV003572119,5225678,590,20699,,,6.3818160174060985,9.93788897925346,1,1,1,0.9061,0.885
VCV000446736,5225678,590,20699,,,6.3818160174060985,9.93788897925346,1,1,1,0.9582,0.885
VCV000015404,5225678,590,20699,38.0,38.0,6.3818160174060985,9.93788897925346,1,1,1,0.8908,0.885
VCV000015292,5225678,590,20699,22.5,22.5,6.3818160174060985,9.93788897925346,1,1,1,0.9582,0.885
VCV000015152,5225678,590,20699,21.3,21.3,6.3818160174060985,9.93788897925346,1,1,1,0.9582,0.885
VCV003769274,5225693,575,20714,,,6.3561076606958915,9.938613354511503,1,1,1,0.9045,0.9
VCV002691364,5225693,575,20714,,,6.3561076606958915,9.938613354511503,1,1,1,0.9045,0.9
VCV000015526,5225695,573,20716,23.3,23.3,6.352629396319567,9.93870989824589,1,1,1,0.959,0.9
VCV004531951,5225696,572,20717,,,6.35088571671474,9.938758166618047,1,1,1,0.905,0.9
VCV000869279,5225696,572,20717,,,6.35088571671474,9.938758166618047,1,1,1,0.905,0.9
VCV000015257,5225696,572,20717,22.4,22.4,6.35088571671474,9.938758166618047,1,1,1,0.9578,0.9
VCV000015513,5225698,570,20719,25.4,25.4,6.3473892096560105,9.938854696373419,1,1,1,0.9595,0.9
VCV000015425,5225698,570,20719,,,6.3473892096560105,9.938854696373419,1,1,1,0.909,0.9
VCV002681990,5225699,569,20720,,,6.345636360828596,9.938902957757083,1,1,1,0.9071,0.9
VCV000869280,5225703,565,20724,35.0,35.0,6.338594078203183,9.939095980003495,1,1,1,0.8884,0.9
VCV000015207,5225705,563,20726,7.5,7.5,6.335054251498059,9.939192477156904,1,1,1,0.9577,0.89
VCV000015352,5225710,558,20731,24.2,24.2,6.326149473155099,9.939433679309596,1,1,1,0.9592,0.9
VCV000015342,5225714,554,20735,14.9,14.9,6.318968113746434,9.939626599152001,1,1,1,0.9587,0.895
VCV000015230,5225714,554,20735,16.6,16.6,6.318968113746434,9.939626599152001,1,1,1,0.9587,0.895
VCV003336287,5225715,553,20736,12.2,12.2,6.317164686747284,9.93967482329784,1,1,1,0.9586,0.89
VCV000439153,5225718,550,20739,,,6.311734809152915,9.939819481783518,1,1,1,0.9047,0.9
VCV002735520,5225719,549,20740,23.7,23.7,6.309918278226516,9.939867696628879,1,1,1,0.9592,0.895
VCV000015487,5225722,546,20743,26.2,26.2,6.304448802421981,9.9400123272185,1,1,1,0.9585,0.9
VCV000015378,5225722,546,20743,25.6,25.6,6.304448802421981,9.9400123272185,1,1,1,0.9585,0.9
VCV000552712,5225727,541,20748,29.3,29.3,6.295266001439646,9.940253331726451,1,1,1,0.9207,0.95
VCV000038671,5225727,541,20748,29.7,29.7,6.295266001439646,9.940253331726451,1,1,1,0.9207,0.95
VCV000015512,5225727,541,20748,28.4,28.4,6.295266001439646,9.940253331726451,1,1,1,0.9207,0.95
VCV000021191,5225728,540,20749,27.3,27.3,6.293419278846481,9.940301525658844,1,1,1,0.92,0.95
VCV000021190,5225728,540,20749,27.4,27.4,6.293419278846481,9.940301525658844,1,1,1,0.92,0.95
VCV000619687,5225729,539,20750,26.6,26.6,6.29156913955832,9.940349717268694,1,1,1,0.9715,0.5
VCV000015451,5225729,539,20750,19.5,19.5,6.29156913955832,9.940349717268694,1,1,1,0.9715,0.5
VCV000869111,5225733,535,20754,8.0,8.0,6.284134161070802,9.940542460487139,1,1,1,0.9717,0.5
VCV000036313,5225740,528,20761,3.9,3.9,6.270988431858299,9.94087967175319,1,1,1,0.9958,0.3
VCV000869277,5225811,457,20832,,,6.126869184114185,9.944293546928382,1,1,1,0.9959,0.1
VCV000015457,5225832,436,20853,0.7,0.7,6.07993319509559,9.945301055349539,1,1,1,0.9959,0.1
VCV000036312,5225872,396,20893,1.2,1.2,5.983936280687191,9.947217315397454,1,1,1,0.9959,0.1
VCV000015458,5225923,345,20944,0.2,0.2,5.846438775057725,9.949655233381135,1,1,1,0.996,0.1
VCV000869236,5225928,340,20949,,,5.831882477283517,9.949893925350283,1,1,1,0.996,0.1
VCV000869356,5226572,304,21593,21.3,21.3,5.720311776607412,9.980170777307086,1,1,1,0.9663,0.81
VCV000015515,5226572,304,21593,,,5.720311776607412,9.980170777307086,1,1,1,0.9951,0.81
VCV000869355,5226575,307,21596,29.3,29.3,5.730099782973574,9.980309695137413,1,1,1,0.9053,0.95
VCV000439146,5226575,307,21596,33.0,33.0,5.730099782973574,9.980309695137413,1,1,1,0.9053,0.95
VCV003781330,5226576,308,21597,,,5.733341276897746,9.980355996792705,1,1,1,0.886,0.95
VCV000869353,5226576,308,21597,,,5.733341276897746,9.980355996792705,1,1,1,0.9018,0.95
VCV000619686,5226576,308,21597,35.0,35.0,5.733341276897746,9.980355996792705,1,1,1,0.9018,0.95
VCV000189128,5226576,308,21597,31.0,31.0,5.733341276897746,9.980355996792705,1,1,1,0.9018,0.95
VCV000015438,5226576,308,21597,29.8,29.8,5.733341276897746,9.980355996792705,1,1,1,0.9018,0.95
VCV000015192,5226580,312,21601,23.8,23.8,5.746203190540153,9.980541181978419,1,1,1,0.9506,0.9
VCV000015317,5226586,318,21607,24.0,24.0,5.765191102784844,9.980818895472451,1,1,1,0.9497,0.9
VCV000015094,5226587,319,21608,25.0,25.0,5.768320995793772,9.980865173557472,1,1,1,0.9502,0.9
VCV000015118,5226588,320,21609,25.2,25.2,5.771441123130016,9.980911449500931,1,1,1,0.9485,0.9
VCV000869351,5226590,322,21611,,,5.777652323222656,9.981003994963956,1,1,1,0.9662,0.9
VCV000015116,5226590,322,21611,26.1,26.1,5.777652323222656,9.981003994963956,1,1,1,0.9495,0.9
VCV000015315,5226593,325,21614,25.9,25.9,5.786897381366708,9.981142797101732,1,1,1,0.9495,0.9
VCV000015204,5226593,325,21614,26.6,26.6,5.786897381366708,9.981142797101732,1,1,1,0.9495,0.9
VCV000015134,5226593,325,21614,25.9,25.9,5.786897381366708,9.981142797101732,1,1,1,0.9495,0.9
VCV000015397,5226594,326,21615,26.0,26.0,5.7899601708972535,9.98118906019998,1,1,1,0.9497,0.885
VCV000015391,5226594,326,21615,25.5,25.5,5.7899601708972535,9.98118906019998,1,1,1,0.9497,0.885
VCV000015236,5226594,326,21615,25.2,25.2,5.7899601708972535,9.98118906019998,1,1,1,0.9497,0.885
VCV000869309,5226596,328,21617,,,5.796057750765372,9.981281579976148,1,1,1,0.9666,0.2
VCV000619685,5226596,328,21617,,,5.796057750765372,9.981281579976148,1,1,1,0.8884,0.9
VCV000015241,5226597,329,21618,25.4,25.4,5.799092654460526,9.981327836654465,1,1,1,0.949,0.89
VCV003766487,5226598,330,21619,13.3,13.3,5.802118375377063,9.9813740911932,1,1,1,0.9501,0.2
VCV000801186,5226598,330,21619,13.4,13.4,5.802118375377063,9.9813740911932,1,1,1,0.9501,0.2
VCV000015259,5226598,330,21619,,,5.802118375377063,9.9813740911932,1,1,1,0.9501,0.2
VCV000015390,5226599,331,21620,24.3,24.3,5.805134968916488,9.98142034359255,1,1,1,0.9502,0.895
VCV000015607,5226600,332,21621,24.6,24.6,5.808142489980444,9.981466593852717,1,1,1,0.9502,0.9
VCV004277917,5226602,334,21623,25.6,25.6,5.814130531825066,9.981559087956283,1,1,1,0.9508,0.9
VCV000036309,5226604,336,21625,,,5.820082930352362,9.981651573505482,1,1,1,0.888,0.9
VCV000015428,5226608,340,21629,,,5.831882477283517,9.981836518947105,1,1,1,0.8902,0.9
VCV000015104,5226609,341,21630,24.6,24.6,5.834810737062605,9.981882749963502,1,1,1,0.9497,0.9
VCV004280311,5226611,343,21632,,,5.840641657373398,9.981975205584869,1,1,1,0.8695,0.9
VCV002664746,5226613,345,21634,22.2,22.2,5.846438775057725,9.982067652658985,1,1,1,0.9492,0.2
VCV000811500,5226613,345,21634,22.1,22.1,5.846438775057725,9.982067652658985,1,1,1,0.9492,0.2
VCV000015208,5226613,345,21634,,,5.846438775057725,9.982067652658985,1,1,1,0.9492,0.2
VCV000015494,5226615,347,21636,25.1,25.1,5.8522024797744745,9.98216009118743,1,1,1,0.9491,0.9
VCV000015255,5226615,347,21636,25.3,25.3,5.8522024797744745,9.98216009118743,1,1,1,0.9491,0.9
VCV000869310,5226616,348,21637,,,5.855071922202427,9.98220630724752,1,1,1,0.887,0.9
VCV000015338,5226617,349,21638,25.3,25.3,5.857933154483459,9.982252521171782,1,1,1,0.9496,0.9
VCV000015311,5226619,351,21640,20.5,20.5,5.863631175598097,9.982344942613622,1,1,1,0.9494,0.9
VCV000869308,5226621,353,21642,,,5.869296913133774,9.982437355514529,1,1,1,0.8875,0.9
VCV000446747,5226621,353,21642,22.1,22.1,5.869296913133774,9.982437355514529,1,1,1,0.9498,0.9
VCV000015504,5226621,353,21642,37.0,37.0,5.869296913133774,9.982437355514529,1,1,1,0.8694,0.9
VCV000015147,5226623,355,21644,24.2,24.2,5.87493073085203,9.982529759876082,1,1,1,0.9493,0.9
VCV002681986,5226624,356,21645,,,5.877735781779639,9.982575958855092,1,1,1,0.8679,0.9
VCV000015383,5226624,356,21645,24.2,24.2,5.877735781779639,9.982575958855092,1,1,1,0.9492,0.9
VCV000869306,5226625,357,21646,,,5.8805329864007,9.982622155699856,1,1,1,0.8893,0.9
VCV000015343,5226626,358,21647,24.2,24.2,5.883322388488279,9.982668350410568,1,1,1,0.9493,0.9
VCV000015108,5226626,358,21647,24.1,24.1,5.883322388488279,9.982668350410568,1,1,1,0.9493,0.9
VCV000869275,5226627,359,21648,,,5.886104031450156,9.98271454298743,1,1,1,0.8698,0.9
VCV000015493,5226629,361,21650,9.0,9.0,5.8916442118257715,9.982806921740384,1,1,1,0.9497,0.9
VCV000869301,5226632,364,21653,,,5.8998973535824915,9.982945473870844,1,1,1,0.8886,0.9
VCV000869303,5226633,365,21654,,,5.902633333401366,9.982991653648726,1,1,1,0.8854,0.9
VCV000015122,5226635,367,21656,21.9,21.9,5.908082938168931,9.983084006807271,1,1,1,0.9504,0.9
VCV000869302,5226636,368,21657,,,5.910796644040527,9.983130180188324,1,1,1,0.8874,0.9
VCV000869274,5226636,368,21657,,,5.910796644040527,9.983130180188324,1,1,1,0.8874,0.9
VCV000036306,5226641,373,21662,,,5.924255797414532,9.983361015119291,1,1,1,0.8878,0.9
VCV000618675,5226643,375,21664,22.7,22.7,5.929589143389895,9.98345333417401,1,1,1,0.9506,0.2
VCV000446737,5226643,375,21664,,,5.929589143389895,9.98345333417401,1,1,1,0.9506,0.2
VCV000015319,5226643,375,21664,,,5.929589143389895,9.98345333417401,1,1,1,0.9506,0.2
VCV000015321,5226644,376,21665,23.5,23.5,5.932245187448011,9.983499490505512,1,1,1,0.9502,0.895
VCV000015193,5226644,376,21665,24.1,24.1,5.932245187448011,9.983499490505512,1,1,1,0.9502,0.895
VCV000869299,5226648,380,21669,,,5.942799375126701,9.983684094530405,1,1,1,0.8888,0.9
VCV000869273,5226656,388,21677,,,5.963579343618446,9.984053200375696,1,1,1,0.8907,0.9
VCV000632846,5226657,389,21678,,,5.966146739123692,9.984099329028517,1,1,1,0.8896,0.9
VCV001065151,5226658,390,21679,,,5.968707559985366,9.984145455553582,1,1,1,0.8881,0.9
VCV000495983,5226666,398,21687,,,5.988961416889864,9.984514391178502,1,1,1,0.8881,0.9
VCV000993070,5226667,399,21688,,,5.991464547107982,9.984560498562606,1,1,1,0.8854,0.9
VCV000619856,5226667,399,21688,,,5.991464547107982,9.984560498562606,1,1,1,0.8854,0.9
VCV000015560,5226671,403,21692,,,6.0014148779611505,9.984744906843062,1,1,1,0.8855,0.9
VCV004280310,5226672,404,21693,,,6.003887067106539,9.984791003600163,1,1,1,0.9508,0.5
VCV000869269,5226672,404,21693,,,6.003887067106539,9.984791003600163,1,1,1,0.8724,0.5
VCV000618160,5226672,404,21693,,,6.003887067106539,9.984791003600163,1,1,1,0.89,0.5
VCV000015419,5226674,406,21695,,,6.008813185442595,9.984883190740122,1,1,1,0.8865,0.9
VCV000015433,5226675,407,21696,,,6.0112671744041615,9.984929281123371,1,1,1,0.8707,0.9
VCV000869268,5226676,408,21697,,,6.013715156042802,9.984975369382395,1,1,1,0.8874,0.9
VCV000869265,5226680,412,21701,,,6.023447592961033,9.985159701180153,1,1,1,0.8877,0.9
VCV000869266,5226683,415,21704,,,6.030685260261263,9.985297927733694,1,1,1,0.8864,0.9
VCV000015271,5226686,418,21707,23.8,23.8,6.037870919922137,9.985436135183296,1,1,1,0.9491,0.9
VCV000015117,5226686,418,21707,23.3,23.3,6.037870919922137,9.985436135183296,1,1,1,0.9491,0.9
VCV000015613,5226687,419,21708,17.9,17.9,6.040254711277414,9.985482200088756,1,1,1,0.949,0.895
VCV000036303,5226688,420,21709,,,6.042632833682381,9.985528262872338,1,1,1,0.8861,0.9
VCV000015254,5226689,421,21710,25.5,25.5,6.045005314036012,9.985574323534237,1,1,1,0.9497,0.9
VCV004532968,5226690,422,21711,,,6.0473721790462776,9.98562038207465,1,1,1,0.8887,0.9
VCV000015536,5226690,422,21711,24.5,24.5,6.0473721790462776,9.98562038207465,1,1,1,0.9503,0.9
VCV000036302,5226691,423,21712,,,6.049733455231958,9.985666438493771,1,1,1,0.8867,0.9
VCV000015136,5226692,424,21713,24.0,24.0,6.052089168924417,9.985712492791798,1,1,1,0.9508,0.9
VCV000869229,5226693,425,21714,40.0,40.0,6.054439346269371,9.985758544968922,1,1,1,0.8715,0.9
VCV001074874,5226696,428,21717,36.0,36.0,6.061456918928017,9.985896688776846,1,1,1,0.8678,0.9
VCV000869228,5226697,429,21718,,,6.063785208687608,9.98594273247232,1,1,1,0.8873,0.9
VCV000015429,5226698,430,21719,,,6.066108090103747,9.985988774047872,1,1,1,0.885,0.9
VCV000015400,5226701,433,21722,24.7,24.7,6.073044534100405,9.98612688605693,1,1,1,0.9485,0.9
VCV000694445,5226702,434,21723,25.7,25.7,6.075346031088684,9.986172919154736,1,1,1,0.9496,0.9
VCV000015256,5226702,434,21723,25.8,25.8,6.075346031088684,9.986172919154736,1,1,1,0.9496,0.9
VCV000015407,5226708,440,21729,36.0,36.0,6.089044875446846,9.986449073250474,1,1,1,0.8709,0.9
VCV000015411,5226710,442,21731,25.9,25.9,6.093569770045136,9.986541107671414,1,1,1,0.9496,0.85
VCV000869225,5226713,445,21734,,,6.100318952020064,9.986679143422892,1,1,1,0.8851,0.9
VCV000869224,5226714,446,21735,38.0,38.0,6.102558594613569,9.986725151106183,1,1,1,0.8694,0.9
VCV000869346,5226715,447,21736,,,6.104793232414985,9.986771156672866,1,1,1,0.8852,0.9
VCV000869223,5226715,447,21736,,,6.104793232414985,9.986771156672866,1,1,1,0.8852,0.9
VCV000632845,5226716,448,21737,,,6.1070228877422545,9.986817160123133,1,1,1,0.8883,0.9
VCV000869222,5226721,453,21742,,,6.118097198041348,9.987047145635058,1,1,1,0.8667,0.9
VCV000590977,5226724,456,21745,,,6.124683390894205,9.987185111557695,1,1,1,0.8841,0.9
VCV000869349,5226725,457,21746,,,6.126869184114185,9.987231095968987,1,1,1,0.8883,0.9
VCV000869347,5226727,459,21748,,,6.131226489483141,9.98732305844836,1,1,1,0.8888,0.9
VCV000869345,5226728,460,21749,,,6.133398042996649,9.98736903651683,1,1,1,0.887,0.9
VCV003599785,5226732,464,21753,24.0,24.0,6.142037405587356,9.987552927653796,1,1,1,0.9487,0.9
VCV000038659,5226737,469,21758,,,6.152732694704104,9.987782744031522,1,1,1,0.8879,0.9
VCV000869342,5226742,474,21763,,,6.163314804034641,9.988012507605816,1,1,1,0.8852,0.9
VCV000439135,5226745,477,21766,,,6.169610732491456,9.988150340414837,1,1,1,0.8875,0.9
VCV000015485,5226748,480,21769,,,6.175867270105761,9.988288154228593,1,1,1,0.8849,0.9
VCV000869340,5226749,481,21770,,,6.1779441140506,9.988334087946246,1,1,1,0.8873,0.9
VCV000869339,5226753,485,21774,,,6.186208623900494,9.988517801720704,1,1,1,0.8905,0.9
VCV000869338,5226754,486,21775,,,6.18826412308259,9.988563724891247,1,1,1,0.886,0.9
VCV000015546,5226755,487,21776,25.7,25.7,6.1903154058531475,9.98860964595295,1,1,1,0.9502,0.9
VCV000015415,5226757,489,21778,,,6.194405391104672,9.988701481750608,1,1,1,0.8849,0.9
VCV000869298,5226761,493,21782,,,6.202535517187923,9.988885128048356,1,1,1,0.8857,0.9
VCV003572115,5226762,494,21783,,,6.20455776256869,9.988931034353595,1,1,1,0.8659,0.9
VCV000869297,5226762,494,21783,,,6.20455776256869,9.988931034353595,1,1,1,0.8659,0.9
VCV000015406,5226762,494,21783,36.0,36.0,6.20455776256869,9.988931034353595,1,1,1,0.8659,0.9
VCV000869296,5226763,495,21784,,,6.206575926724928,9.988976938551543,1,1,1,0.8889,0.9
VCV000015417,5226763,495,21784,,,6.206575926724928,9.988976938551543,1,1,1,0.8889,0.9
VCV000015190,5226764,496,21785,26.3,26.3,6.208590026096629,9.989022840642392,1,1,1,0.9512,0.9
VCV004795169,5226765,497,21786,25.4,25.4,6.210600077024653,9.989068740626333,1,1,1,0.9494,0.89
VCV001098798,5226765,497,21786,,,6.210600077024653,9.989068740626333,1,1,1,0.8867,0.89
VCV000015347,5226765,497,21786,25.5,25.5,6.210600077024653,9.989068740626333,1,1,1,0.9494,0.89
VCV000015251,5226765,497,21786,25.4,25.4,6.210600077024653,9.989068740626333,1,1,1,0.9494,0.89
VCV000869295,5226766,498,21787,,,6.212606095751519,9.989114638503565,1,1,1,0.8901,0.9
VCV000869294,5226769,501,21790,,,6.218600119691729,9.989252319496922,1,1,1,0.887,0.9
VCV002577315,5226770,502,21791,,,6.220590170099739,9.989298208949238,1,1,1,0.8874,0.9
VCV000015427,5226772,504,21793,,,6.22455842927536,9.989389981536831,1,1,1,0.8735,0.9
VCV000869292,5226774,506,21795,,,6.2285110035911835,9.989481745702989,1,1,1,0.8888,0.9
VCV000869264,5226774,506,21795,,,6.2285110035911835,9.989481745702989,1,1,1,0.8888,0.9
VCV000015551,5226774,506,21795,,,6.2285110035911835,9.989481745702989,1,1,1,0.8888,0.9
VCV000015402,5226774,506,21795,40.0,40.0,6.2285110035911835,9.989481745702989,1,1,1,0.871,0.9
VCV002681976,5226778,510,21799,,,6.236369590203704,9.98966524877718,1,1,1,0.8673,0.9
VCV000015405,5226778,510,21799,42.0,42.0,6.236369590203704,9.98966524877718,1,1,1,0.8673,0.9
VCV000439782,5226779,511,21800,42.0,42.0,6.238324625039508,9.989711119284745,1,1,1,0.8678,0.9
VCV000015431,5226780,512,21801,,,6.240275845170769,9.989756987688304,1,1,1,0.8891,0.9
VCV000015424,5226782,514,21803,,,6.244166900663736,9.989848718184172,1,1,1,0.8857,0.9
VCV000869263,5226784,516,21805,38.0,38.0,6.248042874508429,9.989940440266327,1,1,1,0.872,0.9
VCV000015408,5226784,516,21805,38.0,38.0,6.248042874508429,9.989940440266327,1,1,1,0.872,0.9
VCV000869262,5226785,517,21806,25.7,25.7,6.249975242259483,9.989986298152745,1,1,1,0.9503,0.9
VCV003781328,5226786,518,21807,,,6.251903883165888,9.990032153936314,1,1,1,0.8898,0.9
VCV000015532,5226788,520,21809,,,6.255750041753367,9.990123859195675,1,1,1,0.9499,0.5
VCV000015312,5226789,521,21810,25.2,25.2,6.257667587882639,9.990169708671852,1,1,1,0.9505,0.9
VCV000478852,5226794,526,21815,25.7,25.7,6.267200548541362,9.990398924525424,1,1,1,0.9483,0.9
VCV000015308,5226794,526,21815,26.1,26.1,6.267200548541362,9.990398924525424,1,1,1,0.9483,0.9
VCV002024192,5226796,528,21817,,,6.270988431858299,9.990490596157702,1,1,1,0.9004,0.2
VCV000869322,5226797,529,21818,,,6.272877006546167,9.99053642882265,1,1,1,0.9027,0.95
VCV000015442,5226797,529,21818,,,6.272877006546167,9.99053642882265,1,1,1,0.9027,0.95
VCV000869321,5226799,531,21820,25.2,25.2,6.2766434893416445,9.990628087851128,1,1,1,0.9486,0.895
VCV000439166,5226800,532,21821,33.0,33.0,6.278521424165844,9.990673914215044,1,1,1,0.9065,0.95
VCV000015446,5226800,532,21821,35.0,35.0,6.278521424165844,9.990673914215044,1,1,1,0.9065,0.95
VCV000439167,5226801,533,21822,31.0,31.0,6.280395838960195,9.990719738479,1,1,1,0.9045,0.95
VCV000015562,5226801,533,21822,29.6,29.6,6.280395838960195,9.990719738479,1,1,1,0.9045,0.95
VCV000036341,5226802,534,21823,11.9,11.9,6.282266746896006,9.990765560643188,1,1,1,0.9592,0.5
VCV000550356,5226814,546,21835,0.6,0.6,6.304448802421981,9.991315262901649,1,1,1,0.9954,0.3
VCV000015454,5226820,552,21841,2.6,2.6,6.315358001522335,9.991590000757673,1,1,1,0.9954,0.15
VCV000015445,5226903,635,21924,,,6.455198563340122,9.995382817240383,1,1,1,0.9068,0.95
VCV000015450,5226924,656,21945,18.3,18.3,6.48768401848461,9.996340169550745,1,1,1,0.9594,0.35
VCV000015449,5226925,657,21946,20.5,20.5,6.489204931325317,9.996385734902859,1,1,1,0.9592,0.4
VCV000015448,5226925,657,21946,20.3,20.3,6.489204931325317,9.996385734902859,1,1,1,0.9592,0.4
VCV000015447,5226925,657,21946,20.3,20.3,6.489204931325317,9.996385734902859,1,1,1,0.9592,0.4
VCV000619860,5226928,660,21949,35.0,35.0,6.493753839851686,9.996522418503318,1,1,1,0.9071,0.95
VCV000038667,5226928,660,21949,34.0,34.0,6.493753839851686,9.996522418503318,1,1,1,0.9071,0.95
VCV000036334,5226928,660,21949,32.0,32.0,6.493753839851686,9.996522418503318,1,1,1,0.9071,0.95
VCV000869246,5226929,661,21950,34.0,34.0,6.495265555937008,9.99656797555214,1,1,1,0.9075,0.95
VCV000015437,5226929,661,21950,34.0,34.0,6.495265555937008,9.99656797555214,1,1,1,0.9075,0.95
VCV000015436,5226929,661,21950,34.0,34.0,6.495265555937008,9.99656797555214,1,1,1,0.9075,0.95
VCV003766927,5226930,662,21951,35.0,35.0,6.4967749901858625,9.996613530525611,1,1,1,0.9533,0.9
VCV000036337,5226930,662,21951,34.0,34.0,6.4967749901858625,9.996613530525611,1,1,1,0.9533,0.9
VCV000015234,5226930,662,21951,35.0,35.0,6.4967749901858625,9.996613530525611,1,1,1,0.9533,0.9
VCV000869243,5226931,663,21952,35.0,35.0,6.498282149476434,9.996659083423923,1,1,1,0.952,0.5
VCV000590773,5226931,663,21952,22.7,22.7,6.498282149476434,9.996659083423923,1,1,1,0.9989,0.5
VCV004532970,5226932,664,21953,,,6.499787040655854,9.996704634247262,1,1,1,0.8932,0.9
VCV000869241,5226933,665,21954,,,6.501289670540389,9.996750182995818,1,1,1,0.893,0.89
VCV000015252,5226933,665,21954,24.6,24.6,6.501289670540389,9.996750182995818,1,1,1,0.9523,0.89
VCV000015432,5226936,668,21957,,,6.505784060128229,9.996886816794678,1,1,1,0.8929,0.9
VCV000015361,5226936,668,21957,26.1,26.1,6.505784060128229,9.996886816794678,1,1,1,0.9523,0.9
VCV000015183,5226936,668,21957,26.7,26.7,6.505784060128229,9.996886816794678,1,1,1,0.9523,0.9
VCV000869240,5226937,669,21958,,,6.507277712385012,9.996932357245992,1,1,1,0.894,0.9
VCV000015386,5226939,671,21960,26.7,26.7,6.51025834052315,9.997023431927293,1,1,1,0.9518,0.9
VCV004071470,5226940,672,21961,19.4,19.4,6.511745329644728,9.99706896615766,1,1,1,0.9528,0.87
VCV000015239,5226940,672,21961,24.4,24.4,6.511745329644728,9.99706896615766,1,1,1,0.9528,0.87
VCV000599394,5226941,673,21962,23.1,23.1,6.513230110912307,9.997114498314753,1,1,1,0.9517,0.895
VCV000015554,5226942,674,21963,33.0,33.0,6.51471269087253,9.997160028398763,1,1,1,0.9527,0.9
VCV003777010,5226943,675,21964,,,6.516193076042964,9.99720555640988,1,1,1,0.953,0.895
VCV000869363,5226943,675,21964,,,6.516193076042964,9.99720555640988,1,1,1,0.8772,0.895
VCV000038650,5226943,675,21964,44.0,44.0,6.516193076042964,9.99720555640988,1,1,1,0.8772,0.895
VCV000015161,5226943,675,21964,33.0,33.0,6.516193076042964,9.99720555640988,1,1,1,0.953,0.895
VCV000015459,5226947,679,21968,19.8,19.8,6.522092798170152,9.99738764772918,1,1,1,0.9989,0.5
VCV000869362,5226948,680,21969,,,6.523562306149512,9.997433165378656,1,1,1,0.8942,0.9
VCV000869361,5226948,680,21969,,,6.523562306149512,9.997433165378656,1,1,1,0.8942,0.9
VCV000869360,5226948,680,21969,,,6.523562306149512,9.997433165378656,1,1,1,0.8942,0.9
VCV000015166,5226949,681,21970,,,6.525029657843462,9.99747868095637,1,1,1,0.9529,0.9
VCV000015306,5226952,684,21973,17.1,17.1,6.529418838262226,9.997615215260826,1,1,1,0.9526,0.885
VCV000869359,5226955,687,21976,36.0,36.0,6.5337888379333435,9.997751730926211,1,1,1,0.8774,0.9
VCV000551389,5226957,689,21978,,,6.536691597591305,9.997842731017274,1,1,1,0.8939,0.9
VCV000015300,5226961,693,21982,19.0,19.0,6.542471960506805,9.998024706360116,1,1,1,0.9525,0.9
VCV000015258,5226963,695,21984,26.9,26.9,6.54534966033442,9.99811568161491,1,1,1,0.9518,0.885
VCV000015401,5226970,702,21991,40.0,40.0,6.555356891810665,9.998434029845082,1,1,1,0.8741,0.9
VCV000869358,5226971,703,21992,,,6.556778356158042,9.998479499891696,1,1,1,0.8915,0.15
VCV000811787,5226971,703,21992,19.6,19.6,6.556778356158042,9.998479499891696,1,1,1,0.9989,0.15
VCV000869357,5226972,704,21993,,,6.558197802812269,9.99852496787088,1,1,1,0.8902,0.9
VCV000038646,5226974,706,21995,38.0,38.0,6.561030665896573,9.998615897627705,1,1,1,0.8749,0.9
VCV000015403,5226975,707,21996,38.0,38.0,6.56244409369372,9.998661359405723,1,1,1,0.8739,0.9
VCV000015426,5226976,708,21997,,,6.5638555265321274,9.998706819117062,1,1,1,0.8909,0.9
VCV000869320,5226977,709,21998,,,6.565264970035361,9.998752276761909,1,1,1,0.895,0.9
VCV000869233,5226977,709,21998,,,6.565264970035361,9.998752276761909,1,1,1,0.895,0.9
VCV004074264,5226979,711,22000,,,6.568077911411976,9.99884318585288,1,1,1,0.8922,0.9
VCV000015423,5226986,718,22007,,,6.577861357721047,9.99916130260441,1,1,1,0.8917,0.9
VCV000439154,5226988,720,22009,,,6.580639137284949,9.999252174520507,1,1,1,0.8919,0.9
VCV000869281,5226989,721,22010,,,6.582025138892826,9.999297607382104,1,1,1,0.8926,0.9
VCV000869352,5226991,723,22012,,,6.584791392385716,9.99938846691333,1,1,1,0.8934,0.9
VCV000036308,5226994,726,22015,,,6.588926477533519,9.99952474073307,1,1,1,0.8925,0.9
VCV000869300,5226997,729,22018,,,6.593044534142437,9.999660995984785,1,1,1,0.8948,0.895
VCV000015281,5226997,729,22018,21.6,21.6,6.593044534142437,9.999660995984785,1,1,1,0.9531,0.895
VCV000869255,5226998,730,22019,,,6.594413459749778,9.999706410276671,1,1,1,0.8755,0.9
VCV000015247,5226998,730,22019,,,6.594413459749778,9.999706410276671,1,1,1,0.9523,0.9
VCV000869271,5227000,732,22021,37.0,37.0,6.597145701886651,9.999797232673536,1,1,1,0.8746,0.9
VCV003766686,5227001,733,22022,,,6.598509028614515,9.99984264077889,1,1,1,0.8927,0.6
VCV000446738,5227002,734,22023,,,6.5998704992128365,9.999888046822443,1,1,1,0.9518,0.9
VCV000446735,5227002,734,22023,,,6.5998704992128365,9.999888046822443,1,1,1,0.9518,0.9
VCV000036301,5227002,734,22023,,,6.5998704992128365,9.999888046822443,1,1,1,0.9518,0.9
VCV000015333,5227002,734,22023,14.4,14.4,6.5998704992128365,9.999888046822443,1,1,1,0.9518,0.9
VCV002573434,5227003,735,22024,,,6.601230118728877,9.999933450804381,1,1,1,0.8767,0.895
VCV000869230,5227003,735,22024,36.0,36.0,6.601230118728877,9.999933450804381,1,1,1,0.8767,0.895
VCV000015126,5227003,735,22024,20.0,20.0,6.601230118728877,9.999933450804381,1,1,1,0.9527,0.895
VCV000869324,5227005,737,22026,,,6.6039438246004725,10.000024252584158,1,1,1,0.8941,0.9
VCV000869239,5227006,738,22027,,,6.6052979209482015,10.000069650382372,1,1,1,0.8746,0.9
VCV000869293,5227010,742,22031,,,6.610696044717759,10.000251220968437,1,1,1,0.8918,0.9
VCV000015508,5227018,750,22039,,,6.621405651764134,10.00061426326685,1,1,1,0.8955,0.9
VCV000869316,5227019,751,22040,23.1,23.1,6.62273632394984,10.000659634288388,1,1,1,0.9531,0.85
VCV000869315,5227019,751,22040,22.9,22.9,6.62273632394984,10.000659634288388,1,1,1,0.9531,0.85
VCV000015519,5227019,751,22040,23.5,23.5,6.62273632394984,10.000659634288388,1,1,1,0.9531,0.85
VCV000495986,5227020,752,22041,23.3,23.3,6.6240652277998935,10.000705003251488,1,1,1,0.9525,0.85
VCV000036310,5227020,752,22041,22.6,22.6,6.6240652277998935,10.000705003251488,1,1,1,0.9525,0.85
VCV000015434,5227020,752,22041,23.7,23.7,6.6240652277998935,10.000705003251488,1,1,1,0.9525,0.85
VCV000869231,5227021,753,22042,22.9,22.9,6.625392368007956,10.000750370156338,1,1,1,0.952,0.85
VCV000439140,5227021,753,22042,22.4,22.4,6.625392368007956,10.000750370156338,1,1,1,0.952,0.85
VCV000393704,5227039,771,22060,21.0,21.0,6.648984550024776,10.001566622695764,1,1,1,0.9806,0.5
VCV000393702,5227050,782,22071,18.0,18.0,6.663132695990803,10.002065115897121,1,1,1,0.9798,0.3
VCV000036292,5227071,803,22092,16.3,16.3,6.6895992691789665,10.003016095251029,1,1,1,0.9799,0.2
VCV000869256,5227096,828,22117,12.1,12.1,6.720220155135295,10.004147035635306,1,1,1,0.9672,0.2
VCV000869286,5227097,829,22118,17.4,17.4,6.721425700790643,10.00419224665776,1,1,1,0.968,0.2
VCV000869287,5227098,830,22119,17.5,17.5,6.7226297948554485,10.004237455636272,1,1,1,0.9681,0.2
VCV000015471,5227099,831,22120,15.1,15.1,6.723832440821209,10.004282662571022,1,1,1,0.9276,0.2
VCV000015470,5227099,831,22120,15.2,15.2,6.723832440821209,10.004282662571022,1,1,1,0.9276,0.2
VCV000869288,5227100,832,22121,19.3,19.3,6.725033642166843,10.0043278674622,1,1,1,0.929,0.2
VCV000015469,5227100,832,22121,19.6,19.6,6.725033642166843,10.0043278674622,1,1,1,0.968,0.2
VCV000869290,5227101,833,22122,18.9,18.9,6.726233402358747,10.004373070309986,1,1,1,0.9282,0.2
VCV000869289,5227101,833,22122,18.6,18.6,6.726233402358747,10.004373070309986,1,1,1,0.9676,0.2
VCV000015467,5227101,833,22122,18.6,18.6,6.726233402358747,10.004373070309986,1,1,1,0.9676,0.2
VCV000015466,5227102,834,22123,19.2,19.2,6.727431724850855,10.004418271114568,1,1,1,0.9287,0.2
VCV000801184,5227142,874,22163,15.7,15.7,6.774223886357614,10.00622462998724,1,1,1,0.9279,0.2
VCV000869327,5227147,879,22168,14.5,14.5,6.779921907472252,10.006450195593953,1,1,1,0.9686,0.2
VCV002506212,5227157,889,22178,12.1,12.1,6.7912214627261855,10.00690117422521,1,1,1,0.9277,0.2
VCV000036284,5227157,889,22178,11.7,11.7,6.7912214627261855,10.00690117422521,1,1,1,0.9277,0.2
VCV000015465,5227157,889,22178,12.3,12.3,6.7912214627261855,10.00690117422521,1,1,1,0.9673,0.2
VCV000036287,5227158,890,22179,16.1,16.1,6.792344427470809,10.006946260904359,1,1,1,0.9289,0.2
VCV000036285,5227158,890,22179,15.6,15.6,6.792344427470809,10.006946260904359,1,1,1,0.9289,0.2
VCV000015464,5227158,890,22179,15.6,15.6,6.792344427470809,10.006946260904359,1,1,1,0.9289,0.2
VCV000393701,5227159,891,22180,18.3,18.3,6.79346613258001,10.006991345550789,1,1,1,0.9297,0.2
VCV000015460,5227159,891,22180,18.6,18.6,6.79346613258001,10.006991345550789,1,1,1,0.9682,0.2
VCV000015514,5227161,893,22182,16.9,16.9,6.795705775173514,10.007081508746234,1,1,1,0.9292,0.2
VCV000015462,5227163,895,22184,15.7,15.7,6.79794041297493,10.00717166381301,1,1,1,0.929,0.2
VCV000015586,5227172,904,22193,13.4,13.4,6.807934943699926,10.00757726106051,1,1,1,0.9284,0.2
VCV000015461,5227172,904,22193,14.1,14.1,6.807934943699926,10.00757726106051,1,1,1,0.9677,0.2
VCV004771045,5226842,574,21863,3.5,3.5,6.354370040797351,9.992596727607904,1,1,0,1.0,0.1
VCV004766669,5226324,56,21345,0.8,0.8,4.04305126783455,9.96861964747391,1,1,0,1.0,0.15
VCV004753219,5225697,571,20718,11.1,11.1,6.349138991379798,9.938806432660483,1,1,0,1.0,0.05
VCV004735712,5226336,68,21357,0.9,0.9,4.23410650459726,9.969181655731491,1,1,0,1.0,0.15
VCV004734723,5226146,122,21167,1.8,1.8,4.812184355372417,9.960245886354738,1,1,0,1.0,0.1
VCV004734636,5226520,252,21541,0.4,0.4,5.53338948872752,9.977759796910716,1,1,0,1.0,0.15
VCV004729396,5226288,20,21309,3.5,3.5,3.044522437723423,9.966931725092662,1,1,0,1.0,0.15
VCV004692970,5226005,263,21026,0.5,0.5,5.575949103146316,9.953562605168434,1,1,0,1.0,0.1
VCV004685642,5226659,391,21680,24.2,24.2,5.971261839790462,9.98419157995109,1,1,0,1.0,0.9
VCV004535916,5225873,395,20894,0.8,0.8,5.981414211254481,9.947265174882016,1,1,0,1.0,0.1
VCV004525835,5227013,745,22034,0.8,0.8,6.61472560020376,10.000387377276088,1,1,0,1.0,0.85
VCV004280318,5226265,3,21286,,,1.3862943611198906,9.965851836732678,1,1,0,1.0,0.15
VCV003910010,5226703,435,21724,7.0,7.0,6.077642243349034,9.986218950133592,1,1,0,1.0,0.05
VCV003910009,5225877,391,20898,0.1,0.1,5.971261839790462,9.947456589918252,1,1,0,1.0,0.1
VCV003910008,5226469,201,21490,0.1,0.1,5.308267697401205,9.975389521825207,1,1,0,1.0,0.15
VCV003701912,5226506,238,21527,1.4,1.4,5.476463551931511,9.977109692406742,1,1,0,1.0,0.15
VCV003693356,5226098,170,21119,2.1,2.1,5.14166355650266,9.957975737820197,1,1,0,1.0,0.1
VCV003672948,5226170,98,21191,2.9,2.9,4.59511985013459,9.961379030951905,1,1,0,1.0,0.1
VCV003668877,5226220,48,21241,,,3.8918202981106265,9.963735632881486,1,1,0,1.0,0.1
VCV003645123,5226706,438,21727,9.4,9.4,6.0844994130751715,9.986357030358423,1,1,0,1.0,0.05
VCV003642561,5226564,296,21585,0.5,0.5,5.6937321388027,9.97980023538529,1,1,0,1.0,0.895
VCV003639424,5225919,349,20940,2.7,2.7,5.857933154483459,9.949464238776152,1,1,0,1.0,0.1
VCV003638824,5226280,12,21301,1.6,1.6,2.5649493574615367,9.966556244003112,1,1,0,1.0,0.15
VCV003638340,5225862,406,20883,3.5,3.5,6.008813185442595,9.946738594530443,1,1,0,1.0,0.1
VCV003638132,5225906,362,20927,1.6,1.6,5.8944028342648505,9.948843254256925,1,1,0,1.0,0.1
VCV003638091,5226207,61,21228,1.0,1.0,4.127134385045092,9.963123450432002,1,1,0,1.0,0.1
VCV003637486,5225823,445,20844,4.2,4.2,6.100318952020064,9.944869390314897,1,1,0,1.0,0.1
VCV003633170,5226249,19,21270,5.7,5.7,2.995732273553991,9.96509992166365,1,1,0,1.0,0.1
VCV003633051,5226374,106,21395,0.5,0.5,4.672828834461906,9.970959267651141,1,1,0,1.0,0.15
VCV003627289,5226685,417,21706,0.1,0.1,6.035481432524756,9.985390068155763,1,1,0,1.0,0.05
VCV003624952,5226151,117,21172,2.4,2.4,4.770684624465665,9.960482064055936,1,1,0,1.0,0.1
VCV003051702,5227091,823,22112,8.1,8.1,6.714170529909472,10.003920949857399,1,1,0,0.9999,0.2
VCV003019267,5225985,283,21006,4.8,4.8,5.648974238161206,9.95261099449568,1,1,0,1.0,0.1
VCV002962205,5226208,60,21229,0.7,0.7,4.110873864173311,9.963170554697301,1,1,0,1.0,0.1
VCV002959873,5226216,52,21237,4.5,4.5,3.970291913552122,9.963547308963792,1,1,0,1.0,0.1
VCV002955337,5226138,130,21159,1.6,1.6,4.875197323201151,9.959867885972235,1,1,0,1.0,0.1
VCV002901561,5226721,453,21742,6.1,6.1,6.118097198041348,9.987047145635058,1,1,0,1.0,0.9
VCV002878634,5226854,586,21875,0.9,0.9,6.375024819828097,9.993145424466663,1,1,0,1.0,0.1
VCV002877828,5225777,491,20798,3.9,3.9,6.198478716492308,9.9426601876106,1,1,0,1.0,0.1
VCV002877762,5226410,142,21431,6.5,6.5,4.962844630259907,9.972640411224445,1,1,0,1.0,0.15
VCV002877740,5225917,351,20938,0.6,0.6,5.863631175598097,9.949368727792317,1,1,0,1.0,0.1
VCV002877060,5226905,637,21926,2.9,2.9,6.45833828334479,9.9954740331485,1,1,0,1.0,0.1
VCV002876382,5226083,185,21104,4.5,4.5,5.225746673713202,9.9572652582166,1,1,0,1.0,0.1
VCV002876055,5226171,97,21192,0.3,0.3,4.584967478670572,9.961426217456575,1,1,0,1.0,0.1
VCV002875907,5225759,509,20780,,,6.234410725718371,9.941794386690715,1,1,0,1.0,0.1
VCV002875229,5226472,204,21493,0.4,0.4,5.3230099791384085,9.9755291054011,1,1,0,1.0,0.15
VCV002873194,5225703,565,20724,5.3,5.3,6.338594078203183,9.939095980003495,1,1,0,1.0,0.05
VCV002873169,5226338,70,21359,0.4,0.4,4.2626798770413155,9.969275293074132,1,1,0,1.0,0.15
VCV002867760,5226938,670,21959,13.0,13.0,6.508769136971682,9.996977895623466,1,1,0,1.0,0.5
VCV002862763,5226166,102,21187,4.0,4.0,4.634728988229636,9.961190262664417,1,1,0,1.0,0.1
VCV002862258,5226010,258,21031,2.7,2.7,5.556828061699537,9.953800366409718,1,1,0,1.0,0.1
VCV002862032,5225854,414,20875,1.8,1.8,6.028278520230698,9.946355452763305,1,1,0,1.0,0.1
VCV002860725,5226625,357,21646,3.5,3.5,5.8805329864007,9.982622155699856,1,1,0,1.0,0.05
VCV002860247,5226304,36,21325,6.1,6.1,3.6109179126442243,9.967682264578125,1,1,0,1.0,0.15
VCV002857197,5226191,77,21212,,,4.356708826689592,9.96236948027235,1,1,0,1.0,0.1
VCV002856346,5226332,64,21353,1.2,1.2,4.174387269895637,9.968994354738248,1,1,0,1.0,0.15
VCV002856031,5226326,58,21347,1.1,1.1,4.07753744390572,9.968713337453835,1,1,0,1.0,0.15
VCV002854276,5226697,429,21718,11.1,11.1,6.063785208687608,9.98594273247232,1,1,0,1.0,0.05
VCV002852384,5226034,234,21055,0.9,0.9,5.459585514144159,9.954940834125043,1,1,0,1.0,0.1
VCV002851326,5226253,15,21274,1.6,1.6,2.772588722239781,9.965287953441575,1,1,0,1.0,0.1
VCV002849928,5226040,228,21061,,,5.43372200355424,9.955225747940542,1,1,0,1.0,0.1
VCV002849566,5225740,528,20761,4.5,4.5,6.270988431858299,9.94087967175319,1,1,0,1.0,0.1
VCV002848166,5226283,15,21304,0.7,0.7,2.772588722239781,9.966697065934012,1,1,0,1.0,0.15
VCV002847814,5226358,90,21379,0.5,0.5,4.51085950651685,9.970211184579036,1,1,0,1.0,0.15
VCV002847426,5226315,47,21336,0.9,0.9,3.871201010907891,9.968197933904884,1,1,0,1.0,0.15
VCV002846440,5226281,13,21302,3.9,3.9,2.6390573296152584,9.966603186850204,1,1,0,1.0,0.15
VCV002845945,5226221,47,21242,4.8,4.8,3.871201010907891,9.963782708319883,1,1,0,1.0,0.1
VCV002845297,5226371,103,21392,,,4.6443908991413725,9.970819044696412,1,1,0,1.0,0.1
VCV002845263,5226487,219,21508,3.4,3.4,5.393627546352362,9.976226731176434,1,1,0,1.0,0.15
VCV002844469,5225688,580,20709,4.9,4.9,6.364750756851911,9.93837195438963,1,1,0,1.0,0.05
VCV002842293,5226481,213,21502,6.4,6.4,5.365976015021851,9.975947739265388,1,1,0,1.0,0.15
VCV002837304,5225786,482,20807,2.2,2.2,6.180016653652572,9.943092807128487,1,1,0,1.0,0.1
VCV002833520,5225974,294,20995,2.4,2.4,5.68697535633982,9.95208722237219,1,1,0,1.0,0.1
VCV002832734,5225870,398,20891,0.7,0.7,5.988961416889864,9.94712158955619,1,1,0,1.0,0.1
VCV002831713,5225845,423,20866,1.1,1.1,6.049733455231958,9.945924242733385,1,1,0,1.0,0.1
VCV002831007,5226351,83,21372,1.2,1.2,4.430816798843313,9.96988372217581,1,1,0,1.0,0.15
VCV002830937,5225848,420,20869,2.7,2.7,6.042632833682381,9.946068000071246,1,1,0,1.0,0.1
VCV002830691,5225844,424,20865,0.4,0.4,6.052089168924417,9.945876319027915,1,1,0,1.0,0.1
VCV002830420,5225843,425,20864,0.9,0.9,6.054439346269371,9.945828393025653,1,1,0,1.0,0.1
VCV002829919,5226453,185,21474,0.9,0.9,5.225746673713202,9.974644746852457,1,1,0,1.0,0.15
VCV002829888,5226252,16,21273,3.1,3.1,2.833213344056216,9.96524094881161,1,1,0,1.0,0.1
VCV002829859,5226205,63,21226,1.5,1.5,4.1588830833596715,9.963029235244443,1,1,0,1.0,0.1
VCV002829137,5226386,118,21407,,,4.77912349311153,9.971519962927955,1,1,0,1.0,0.1
VCV002828894,5226627,359,21648,8.1,8.1,5.886104031450156,9.98271454298743,1,1,0,1.0,0.05
VCV002828044,5226185,83,21206,2.9,2.9,4.430816798843313,9.962086594839064,1,1,0,1.0,0.1
VCV002827665,5226468,200,21489,0.4,0.4,5.303304908059076,9.975342989636555,1,1,0,1.0,0.15
VCV002826978,5226118,150,21139,0.5,0.5,5.017279836814924,9.958922259424229,1,1,0,1.0,0.1
VCV002826637,5225750,518,20771,0.2,0.2,6.251903883165888,9.94136120496421,1,1,0,1.0,0.1
VCV002825403,5226807,539,21828,,,6.29156913955832,9.990994639974362,1,1,0,1.0,0.1
VCV002825370,5226826,558,21847,0.2,0.2,6.326149473155099,9.99186466315354,1,1,0,1.0,0.1
VCV002825157,5225868,400,20889,0.5,0.5,5.993961427306569,9.947025854550612,1,1,0,1.0,0.1
VCV002824341,5225881,387,20902,3.0,3.0,5.961005339623274,9.947647968321782,1,1,0,1.0,0.1
VCV002824238,5226313,45,21334,0.9,0.9,3.828641396489095,9.9681041956221,1,1,0,1.0,0.15
VCV002823430,5226554,286,21575,0.0,0.0,5.659482215759621,9.979336864819565,1,1,0,1.0,0.15
VCV002823108,5226120,148,21141,0.2,0.2,5.003946305945459,9.959016862328609,1,1,0,1.0,0.1
VCV002821618,5226745,477,21766,9.4,9.4,6.169610732491456,9.988150340414837,1,1,0,1.0,0.59
VCV002821601,5226403,135,21424,0.9,0.9,4.912654885736052,9.97231374346598,1,1,0,1.0,0.15
VCV002819196,5226254,14,21275,4.0,4.0,2.70805020110221,9.965334955862208,1,1,0,1.0,0.1
VCV002818822,5226503,235,21524,2.0,2.0,5.4638318050256105,9.976970329295932,1,1,0,1.0,0.15
VCV002818393,5226115,153,21136,0.5,0.5,5.0369526024136295,9.958780338284837,1,1,0,1.0,0.1
VCV002817876,5226168,100,21189,1.7,1.7,4.61512051684126,9.961284651262345,1,1,0,1.0,0.1
VCV002817790,5226433,165,21454,3.2,3.2,5.111987788356544,9.973712997425626,1,1,0,1.0,0.15
VCV002817359,5226827,559,21848,1.3,1.3,6.327936783729195,9.991910432886025,1,1,0,1.0,0.1
VCV002816740,5226437,169,21458,1.6,1.6,5.135798437050262,9.973899416776494,1,1,0,1.0,0.15
VCV002816145,5226835,567,21856,6.2,6.2,6.342121418721152,9.992276515350188,1,1,0,1.0,0.1
VCV002815819,5225776,492,20797,0.5,0.5,6.20050917404269,9.942612107220178,1,1,0,1.0,0.1
VCV002813160,5226072,196,21093,0.0,0.0,5.2832037287379885,9.95674391883656,1,1,0,1.0,0.1
VCV002812701,5226808,540,21829,0.8,0.8,6.293419278846481,9.99104044954399,1,1,0,1.0,0.1
VCV002812292,5226162,106,21183,3.3,3.3,4.672828834461906,9.961001458736735,1,1,0,1.0,0.1
VCV002811923,5226861,593,21882,0.3,0.3,6.386879319362645,9.99346535865436,1,1,0,1.0,0.1
VCV002811839,5226230,38,21251,2.4,2.4,3.6635616461296463,9.964206287570834,1,1,0,1.0,0.1
VCV002811518,5225753,515,20774,3.7,3.7,6.246106765481563,9.94150561972365,1,1,0,1.0,0.1
VCV002810430,5226408,140,21429,3.1,3.1,4.948759890378168,9.972547088467623,1,1,0,1.0,0.15
VCV002808627,5226694,426,21715,6.8,6.8,6.056784013228625,9.985804595025341,1,1,0,1.0,0.05
VCV002808336,5226414,146,21435,0.9,0.9,4.990432586778736,9.972827030614742,1,1,0,1.0,0.15
VCV002808048,5226470,202,21491,0.4,0.4,5.313205979041787,9.975436051848712,1,1,0,1.0,0.15
VCV002807382,5226308,40,21329,1.2,1.2,3.713572066704308,9.967869811465397,1,1,0,1.0,0.15
VCV002806723,5226307,39,21328,0.8,0.8,3.6888794541139363,9.967822928041022,1,1,0,1.0,0.15
VCV002804976,5226363,95,21384,0.3,0.3,4.564348191467836,9.970445020661009,1,1,0,1.0,0.15
VCV002803917,5225798,470,20819,0.8,0.8,6.154858094016418,9.94366934216896,1,1,0,1.0,0.1
VCV002802367,5226087,181,21108,0.9,0.9,5.204006687076795,9.95745476880607,1,1,0,1.0,0.1
VCV002802003,5225853,415,20874,0.2,0.2,6.030685260261263,9.946307549719057,1,1,0,1.0,0.1
VCV002798327,5226404,136,21425,0.6,0.6,4.919980925828125,9.972360416822504,1,1,0,1.0,0.15
VCV002795099,5226420,152,21441,1.3,1.3,5.030437921392435,9.973106894416185,1,1,0,1.0,0.15
VCV002793504,5226411,143,21432,0.5,0.5,4.969813299576001,9.972687069337132,1,1,0,1.0,0.15
VCV002791980,5226840,572,21861,0.6,0.6,6.35088571671474,9.992505248853782,1,1,0,1.0,0.1
VCV002790939,5226439,171,21460,1.6,1.6,5.147494476813453,9.973992613421482,1,1,0,1.0,0.15
VCV002790355,5226356,88,21377,0.3,0.3,4.48863636973214,9.97011763483389,1,1,0,1.0,0.15
VCV002789491,5226206,62,21227,1.9,1.9,4.143134726391533,9.963076343947785,1,1,0,1.0,0.1
VCV002789444,5225735,533,20756,2.6,2.6,6.280395838960195,9.94063881816692,1,1,0,1.0,0.5
VCV002789363,5226091,177,21112,1.0,1.0,5.181783550292085,9.957644243488083,1,1,0,1.0,0.1
VCV002787390,5226488,220,21509,1.2,1.2,5.3981627015177525,9.976273222261776,1,1,0,1.0,0.15
VCV002783192,5226804,536,21825,5.9,5.9,6.285998094508865,9.990857198673035,1,1,0,1.0,0.5
VCV002782584,5226293,25,21314,4.4,4.4,3.258096538021482,9.96716632919931,1,1,0,1.0,0.15
VCV002782072,5226226,42,21247,1.5,1.5,3.7612001156935624,9.96401805227616,1,1,0,1.0,0.1
VCV002778654,5226559,291,21580,2.1,2.1,5.676753802268282,9.979568576941464,1,1,0,1.0,0.05
VCV002778374,5226171,97,21192,0.4,0.4,4.584967478670572,9.961426217456575,1,1,0,1.0,0.1
VCV002775957,5225908,360,20929,2.6,2.6,5.8888779583328805,9.948938815440046,1,1,0,1.0,0.1
VCV002771547,5226407,139,21428,0.2,0.2,4.941642422609304,9.972500423823082,1,1,0,1.0,0.15
VCV002771206,5226610,342,21631,10.9,10.9,5.8377304471659395,9.98192897884269,1,1,0,1.0,0.05
VCV002770110,5226679,411,21700,8.8,8.8,6.021023349349527,9.985113621416073,1,1,0,1.0,0.05
VCV002769315,5226473,205,21494,0.4,0.4,5.327876168789581,9.975575628930383,1,1,0,1.0,0.15
VCV002767167,5226455,187,21476,0.9,0.9,5.236441962829949,9.974737874064294,1,1,0,1.0,0.15
VCV002767052,5225896,372,20917,5.8,5.8,5.921578419643816,9.948365311314214,1,1,0,1.0,0.1
VCV002765807,5226339,71,21360,0.2,0.2,4.276666119016055,9.969322108457675,1,1,0,1.0,0.15
VCV002763854,5226376,108,21397,,,4.6913478822291435,9.971052738698551,1,1,0,1.0,0.1
VCV002762750,5226818,550,21839,4.3,4.3,6.311734809152915,9.991498429858842,1,1,0,1.0,0.1
VCV002760823,5226116,152,21137,1.6,1.6,5.030437921392435,9.958827647569292,1,1,0,1.0,0.1
VCV002760286,5226355,87,21376,0.2,0.2,4.477336814478207,9.97007085667928,1,1,0,1.0,0.15
VCV002757925,5226413,145,21434,4.6,4.6,4.983606621708336,9.972780379032077,1,1,0,1.0,0.15
VCV002757119,5226137,131,21158,0.8,0.8,4.882801922586371,9.959820625876288,1,1,0,1.0,0.1
VCV002755775,5226074,194,21095,0.3,0.3,5.272999558563747,9.956838728033123,1,1,0,1.0,0.1
VCV002754240,5225948,320,20969,2.3,2.3,5.771441123130016,9.950848123895966,1,1,0,1.0,0.1
VCV002752834,5225694,574,20715,2.7,2.7,6.354370040797351,9.938661627543782,1,1,0,1.0,0.05
VCV002752305,5226514,246,21535,1.6,1.6,5.5093883366279774,9.977481232444454,1,1,0,1.0,0.15
VCV002751019,5226558,290,21579,3.9,3.9,5.673323267171493,9.979522238812125,1,1,0,1.0,0.85
VCV002747568,5226061,207,21082,0.4,0.4,5.337538079701318,9.956222307519994,1,1,0,1.0,0.1
VCV002747182,5225739,529,20760,1.3,1.3,6.272877006546167,9.940831505676549,1,1,0,1.0,0.1
VCV002744953,5225995,273,21016,1.9,1.9,5.6131281063880705,9.953086913027413,1,1,0,1.0,0.1
VCV002743033,5226655,387,21676,3.8,3.8,5.961005339623274,9.984007069594924,1,1,0,1.0,0.05
VCV002742971,5225750,518,20771,0.2,0.2,6.251903883165888,9.94136120496421,1,1,0,1.0,0.1
VCV002742787,5225939,329,20960,4.8,4.8,5.799092654460526,9.950418847220561,1,1,0,1.0,0.1
VCV002740244,5225917,351,20938,0.5,0.5,5.863631175598097,9.949368727792317,1,1,0,1.0,0.1
VCV002736477,5226373,105,21394,0.4,0.4,4.663439094112067,9.970912528850917,1,1,0,1.0,0.15
VCV002736437,5226304,36,21325,7.0,7.0,3.6109179126442243,9.967682264578125,1,1,0,1.0,0.15
VCV002733487,5226202,66,21223,1.3,1.3,4.204692619390966,9.962887895817575,1,1,0,1.0,0.1
VCV002731683,5226239,29,21260,0.9,0.9,3.4011973816621555,9.964629687478366,1,1,0,1.0,0.1
VCV002727125,5226887,619,21908,3.0,3.0,6.429719478039138,9.99465279028822,1,1,0,1.0,0.1
VCV002713508,5226472,204,21493,0.4,0.4,5.3230099791384085,9.9755291054011,1,1,0,1.0,0.15
VCV002709663,5226334,66,21355,1.3,1.3,4.204692619390966,9.969088009620076,1,1,0,1.0,0.15
VCV002708823,5226517,249,21538,0.5,0.5,5.521460917862246,9.977620524377356,1,1,0,1.0,0.15
VCV002707027,5226244,24,21265,3.6,3.6,3.2188758248682006,9.964864832211031,1,1,0,1.0,0.1
VCV002706270,5225902,366,20923,3.3,3.3,5.905361848054571,9.948652104490503,1,1,0,1.0,0.1
VCV002705593,5225925,343,20946,0.9,0.9,5.840641657373398,9.949750717005767,1,1,0,1.0,0.1
VCV002704864,5225875,393,20896,7.4,7.4,5.976350909297934,9.947360886980098,1,1,0,1.0,0.1
VCV002704522,5225828,440,20849,0.4,0.4,6.089044875446846,9.945109227226947,1,1,0,1.0,0.1
VCV002704284,5226540,272,21561,1.8,1.8,5.60947179518496,9.978687785099064,1,1,0,1.0,0.15
VCV002702918,5225813,455,20834,3.5,3.5,6.1224928095143865,9.944389543856554,1,1,0,1.0,0.1
VCV002702236,5226035,233,21056,0.5,0.5,5.455321115357702,9.954988325398531,1,1,0,1.0,0.1
VCV002700062,5225764,504,20785,,,6.22455842927536,9.942034962148368,1,1,0,1.0,0.1
VCV002698601,5226102,166,21123,2.3,2.3,5.117993812416755,9.958165113826825,1,1,0,1.0,0.1
VCV002697598,5226143,125,21164,0.4,0.4,4.836281906951478,9.960104152955024,1,1,0,1.0,0.1
VCV002697109,5226321,53,21342,0.3,0.3,3.9889840465642745,9.968479096043568,1,1,0,1.0,0.15
VCV002696165,5226467,199,21488,0.1,0.1,5.298317366548036,9.97529645528256,1,1,0,1.0,0.15
VCV002696164,5226465,197,21486,,,5.288267030694535,9.975203380077728,1,1,0,1.0,0.15
VCV002694305,5226317,49,21338,,,3.912023005428146,9.968291663401624,1,1,0,1.0,0.15
VCV002577313,5226616,348,21637,5.8,5.8,5.855071922202427,9.98220630724752,1,1,0,1.0,0.05
VCV002573435,5227010,742,22031,6.2,6.2,6.610696044717759,10.000251220968437,1,1,0,1.0,0.05
VCV002501083,5225670,598,20691,3.6,3.6,6.395261598115449,9.937502431123406,1,1,0,1.0,0.05
VCV002421180,5226268,0,21289,0.4,0.4,0.0,9.965992757887525,1,1,0,1.0,0.15
VCV002192067,5226289,21,21310,0.9,0.9,3.091042453358316,9.966978650317326,1,1,0,1.0,0.15
VCV002159789,5226364,96,21385,,,4.574710978503383,9.970491781316602,1,1,0,1.0,0.15
VCV002157541,5226533,265,21554,4.0,4.0,5.583496308781699,9.978363087181235,1,1,0,1.0,0.15
VCV002135493,5226370,102,21391,1.5,1.5,4.634728988229636,9.970772299341725,1,1,0,1.0,0.15
VCV002134390,5225845,423,20866,1.2,1.2,6.049733455231958,9.945924242733385,1,1,0,1.0,0.1
VCV002134337,5226413,145,21434,4.8,4.8,4.983606621708336,9.972780379032077,1,1,0,1.0,0.15
VCV002133999,5225804,464,20825,0.2,0.2,6.142037405587356,9.943957485089841,1,1,0,1.0,0.1
VCV002133380,5226272,4,21293,1.6,1.6,1.6094379124341003,9.966180621874551,1,1,0,1.0,0.15
VCV002131711,5226034,234,21055,0.7,0.7,5.459585514144159,9.954940834125043,1,1,0,1.0,0.1
VCV002131064,5225942,326,20963,0.2,0.2,5.7899601708972535,9.950561959922057,1,1,0,1.0,0.1
VCV002130510,5226532,264,21553,0.0,0.0,5.579729825986222,9.978316693156778,1,1,0,1.0,0.15
VCV002129208,5226202,66,21223,1.1,1.1,4.204692619390966,9.962887895817575,1,1,0,1.0,0.1
VCV002126175,5226226,42,21247,1.2,1.2,3.7612001156935624,9.96401805227616,1,1,0,1.0,0.1
VCV002124799,5226246,22,21267,0.6,0.6,3.1354942159291497,9.964958874624228,1,1,0,1.0,0.1
VCV002124508,5226311,43,21332,1.9,1.9,3.784189633918261,9.968010448551627,1,1,0,1.0,0.15
VCV002121900,5226119,149,21140,1.1,1.1,5.0106352940962555,9.958969561995133,1,1,0,1.0,0.1
VCV002119846,5225857,411,20878,3.6,3.6,6.021023349349527,9.946499148129375,1,1,0,1.0,0.1
VCV002116902,5226261,7,21282,0.7,0.7,2.0794415416798357,9.965663910962803,1,1,0,1.0,0.1
VCV002115831,5226865,597,21886,1.6,1.6,6.393590753950631,9.993648132244084,1,1,0,1.0,0.1
VCV002113784,5226211,57,21232,0.7,0.7,4.060443010546419,9.963311854181793,1,1,0,1.0,0.1
VCV002107655,5226086,182,21107,0.5,0.5,5.209486152841421,9.957407394525559,1,1,0,1.0,0.1
VCV002107603,5225775,493,20796,5.7,5.7,6.202535517187923,9.942564024517921,1,1,0,1.0,0.1
VCV002107559,5226340,72,21361,0.6,0.6,4.290459441148391,9.969368921649641,1,1,0,1.0,0.15
VCV002107558,5226320,52,21341,3.2,3.2,3.970291913552122,9.96843224117651,1,1,0,1.0,0.15
VCV002107209,5225990,278,21011,3.7,3.7,5.631211781821365,9.952848982073853,1,1,0,1.0,0.1
VCV002105568,5226225,43,21246,0.9,0.9,3.784189633918261,9.963970987915639,1,1,0,1.0,0.1
VCV002103997,5226262,6,21283,0.8,0.8,1.9459101490553132,9.96571089571626,1,1,0,1.0,0.1
VCV002103994,5226360,92,21381,0.9,0.9,4.532599493153256,9.970304725573445,1,1,0,1.0,0.15
VCV002103983,5226235,33,21256,0.2,0.2,3.5263605246161616,9.964441531873126,1,1,0,1.0,0.1
VCV002103192,5226920,652,21941,3.5,3.5,6.481577129276431,9.996157887377436,1,1,0,1.0,0.1
VCV002099827,5226372,104,21393,1.3,1.3,4.653960350157523,9.970865787866076,1,1,0,1.0,0.15
VCV002098228,5226843,575,21864,2.0,2.0,6.3561076606958915,9.992642463847021,1,1,0,1.0,0.1
VCV002098074,5226488,220,21509,,,5.3981627015177525,9.976273222261776,1,1,0,1.0,0.15
VCV002097042,5225815,453,20836,1.4,1.4,6.118097198041348,9.9444855315702,1,1,0,1.0,0.1
VCV002095288,5226860,592,21881,2.5,2.5,6.385194398997726,9.993419660036736,1,1,0,1.0,0.1
VCV002091561,5226154,114,21175,1.0,1.0,4.74493212836325,9.960623743906938,1,1,0,1.0,0.1
VCV002091277,5226866,598,21887,2.2,2.2,6.395261598115449,9.993693820422276,1,1,0,1.0,0.1
VCV002090941,5225810,458,20831,1.4,1.4,6.129050210060545,9.944245545008295,1,1,0,1.0,0.1
VCV002089612,5226409,141,21430,2.5,2.5,4.955827057601261,9.972593750934676,1,1,0,1.0,0.15
VCV002088054,5226781,513,21802,4.7,4.7,6.2422232654551655,9.989802853988047,1,1,0,1.0,0.895
VCV002088018,5226449,181,21470,4.1,4.1,5.204006687076795,9.974458466406707,1,1,0,1.0,0.15
VCV002088016,5226448,180,21469,,,5.198497031265826,9.974411890872826,1,1,0,1.0,0.15
VCV002087515,5225996,272,21017,0.2,0.2,5.60947179518496,9.953134492425542,1,1,0,1.0,0.1
VCV002086531,5226646,378,21667,7.3,7.3,5.937536205082426,9.98359179677779,1,1,0,1.0,0.05
VCV002086460,5225751,517,20772,0.4,0.4,6.249975242259483,9.941409345534685,1,1,0,1.0,0.1
VCV002069088,5226527,259,21548,0.5,0.5,5.560681631015528,9.97808469074291,1,1,0,1.0,0.15
VCV002062347,5226329,61,21350,0.9,0.9,4.127134385045092,9.968853855967382,1,1,0,1.0,0.15
VCV002058295,5226539,271,21560,1.1,1.1,5.605802066295998,9.978641406136552,1,1,0,1.0,0.15
VCV002053821,5226640,372,21661,5.9,5.9,5.921578419643816,9.983314852395683,1,1,0,1.0,0.05
VCV002052775,5226908,640,21929,4.4,4.4,6.46302945692067,9.995610841411933,1,1,0,1.0,0.1
VCV002048985,5226235,33,21256,0.3,0.3,3.5263605246161616,9.964441531873126,1,1,0,1.0,0.1
VCV002045808,5225685,583,20706,2.0,2.0,6.369900982828227,9.938227086340024,1,1,0,1.0,0.05
VCV002045391,5226378,110,21399,0.9,0.9,4.709530201312334,9.971146201009942,1,1,0,1.0,0.15
VCV002045067,5226894,626,21915,0.0,0.0,6.440946540632921,9.994972242658307,1,1,0,1.0,0.1
VCV002036940,5226366,98,21387,0.4,0.4,4.59511985013459,9.970585296068622,1,1,0,1.0,0.15
VCV002036691,5226258,10,21279,4.3,4.3,2.3978952727983707,9.96552294345558,1,1,0,1.0,0.1
VCV002035733,5226977,709,21998,2.4,2.4,6.565264970035361,9.998752276761909,1,1,0,1.0,0.05
VCV002035477,5225871,397,20892,0.3,0.3,5.986452005284438,9.947169453622251,1,1,0,1.0,0.1
VCV002035022,5226112,156,21133,3.2,3.2,5.056245805348308,9.958638397000977,1,1,0,1.0,0.1
VCV002034867,5226908,640,21929,5.1,5.1,6.46302945692067,9.995610841411933,1,1,0,1.0,0.1
VCV002033805,5226012,256,21033,2.5,2.5,5.54907608489522,9.953895455079973,1,1,0,1.0,0.1
VCV002032327,5225911,357,20932,0.3,0.3,5.8805329864007,9.94908214009452,1,1,0,1.0,0.1
VCV002030369,5226830,562,21851,3.3,3.3,6.333279628139691,9.992047729515608,1,1,0,1.0,0.1
VCV002027331,5226278,10,21299,0.8,0.8,2.3978952727983707,9.966462351697517,1,1,0,1.0,0.15
VCV002026415,5226071,197,21092,0.9,0.9,5.288267030694535,9.956696510867271,1,1,0,1.0,0.1
VCV002026386,5226054,214,21075,0.4,0.4,5.3706380281276624,9.955890231329176,1,1,0,1.0,0.1
VCV002026143,5226790,522,21811,0.7,0.7,6.259581464064923,9.990215556045952,1,1,0,1.0,0.9
VCV002025792,5226054,214,21075,,,5.3706380281276624,9.955890231329176,1,1,0,1.0,0.1
VCV002025778,5225961,307,20982,1.3,1.3,5.730099782973574,9.951467865054695,1,1,0,1.0,0.1
VCV002025654,5226347,79,21368,0.9,0.9,4.382026634673881,9.969696552646463,1,1,0,1.0,0.15
VCV002023608,5226102,166,21123,2.8,2.8,5.117993812416755,9.958165113826825,1,1,0,1.0,0.1
VCV002022708,5226458,190,21479,0.1,0.1,5.25227342804663,9.974877548622802,1,1,0,1.0,0.15
VCV002021501,5226453,185,21474,1.2,1.2,5.225746673713202,9.974644746852457,1,1,0,1.0,0.15
VCV002019850,5226347,79,21368,,,4.382026634673881,9.969696552646463,1,1,0,1.0,0.15
VCV002019578,5226256,12,21277,2.7,2.7,2.5649493574615367,9.96542895407631,1,1,0,1.0,0.1
VCV002018766,5226501,233,21522,,,5.455321115357702,9.97687740976418,1,1,0,1.0,0.15
VCV002017700,5226017,251,21038,1.2,1.2,5.529429087511423,9.95413313720502,1,1,0,1.0,0.1
VCV002017243,5225791,477,20812,0.1,0.1,6.169610732491456,9.943333070458252,1,1,0,1.0,0.1
VCV002016705,5226277,9,21298,0.7,0.7,2.302585092994046,9.966415402238601,1,1,0,1.0,0.15
VCV002016469,5225980,288,21001,0.8,0.8,5.666426688112432,9.95237295026594,1,1,0,1.0,0.1
VCV002014931,5226397,129,21418,,,4.867534450455582,9.972033657571142,1,1,0,1.0,0.1
VCV002010842,5225899,369,20920,5.6,5.6,5.91350300563827,9.948508718183648,1,1,0,1.0,0.1
VCV002010262,5226616,348,21637,6.5,6.5,5.855071922202427,9.98220630724752,1,1,0,1.0,0.05
VCV002009669,5226838,570,21859,11.7,11.7,6.3473892096560105,9.99241376173053,1,1,0,1.0,0.1
VCV002009601,5225904,364,20925,1.9,1.9,5.8998973535824915,9.948747683940992,1,1,0,1.0,0.1
VCV002008559,5226270,2,21291,4.3,4.3,1.0986122886681098,9.966086694292647,1,1,0,1.0,0.15
VCV002008558,5225892,376,20913,8.3,8.3,5.932245187448011,9.948174070158535,1,1,0,1.0,0.1
VCV002007540,5225825,443,20846,0.7,0.7,6.095824562432225,9.944965331982438,1,1,0,1.0,0.1
VCV002005596,5226096,172,21117,0.6,0.6,5.153291594497779,9.95788103636646,1,1,0,1.0,0.1
VCV002003523,5226909,641,21930,1.6,1.6,6.464588303689961,9.995656440007505,1,1,0,1.0,0.1
VCV002002515,5226050,218,21071,0.8,0.8,5.389071729816501,9.955700423983062,1,1,0,1.0,0.1
VCV001999798,5225634,634,20655,8.9,8.9,6.453624998892692,9.935761113086423,1,1,0,1.0,0.05
VCV001997862,5226159,109,21180,0.8,0.8,4.700480365792417,9.960859832393998,1,1,0,1.0,0.1
VCV001997666,5226494,226,21515,5.8,5.8,5.424950017481403,9.976552123393134,1,1,0,1.0,0.15
VCV001997611,5226898,630,21919,7.8,7.8,6.447305862541213,9.995154741061953,1,1,0,1.0,0.1
VCV001997274,5225711,557,20732,4.8,4.8,6.324358962381311,9.939481912759504,1,1,0,1.0,0.05
VCV001996113,5226255,13,21276,2.9,2.9,2.6390573296152584,9.965381956073719,1,1,0,1.0,0.1
VCV001996000,5225875,393,20896,7.0,7.0,5.976350909297934,9.947360886980098,1,1,0,1.0,0.1
VCV001992292,5226524,256,21545,0.2,0.2,5.54907608489522,9.977945463454137,1,1,0,1.0,0.15
VCV001991864,5226070,198,21091,0.2,0.2,5.293304824724492,9.95664910065036,1,1,0,1.0,0.1
VCV001985586,5226817,549,21838,0.6,0.6,6.309918278226516,9.991452641264772,1,1,0,1.0,0.1
VCV001983531,5226607,339,21628,8.5,8.5,5.8289456176102075,9.981790285793302,1,1,0,1.0,0.05
VCV001979288,5225454,814,20475,1.7,1.7,6.703188113240863,9.927008747577474,1,1,0,1.0,0.1
VCV001978912,5226551,283,21572,0.3,0.3,5.648974238161206,9.979197811770604,1,1,0,1.0,0.15
VCV001978635,5226790,522,21811,1.2,1.2,6.259581464064923,9.990215556045952,1,1,0,1.0,0.9
VCV001978241,5226247,21,21268,0.7,0.7,3.091042453358316,9.965005892514545,1,1,0,1.0,0.1
VCV001977229,5226565,297,21586,1.5,1.5,5.697093486505405,9.979846560634877,1,1,0,1.0,0.86
VCV001975392,5226865,597,21886,2.0,2.0,6.393590753950631,9.993648132244084,1,1,0,1.0,0.1
VCV001972497,5226278,10,21299,0.9,0.9,2.3978952727983707,9.966462351697517,1,1,0,1.0,0.15
VCV001968570,5225986,282,21007,4.4,4.4,5.645446897643238,9.952658596542577,1,1,0,1.0,0.1
VCV001965309,5225971,297,20992,0.5,0.5,5.697093486505405,9.951944327804322,1,1,0,1.0,0.1
VCV001964131,5225751,517,20772,0.4,0.4,6.249975242259483,9.941409345534685,1,1,0,1.0,0.1
VCV001962865,5225765,503,20786,1.1,1.1,6.222576268071369,9.94208307029549,1,1,0,1.0,0.1
VCV001960918,5226569,301,21590,7.7,7.7,5.71042701737487,9.980031840175913,1,1,0,1.0,0.895
VCV001945194,5226173,95,21194,1.3,1.3,4.564348191467836,9.961520583786738,1,1,0,1.0,0.1
VCV001942494,5226643,375,21664,10.4,10.4,5.929589143389895,9.98345333417401,1,1,0,1.0,0.05
VCV001930030,5226530,262,21551,1.1,1.1,5.572154032177765,9.978223898650144,1,1,0,1.0,0.15
VCV001929948,5226826,558,21847,0.2,0.2,6.326149473155099,9.99186466315354,1,1,0,1.0,0.1
VCV001922054,5226530,262,21551,1.0,1.0,5.572154032177765,9.978223898650144,1,1,0,1.0,0.15
VCV001802686,5226855,587,21876,5.5,5.5,6.376726947898627,9.993191135617908,1,1,0,1.0,0.1
VCV001770789,5226757,489,21778,10.5,10.5,6.194405391104672,9.988701481750608,1,1,0,1.0,0.685
VCV001673500,5226557,289,21578,0.0,0.0,5.66988092298052,9.979475898535465,1,1,0,1.0,0.85
VCV001673496,5225772,496,20793,1.0,1.0,6.208590026096629,9.942419762537915,1,1,0,1.0,0.1
VCV001673467,5226854,586,21875,1.1,1.1,6.375024819828097,9.993145424466663,1,1,0,1.0,0.1
VCV001673338,5226521,253,21542,3.0,3.0,5.537334267018537,9.977806216778427,1,1,0,1.0,0.15
VCV001673148,5226866,598,21887,2.0,2.0,6.395261598115449,9.993693820422276,1,1,0,1.0,0.1
VCV001672645,5225821,447,20842,0.7,0.7,6.104793232414985,9.94477343944167,1,1,0,1.0,0.1
VCV001671411,5226935,667,21956,13.0,13.0,6.504288173536645,9.996841274269336,1,1,0,1.0,0.05
VCV001670688,5226833,565,21854,0.1,0.1,6.338594078203183,9.992185007297415,1,1,0,1.0,0.1
VCV001669845,5226876,608,21897,4.8,4.8,6.411818267709897,9.99415058743337,1,1,0,1.0,0.1
VCV001669251,5226944,676,21965,12.4,12.4,6.517671272912275,9.997251082348292,1,1,0,1.0,0.95
VCV001667603,5225982,286,21003,0.5,0.5,5.659482215759621,9.95246817475775,1,1,0,1.0,0.1
VCV001667490,5226120,148,21141,0.2,0.2,5.003946305945459,9.959016862328609,1,1,0,1.0,0.1
VCV001665450,5226396,128,21417,4.7,4.7,4.859812404361672,9.97198696896082,1,1,0,1.0,0.15
VCV001663300,5226377,109,21398,0.6,0.6,4.700480365792417,9.971099470946148,1,1,0,1.0,0.15
VCV001662829,5226890,622,21911,0.2,0.2,6.434546518787453,9.994789710942914,1,1,0,1.0,0.1
VCV001662786,5226313,45,21334,0.7,0.7,3.828641396489095,9.9681041956221,1,1,0,1.0,0.15
VCV001662306,5225978,290,20999,0.3,0.3,5.673323267171493,9.95227771670556,1,1,0,1.0,0.1
VCV001662061,5226284,16,21305,0.7,0.7,2.833213344056216,9.966744002171144,1,1,0,1.0,0.15
VCV001661917,5226358,90,21379,0.4,0.4,4.51085950651685,9.970211184579036,1,1,0,1.0,0.15
VCV001661914,5225815,453,20836,1.6,1.6,6.118097198041348,9.9444855315702,1,1,0,1.0,0.1
VCV001661893,5226130,138,21151,,,4.9344739331306915,9.959489742651412,1,1,0,1.0,0.1
VCV001661837,5226872,604,21893,7.2,7.2,6.405228458030842,9.993967905664503,1,1,0,1.0,0.1
VCV001661185,5225880,388,20901,0.5,0.5,5.963579343618446,9.947600127154448,1,1,0,1.0,0.1
VCV001660582,5226076,192,21097,1.0,1.0,5.262690188904886,9.956933528241754,1,1,0,1.0,0.1
VCV001660101,5226459,191,21480,1.5,1.5,5.2574953720277815,9.974924102473977,1,1,0,1.0,0.15
VCV001659455,5226233,35,21254,1.2,1.2,3.58351893845611,9.96434744079289,1,1,0,1.0,0.1
VCV001658438,5225935,333,20956,6.7,6.7,5.811140992976701,9.950227998419942,1,1,0,1.0,0.1
VCV001657398,5226344,76,21365,1.2,1.2,4.343805421853684,9.969556152505833,1,1,0,1.0,0.15
VCV001656658,5226463,195,21484,3.6,3.6,5.278114659230517,9.975110296209095,1,1,0,1.0,0.15
VCV001656642,5226512,244,21533,0.4,0.4,5.501258210544727,9.977388360375663,1,1,0,1.0,0.15
VCV001655708,5226348,80,21369,2.8,2.8,4.394449154672439,9.969743348313193,1,1,0,1.0,0.15
VCV001655157,5226553,285,21574,0.5,0.5,5.655991810819852,9.979290515951629,1,1,0,1.0,0.15
VCV001654849,5225843,425,20864,,,6.054439346269371,9.945828393025653,1,1,0,1.0,0.1
VCV001653217,5226532,264,21553,0.1,0.1,5.579729825986222,9.978316693156778,1,1,0,1.0,0.15
VCV001651061,5225770,498,20791,0.3,0.3,6.212606095751519,9.942323576321327,1,1,0,1.0,0.1
VCV001649952,5226563,295,21584,0.9,0.9,5.69035945432406,9.979753907989577,1,1,0,1.0,0.895
VCV001649396,5226804,536,21825,4.2,4.2,6.285998094508865,9.990857198673035,1,1,0,1.0,0.5
VCV001648977,5225792,476,20813,3.3,3.3,6.1675164908883415,9.943381116197804,1,1,0,1.0,0.1
VCV001644289,5226401,133,21422,3.0,3.0,4.897839799950911,9.97222039021722,1,1,0,1.0,0.15
VCV001643392,5226468,200,21489,0.4,0.4,5.303304908059076,9.975342989636555,1,1,0,1.0,0.15
VCV001641954,5226411,143,21432,,,4.969813299576001,9.972687069337132,1,1,0,1.0,0.15
VCV001639168,5226555,287,21576,0.2,0.2,5.662960480135946,9.979383211539385,1,1,0,1.0,0.15
VCV001637547,5226382,114,21403,2.1,2.1,4.74493212836325,9.971333099431195,1,1,0,1.0,0.15
VCV001636161,5226247,21,21268,0.7,0.7,3.091042453358316,9.965005892514545,1,1,0,1.0,0.1
VCV001635143,5226944,676,21965,18.7,18.7,6.517671272912275,9.997251082348292,1,1,0,1.0,0.95
VCV001634543,5226603,335,21624,9.2,9.2,5.817111159963204,9.98160533180008,1,1,0,1.0,0.05
VCV001634371,5226227,41,21248,0.6,0.6,3.7376696182833684,9.964065114421732,1,1,0,1.0,0.1
VCV001632385,5225766,502,20787,0.9,0.9,6.220590170099739,9.942131176128333,1,1,0,1.0,0.1
VCV001630450,5225986,282,21007,5.0,5.0,5.645446897643238,9.952658596542577,1,1,0,1.0,0.1
VCV001629054,5226130,138,21151,0.4,0.4,4.9344739331306915,9.959489742651412,1,1,0,1.0,0.1
VCV001627864,5225782,486,20803,0.8,0.8,6.18826412308259,9.942900554892963,1,1,0,1.0,0.1
VCV001626697,5226429,161,21450,0.2,0.2,5.087596335232384,9.973526543316103,1,1,0,1.0,0.15
VCV001625263,5226233,35,21254,1.4,1.4,3.58351893845611,9.96434744079289,1,1,0,1.0,0.1
VCV001625041,5225971,297,20992,0.6,0.6,5.697093486505405,9.951944327804322,1,1,0,1.0,0.1
VCV001623587,5225755,513,20776,1.6,1.6,6.2422232654551655,9.941601884644786,1,1,0,1.0,0.1
VCV001623512,5225779,489,20800,1.5,1.5,6.194405391104672,9.942756341456828,1,1,0,1.0,0.1
VCV001623178,5226563,295,21584,,,5.69035945432406,9.979753907989577,1,1,0,1.0,0.895
VCV001621425,5226160,108,21181,3.5,3.5,4.6913478822291435,9.960907043403614,1,1,0,1.0,0.1
VCV001620530,5227004,736,22025,5.8,5.8,6.602587892189336,9.999978852724889,1,1,0,1.0,0.05
VCV001618173,5226379,111,21400,5.7,5.7,4.718498871295094,9.97119292889014,1,1,0,1.0,0.15
VCV001617068,5225775,493,20796,5.5,5.5,6.202535517187923,9.942564024517921,1,1,0,1.0,0.1
VCV001616943,5225837,431,20858,0.5,0.5,6.068425588244111,9.945540788767127,1,1,0,1.0,0.1
VCV001616432,5226293,25,21314,,,3.258096538021482,9.96716632919931,1,1,0,1.0,0.15
VCV001616150,5226267,1,21288,0.4,0.4,0.6931471805599453,9.96594578637574,1,1,0,1.0,0.15
VCV001615668,5226873,605,21894,9.1,9.1,6.406879986069314,9.9940135792355,1,1,0,1.0,0.1
VCV001614562,5226172,96,21193,,,4.574710978503383,9.961473401734782,1,1,0,1.0,0.1
VCV001613967,5226193,75,21214,4.5,4.5,4.330733340286331,9.962463757636426,1,1,0,1.0,0.1
VCV001613548,5226467,199,21488,0.2,0.2,5.298317366548036,9.97529645528256,1,1,0,1.0,0.15
VCV001612817,5227016,748,22037,7.2,7.2,6.618738983517219,10.000523515047723,1,1,0,1.0,0.05
VCV001612179,5226177,91,21198,,,4.5217885770490405,9.961709289736252,1,1,0,1.0,0.1
VCV001611650,5226346,78,21367,0.2,0.2,4.3694478524670215,9.969649754789797,1,1,0,1.0,0.15
VCV001611236,5225888,380,20909,6.1,6.1,5.942799375126701,9.94798279242268,1,1,0,1.0,0.1
VCV001610083,5226333,65,21354,1.2,1.2,4.189654742026425,9.969041183275566,1,1,0,1.0,0.15
VCV001609604,5226024,244,21045,0.3,0.3,5.501258210544727,9.954465797300758,1,1,0,1.0,0.1
VCV001608998,5226634,366,21655,7.3,7.3,5.905361848054571,9.983037831294137,1,1,0,1.0,0.05
VCV001608900,5226906,638,21927,0.3,0.3,6.459904454377535,9.995519637982621,1,1,0,1.0,0.1
VCV001606913,5226570,302,21591,8.7,8.7,5.713732805509369,9.980078154697841,1,1,0,1.0,0.5
VCV001606259,5225941,327,20962,2.3,2.3,5.793013608384144,9.950514257963883,1,1,0,1.0,0.1
VCV001605684,5225905,363,20926,2.9,2.9,5.8971538676367405,9.94879547024067,1,1,0,1.0,0.1
VCV001602982,5226165,103,21186,1.6,1.6,4.6443908991413725,9.96114306502429,1,1,0,1.0,0.1
VCV001602775,5226331,63,21352,0.3,0.3,4.1588830833596715,9.968947524007914,1,1,0,1.0,0.15
VCV001602127,5226829,561,21850,1.6,1.6,6.331501849893691,9.992001966066868,1,1,0,1.0,0.1
VCV001602126,5226827,559,21848,1.3,1.3,6.327936783729195,9.991910432886025,1,1,0,1.0,0.1
VCV001602125,5226822,554,21843,,,6.318968113746434,9.991681563272044,1,1,0,1.0,0.1
VCV001602124,5226818,550,21839,4.0,4.0,6.311734809152915,9.991498429858842,1,1,0,1.0,0.1
VCV001602123,5226815,547,21836,0.2,0.2,6.306275286948016,9.991361057786367,1,1,0,1.0,0.1
VCV001592636,5226187,81,21208,,,4.406719247264253,9.962180898875346,1,1,0,1.0,0.1
VCV001591892,5226568,300,21589,0.1,0.1,5.707110264748875,9.979985523508853,1,1,0,1.0,0.05
VCV001588617,5225769,499,20790,0.4,0.4,6.214608098422191,9.942275479743389,1,1,0,1.0,0.1
VCV001588348,5226000,268,21021,,,5.594711379601839,9.9533247873833,1,1,0,1.0,0.1
VCV001588286,5226217,51,21238,3.2,3.2,3.9512437185814275,9.963594393268247,1,1,0,1.0,0.1
VCV001586850,5226367,99,21388,2.4,2.4,4.605170185988092,9.970632050165458,1,1,0,1.0,0.15
VCV001585227,5226580,312,21601,11.0,11.0,5.746203190540153,9.980541181978419,1,1,0,1.0,0.05
VCV001584803,5225902,366,20923,3.7,3.7,5.905361848054571,9.948652104490503,1,1,0,1.0,0.1
VCV001584709,5225832,436,20853,0.8,0.8,6.07993319509559,9.945301055349539,1,1,0,1.0,0.1
VCV001584154,5226364,96,21385,,,4.574710978503383,9.970491781316602,1,1,0,1.0,0.15
VCV001583301,5225735,533,20756,2.1,2.1,6.280395838960195,9.94063881816692,1,1,0,1.0,0.5
VCV001581167,5226697,429,21718,8.1,8.1,6.063785208687608,9.98594273247232,1,1,0,1.0,0.05
VCV001580352,5226443,175,21464,0.2,0.2,5.170483995038151,9.97417898065866,1,1,0,1.0,0.15
VCV001579555,5226265,3,21286,0.7,0.7,1.3862943611198906,9.965851836732678,1,1,0,1.0,0.15
VCV001579049,5225869,399,20890,0.4,0.4,5.991464547107982,9.947073723199049,1,1,0,1.0,0.1
VCV001579014,5225999,269,21020,1.0,1.0,5.598421958998375,9.953277217038643,1,1,0,1.0,0.1
VCV001576566,5226541,273,21562,3.8,3.8,5.6131281063880705,9.978734161910666,1,1,0,1.0,0.15
VCV001575692,5226263,5,21284,,,1.791759469228055,9.965757878262252,1,1,0,1.0,0.15
VCV001573923,5225938,330,20959,3.2,3.2,5.802118375377063,9.950371138434978,1,1,0,1.0,0.1
VCV001572170,5226010,258,21031,2.2,2.2,5.556828061699537,9.953800366409718,1,1,0,1.0,0.1
VCV001571451,5225952,316,20973,1.1,1.1,5.75890177387728,9.951038854394351,1,1,0,1.0,0.1
VCV001569465,5226175,93,21196,,,4.543294782270004,9.961614941212737,1,1,0,1.0,0.1
VCV001568873,5226995,727,22016,4.3,4.3,6.590301048196686,9.999570161213173,1,1,0,1.0,0.05
VCV001566948,5226187,81,21208,0.6,0.6,4.406719247264253,9.962180898875346,1,1,0,1.0,0.1
VCV001565147,5226007,261,21028,2.5,2.5,5.568344503761097,9.953657716448705,1,1,0,1.0,0.1
VCV001565090,5226399,131,21420,0.1,0.1,4.882801922586371,9.972127028252816,1,1,0,1.0,0.15
VCV001564030,5225783,485,20804,4.9,4.9,6.186208623900494,9.942948621417042,1,1,0,1.0,0.1
VCV001563749,5225881,387,20902,,,5.961005339623274,9.947647968321782,1,1,0,1.0,0.1
VCV001563014,5225919,349,20940,3.0,3.0,5.857933154483459,9.949464238776152,1,1,0,1.0,0.1
VCV001562797,5226390,122,21411,0.5,0.5,4.812184355372417,9.971706791513272,1,1,0,1.0,0.15
VCV001561967,5226198,70,21219,0.8,0.8,4.2626798770413155,9.962699412167973,1,1,0,1.0,0.1
VCV001561745,5226199,69,21220,0.7,0.7,4.248495242049359,9.96274653641105,1,1,0,1.0,0.1
VCV001560083,5226263,5,21284,0.4,0.4,1.791759469228055,9.965757878262252,1,1,0,1.0,0.15
VCV001559725,5226092,176,21113,1.6,1.6,5.176149732573829,9.95769160654964,1,1,0,1.0,0.1
VCV001557489,5226290,22,21311,0.5,0.5,3.1354942159291497,9.967025573340116,1,1,0,1.0,0.15
VCV001557222,5226863,595,21884,0.5,0.5,6.39024066706535,9.993556749624995,1,1,0,1.0,0.1
VCV001556960,5225946,322,20967,0.2,0.2,5.777652323222656,9.950752745003243,1,1,0,1.0,0.1
VCV001556906,5226840,572,21861,0.5,0.5,6.35088571671474,9.992505248853782,1,1,0,1.0,0.1
VCV001554915,5226592,324,21613,6.5,6.5,5.783825182329737,9.98109653186311,1,1,0,1.0,0.05
VCV001553467,5226136,132,21157,0.4,0.4,4.890349128221754,9.95977336354672,1,1,0,1.0,0.1
VCV001553442,5225880,388,20901,0.6,0.6,5.963579343618446,9.947600127154448,1,1,0,1.0,0.1
VCV001552953,5225706,562,20727,3.8,3.8,6.333279628139691,9.939240722241946,1,1,0,1.0,0.05
VCV001552193,5225807,461,20828,5.5,5.5,6.135564891081739,9.944101525421383,1,1,0,1.0,0.1
VCV001551548,5226658,390,21679,3.5,3.5,5.968707559985366,9.984145455553582,1,1,0,1.0,0.05
VCV001550256,5226543,275,21564,0.3,0.3,5.62040086571715,9.978826909081944,1,1,0,1.0,0.15
VCV001549965,5226352,84,21373,0.7,0.7,4.442651256490317,9.969930509084842,1,1,0,1.0,0.15
VCV001548840,5226460,192,21481,0.3,0.3,5.262690188904886,9.974970654157993,1,1,0,1.0,0.15
VCV001548194,5225858,410,20879,1.3,1.3,6.018593214496234,9.946547041996576,1,1,0,1.0,0.1
VCV001546580,5226566,298,21587,5.0,5.0,5.700443573390687,9.979892883738533,1,1,0,1.0,0.89
VCV001546485,5226494,226,21515,5.2,5.2,5.424950017481403,9.976552123393134,1,1,0,1.0,0.15
VCV001544426,5225754,514,20775,3.6,3.6,6.244166900663736,9.941553753342584,1,1,0,1.0,0.1
VCV001542866,5226858,590,21879,1.9,1.9,6.3818160174060985,9.993328256535918,1,1,0,1.0,0.1
VCV001542738,5225988,280,21009,0.2,0.2,5.638354669333745,9.952753793839046,1,1,0,1.0,0.1
VCV001538061,5226968,700,21989,8.7,8.7,6.55250788703459,9.998343083548807,1,1,0,1.0,0.05
VCV001537687,5225898,370,20919,0.8,0.8,5.916202062607435,9.94846091817886,1,1,0,1.0,0.1
VCV001537363,5225808,460,20829,0.8,0.8,6.133398042996649,9.944149534255018,1,1,0,1.0,0.1
VCV001537336,5226394,126,21415,1.4,1.4,4.844187086458591,9.971893585200188,1,1,0,1.0,0.15
VCV001537117,5226881,613,21902,2.5,2.5,6.419994928147142,9.994378892724196,1,1,0,1.0,0.1
VCV001537040,5226873,605,21894,8.7,8.7,6.406879986069314,9.9940135792355,1,1,0,1.0,0.1
VCV001536330,5225945,323,20966,0.9,0.9,5.780743515792329,9.950705052145238,1,1,0,1.0,0.1
VCV001535667,5225942,326,20963,0.2,0.2,5.7899601708972535,9.950561959922057,1,1,0,1.0,0.1
VCV001533572,5226529,261,21550,0.2,0.2,5.568344503761097,9.978177498167572,1,1,0,1.0,0.15
VCV001532941,5226884,616,21905,1.3,1.3,6.424869023905388,9.994515850883692,1,1,0,1.0,0.1
VCV001531668,5226561,293,21582,0.1,0.1,5.683579767338681,9.97966124675897,1,1,0,1.0,0.4
VCV001531458,5226586,318,21607,12.7,12.7,5.765191102784844,9.980818895472451,1,1,0,1.0,0.05
VCV001529989,5226682,414,21703,0.6,0.6,6.028278520230698,9.985251854338768,1,1,0,1.0,0.05
VCV001529709,5225803,465,20824,2.9,2.9,6.144185634125646,9.943909467035043,1,1,0,1.0,0.1
VCV001528012,5226523,255,21544,1.8,1.8,5.545177444479562,9.977899050049938,1,1,0,1.0,0.15
VCV001331036,5227006,738,22027,0.1,0.1,6.6052979209482015,10.000069650382372,1,1,0,1.0,0.4
VCV001330543,5226567,299,21588,0.0,0.0,5.703782474656201,9.979939204696459,1,1,0,1.0,0.79
VCV001321374,5225670,598,20691,3.6,3.6,6.395261598115449,9.937502431123406,1,1,0,1.0,0.05
VCV001301331,5225670,598,20691,4.4,4.4,6.395261598115449,9.937502431123406,1,1,0,1.0,0.05
VCV001250619,5227562,1294,22583,0.3,0.3,7.166265974133638,10.024996969933325,0,1,0,0.9999,0.2
VCV001167977,5226363,95,21384,,,4.564348191467836,9.970445020661009,1,1,0,1.0,0.15
VCV001161626,5226268,0,21289,,,0.0,9.965992757887525,1,1,0,1.0,0.15
VCV001161533,5225712,556,20733,5.4,5.4,6.322565239927284,9.939530143883058,1,1,0,1.0,0.05
VCV001161505,5226913,645,21934,0.5,0.5,6.470799503782602,9.995838813600315,1,1,0,1.0,0.1
VCV001161504,5226895,627,21916,1.3,1.3,6.4425401664681985,9.99501787038172,1,1,0,1.0,0.1
VCV001161484,5226287,19,21308,1.8,1.8,2.995732273553991,9.96688479766592,1,1,0,1.0,0.15
VCV001160989,5226869,601,21890,1.3,1.3,6.400257445308821,9.99383087243373,1,1,0,1.0,0.1
VCV001160210,5226089,179,21110,4.9,4.9,5.19295685089021,9.957549510634658,1,1,0,1.0,0.1
VCV001159671,5226085,183,21106,0.9,0.9,5.214935757608986,9.957360018000617,1,1,0,1.0,0.1
VCV001159538,5226923,655,21944,12.8,12.8,6.486160788944089,9.996294602122335,1,1,0,1.0,0.5
VCV001158961,5226412,144,21433,1.8,1.8,4.976733742420574,9.972733725272942,1,1,0,1.0,0.15
VCV001158508,5226420,152,21441,,,5.030437921392435,9.973106894416185,1,1,0,1.0,0.15
VCV001157996,5226141,127,21162,1.8,1.8,4.852030263919617,9.960009652860453,1,1,0,1.0,0.1
VCV001157947,5225794,474,20815,0.7,0.7,6.163314804034641,9.943477200752287,1,1,0,1.0,0.1
VCV001157531,5226637,369,21658,7.9,7.9,5.91350300563827,9.983176351437496,1,1,0,1.0,0.05
VCV001157380,5226340,72,21361,0.4,0.4,4.290459441148391,9.969368921649641,1,1,0,1.0,0.15
VCV001157085,5225803,465,20824,2.4,2.4,6.144185634125646,9.943909467035043,1,1,0,1.0,0.1
VCV001157001,5226167,101,21188,1.9,1.9,4.624972813284271,9.961237458077031,1,1,0,1.0,0.1
VCV001156511,5226073,195,21094,0.0,0.0,5.278114659230517,9.95679132455844,1,1,0,1.0,0.1
VCV001155998,5227012,744,22033,,,6.61338421837956,10.00034199390001,1,1,0,0.9999,0.1
VCV001155441,5226828,560,21849,,,6.329720905522696,9.991956200523736,1,1,0,1.0,0.1
VCV001155055,5226004,264,21025,2.3,2.3,5.579729825986222,9.953515046135776,1,1,0,1.0,0.1
VCV001154176,5225873,395,20894,0.7,0.7,5.981414211254481,9.947265174882016,1,1,0,1.0,0.1
VCV001154161,5225788,480,20809,0.1,0.1,6.175867270105761,9.94318891938768,1,1,0,1.0,0.1
VCV001153807,5226845,577,21866,3.1,3.1,6.359573868672378,9.992733930050322,1,1,0,1.0,0.1
VCV001153781,5226104,164,21125,2.8,2.8,5.10594547390058,9.958259788383108,1,1,0,1.0,0.1
VCV001153698,5226742,474,21763,6.9,6.9,6.163314804034641,9.988012507605816,1,1,0,1.0,0.9
VCV001153690,5226869,601,21890,1.5,1.5,6.400257445308821,9.99383087243373,1,1,0,1.0,0.1
VCV001153305,5225975,293,20996,0.1,0.1,5.683579767338681,9.95213484935765,1,1,0,1.0,0.1
VCV001153073,5226831,563,21852,1.5,1.5,6.335054251498059,9.992093490870152,1,1,0,1.0,0.1
VCV001153019,5226918,650,21939,2.0,2.0,6.478509642208569,9.99606673382922,1,1,0,1.0,0.1
VCV001152502,5225950,318,20971,5.4,5.4,5.765191102784844,9.950943493692423,1,1,0,1.0,0.1
VCV001152045,5226589,321,21610,5.5,5.5,5.7745515455444085,9.980957723303026,1,1,0,1.0,0.05
VCV001151871,5226290,22,21311,0.6,0.6,3.1354942159291497,9.967025573340116,1,1,0,1.0,0.15
VCV001151774,5226868,600,21889,1.5,1.5,6.398594934535208,9.993785190516908,1,1,0,1.0,0.1
VCV001151547,5226536,268,21557,0.6,0.6,5.594711379601839,9.978502256341574,1,1,0,1.0,0.15
VCV001149802,5226133,135,21154,0.8,0.8,4.912654885736052,9.959631563154169,1,1,0,1.0,0.1
VCV001148975,5226016,252,21037,0.8,0.8,5.53338948872752,9.95408560529922,1,1,0,1.0,0.1
VCV001148302,5226364,96,21385,1.8,1.8,4.574710978503383,9.970491781316602,1,1,0,1.0,0.15
VCV001148301,5227246,978,22267,4.0,4.0,6.88653164253051,10.010905949303398,1,1,0,0.9999,0.2
VCV001147444,5226751,483,21772,6.7,6.7,6.182084906716632,9.988425949052319,1,1,0,1.0,0.805
VCV001147067,5225924,344,20945,0.0,0.0,5.84354441703136,9.949702976333091,1,1,0,1.0,0.1
VCV001146323,5225838,430,20859,4.1,4.1,6.066108090103747,9.945588728554764,1,1,0,1.0,0.1
VCV001146145,5226366,98,21387,1.1,1.1,4.59511985013459,9.970585296068622,1,1,0,1.0,0.15
VCV001145767,5226209,59,21230,1.1,1.1,4.0943445622221,9.963217656743895,1,1,0,1.0,0.1
VCV001145475,5226250,18,21271,1.6,1.6,2.9444389791664403,9.965146932922856,1,1,0,1.0,0.1
VCV001145460,5226448,180,21469,3.6,3.6,5.198497031265826,9.974411890872826,1,1,0,1.0,0.15
VCV001145451,5226137,131,21158,0.8,0.8,4.882801922586371,9.959820625876288,1,1,0,1.0,0.1
VCV001144869,5226500,232,21521,0.7,0.7,5.4510384535657,9.976830946760337,1,1,0,1.0,0.15
VCV001143503,5226733,465,21754,8.3,8.3,6.144185634125646,9.98759889515478,1,1,0,1.0,0.9
VCV001143473,5226065,203,21086,0.1,0.1,5.318119993844216,9.956412015844014,1,1,0,1.0,0.1
VCV001143356,5226084,184,21105,2.2,2.2,5.220355825078324,9.957312639231036,1,1,0,1.0,0.1
VCV001142119,5226912,644,21933,1.1,1.1,6.4692503167957724,9.995793223320154,1,1,0,1.0,0.1
VCV001142046,5225661,607,20682,1.4,1.4,6.410174881966167,9.937067385799324,1,1,0,1.0,0.05
VCV001141382,5225949,319,20970,4.1,4.1,5.768320995793772,9.950895809931119,1,1,0,1.0,0.1
VCV001140992,5225965,303,20986,0.1,0.1,5.717027701406222,9.951658477397421,1,1,0,1.0,0.1
VCV001140225,5226261,7,21282,0.8,0.8,2.0794415416798357,9.965663910962803,1,1,0,1.0,0.1
VCV001140182,5226589,321,21610,5.0,5.0,5.7745515455444085,9.980957723303026,1,1,0,1.0,0.05
VCV001139577,5225792,476,20813,3.9,3.9,6.1675164908883415,9.943381116197804,1,1,0,1.0,0.1
VCV001139479,5226403,135,21424,1.0,1.0,4.912654885736052,9.97231374346598,1,1,0,1.0,0.15
VCV001139383,5225930,338,20951,0.4,0.4,5.82600010738045,9.949989386187548,1,1,0,1.0,0.1
VCV001138442,5226316,48,21337,3.9,3.9,3.8918202981106265,9.968244799751407,1,1,0,1.0,0.15
VCV001138404,5226238,30,21259,2.3,2.3,3.4339872044851463,9.964582651895938,1,1,0,1.0,0.1
VCV001137193,5226126,142,21147,1.2,1.2,4.962844630259907,9.959300617355341,1,1,0,1.0,0.1
VCV001136434,5225984,284,21005,0.1,0.1,5.652489180268651,9.952563390182721,1,1,0,1.0,0.1
VCV001136202,5225840,428,20861,,,6.061456918928017,9.945684601235916,1,1,0,1.0,0.1
VCV001135885,5226051,217,21072,1.5,1.5,5.384495062789089,9.955747879197213,1,1,0,1.0,0.1
VCV001135734,5226434,166,21455,1.4,1.4,5.117993812416755,9.97375960552146,1,1,0,1.0,0.15
VCV001134790,5226113,155,21134,0.8,0.8,5.049856007249537,9.95868571300089,1,1,0,1.0,0.1
VCV001134251,5226058,210,21079,0.1,0.1,5.351858133476067,9.956080002655298,1,1,0,1.0,0.1
VCV001133882,5225806,462,20827,1.8,1.8,6.137727054086234,9.944053514282789,1,1,0,1.0,0.1
VCV001133359,5226806,538,21827,3.2,3.2,6.289715570908998,9.990948828306122,1,1,0,1.0,0.5
VCV001132923,5226105,163,21126,0.7,0.7,5.099866427824199,9.958307122300235,1,1,0,1.0,0.1
VCV001132627,5226833,565,21854,0.1,0.1,6.338594078203183,9.992185007297415,1,1,0,1.0,0.1
VCV001132191,5226921,653,21942,6.1,6.1,6.483107351457199,9.99620346103587,1,1,0,1.0,0.1
VCV001131950,5226143,125,21164,0.5,0.5,4.836281906951478,9.960104152955024,1,1,0,1.0,0.1
VCV001131624,5226891,623,21912,0.3,0.3,6.436150368369428,9.994835346995403,1,1,0,1.0,0.1
VCV001131314,5226213,55,21234,2.7,2.7,4.02535169073515,9.963406042747371,1,1,0,1.0,0.1
VCV001130698,5226503,235,21524,2.3,2.3,5.4638318050256105,9.976970329295932,1,1,0,1.0,0.15
VCV001130103,5226265,3,21286,0.9,0.9,1.3862943611198906,9.965851836732678,1,1,0,1.0,0.15
VCV001129520,5226631,363,21652,0.2,0.2,5.8971538676367405,9.98289929196029,1,1,0,1.0,0.05
VCV001129240,5226880,612,21901,6.2,6.2,6.418364935936212,9.994333235835704,1,1,0,1.0,0.1
VCV001129052,5226561,293,21582,0.0,0.0,5.683579767338681,9.97966124675897,1,1,0,1.0,0.4
VCV001128010,5226008,260,21029,0.8,0.8,5.564520407322694,9.953705268696746,1,1,0,1.0,0.1
VCV001127800,5226394,126,21415,1.4,1.4,4.844187086458591,9.971893585200188,1,1,0,1.0,0.15
VCV001127713,5226839,571,21860,9.1,9.1,6.349138991379798,9.992459506338392,1,1,0,1.0,0.1
VCV001127650,5226877,609,21898,0.3,0.3,6.413458957167357,9.99419625266159,1,1,0,1.0,0.1
VCV001127638,5226501,233,21522,0.2,0.2,5.455321115357702,9.97687740976418,1,1,0,1.0,0.15
VCV001127632,5226619,351,21640,7.3,7.3,5.863631175598097,9.982344942613622,1,1,0,1.0,0.05
VCV001127267,5225564,704,20585,0.3,0.3,6.558197802812269,9.932366512086505,1,1,0,1.0,0.15
VCV001126808,5226477,209,21498,1.0,1.0,5.3471075307174685,9.975761701406148,1,1,0,1.0,0.15
VCV001126664,5226030,238,21051,4.7,4.7,5.476463551931511,9.954750846473669,1,1,0,1.0,0.1
VCV001126429,5226845,577,21866,3.7,3.7,6.359573868672378,9.992733930050322,1,1,0,1.0,0.1
VCV001126324,5226061,207,21082,0.5,0.5,5.337538079701318,9.956222307519994,1,1,0,1.0,0.1
VCV001124975,5226419,151,21440,0.6,0.6,5.0238805208462765,9.973060255888088,1,1,0,1.0,0.15
VCV001124970,5226514,246,21535,2.0,2.0,5.5093883366279774,9.977481232444454,1,1,0,1.0,0.15
VCV001124939,5226375,107,21396,6.2,6.2,4.68213122712422,9.97100600426695,1,1,0,1.0,0.15
VCV001124760,5226462,194,21483,0.2,0.2,5.272999558563747,9.97506375102535,1,1,0,1.0,0.15
VCV001124758,5226163,105,21184,1.4,1.4,4.663439094112067,9.961048663060659,1,1,0,1.0,0.1
VCV001124680,5226908,640,21929,4.5,4.5,6.46302945692067,9.995610841411933,1,1,0,1.0,0.1
VCV001124679,5226893,625,21914,0.2,0.2,6.439350371100098,9.99492661285291,1,1,0,1.0,0.1
VCV001124649,5226506,238,21527,1.9,1.9,5.476463551931511,9.977109692406742,1,1,0,1.0,0.15
VCV001123454,5226826,558,21847,0.2,0.2,6.326149473155099,9.99186466315354,1,1,0,1.0,0.1
VCV001123116,5226882,614,21903,10.4,10.4,6.421622267806518,9.99442454752823,1,1,0,1.0,0.1
VCV001123082,5226417,149,21438,0.7,0.7,5.0106352940962555,9.972966972305931,1,1,0,1.0,0.15
VCV001122537,5226452,184,21473,1.3,1.3,5.220355825078324,9.97459817999408,1,1,0,1.0,0.15
VCV001122528,5226331,63,21352,0.2,0.2,4.1588830833596715,9.968947524007914,1,1,0,1.0,0.15
VCV001122216,5226885,617,21906,3.5,3.5,6.42648845745769,9.9945614994355,1,1,0,1.0,0.1
VCV001121778,5226873,605,21894,8.5,8.5,6.406879986069314,9.9940135792355,1,1,0,1.0,0.1
VCV001121500,5225616,652,20637,10.4,10.4,6.481577129276431,9.93488931567566,1,1,0,1.0,0.05
VCV001121394,5226382,114,21403,2.4,2.4,4.74493212836325,9.971333099431195,1,1,0,1.0,0.15
VCV001121225,5225737,531,20758,3.6,3.6,6.2766434893416445,9.940735166562794,1,1,0,1.0,0.1
VCV001121198,5225879,389,20900,4.3,4.3,5.966146739123692,9.94755228369823,1,1,0,1.0,0.1
VCV001120940,5225679,589,20700,1.0,1.0,6.380122536899765,9.937937287265354,1,1,0,1.0,0.05
VCV001120442,5226252,16,21273,3.2,3.2,2.833213344056216,9.96524094881161,1,1,0,1.0,0.1
VCV001119536,5226342,74,21363,1.0,1.0,4.31748811353631,9.969462541459661,1,1,0,1.0,0.15
VCV001119234,5226742,474,21763,7.6,7.6,6.163314804034641,9.988012507605816,1,1,0,1.0,0.9
VCV001119125,5226390,122,21411,,,4.812184355372417,9.971706791513272,1,1,0,1.0,0.15
VCV001119111,5226181,87,21202,2.0,2.0,4.477336814478207,9.96189796008255,1,1,0,1.0,0.1
VCV001118834,5226904,636,21925,1.4,1.4,6.456769655572163,9.995428426234485,1,1,0,1.0,0.1
VCV001118833,5226889,621,21910,5.1,5.1,6.432940092739179,9.99474407280768,1,1,0,1.0,0.1
VCV001118813,5226487,219,21508,4.0,4.0,5.393627546352362,9.976226731176434,1,1,0,1.0,0.15
VCV001118308,5226613,345,21634,7.3,7.3,5.846438775057725,9.982067652658985,1,1,0,1.0,0.05
VCV001118139,5226123,145,21144,1.0,1.0,4.983606621708336,9.959158749906589,1,1,0,1.0,0.1
VCV001117784,5225736,532,20757,4.5,4.5,6.278521424165844,9.940686993525235,1,1,0,1.0,0.5
VCV001117654,5226112,156,21133,3.9,3.9,5.056245805348308,9.958638397000977,1,1,0,1.0,0.1
VCV001116346,5226088,180,21109,4.6,4.6,5.198497031265826,9.957502140842367,1,1,0,1.0,0.1
VCV001115568,5226323,55,21344,3.9,3.9,4.02535169073515,9.968572799192062,1,1,0,1.0,0.15
VCV001115280,5225825,443,20846,0.7,0.7,6.095824562432225,9.944965331982438,1,1,0,1.0,0.1
VCV001115039,5226242,26,21263,1.0,1.0,3.295836866004329,9.964770780953026,1,1,0,1.0,0.1
VCV001114903,5226434,166,21455,0.3,0.3,5.117993812416755,9.97375960552146,1,1,0,1.0,0.15
VCV001114525,5226508,240,21529,1.5,1.5,5.484796933490655,9.97720259035841,1,1,0,1.0,0.15
VCV001113861,5226437,169,21458,1.8,1.8,5.135798437050262,9.973899416776494,1,1,0,1.0,0.15
VCV001112986,5225955,313,20976,4.5,4.5,5.749392985908253,9.95118187839879,1,1,0,1.0,0.1
VCV001112903,5226186,82,21207,0.6,0.6,4.418840607796598,9.962133747968862,1,1,0,1.0,0.1
VCV001111753,5226183,85,21204,2.5,2.5,4.454347296253507,9.96199228190869,1,1,0,1.0,0.1
VCV001111743,5226500,232,21521,0.8,0.8,5.4510384535657,9.976830946760337,1,1,0,1.0,0.15
VCV001111710,5226667,399,21688,2.6,2.6,5.991464547107982,9.984560498562606,1,1,0,1.0,0.05
VCV001111267,5226496,228,21517,0.6,0.6,5.43372200355424,9.976645073153854,1,1,0,1.0,0.15
VCV001111255,5226736,468,21757,4.1,4.1,6.150602768446279,9.987736784981028,1,1,0,1.0,0.9
VCV001111047,5226477,209,21498,1.2,1.2,5.3471075307174685,9.975761701406148,1,1,0,1.0,0.15
VCV001110772,5226260,8,21281,1.3,1.3,2.1972245773362196,9.965616924001678,1,1,0,1.0,0.1
VCV001110755,5226312,44,21333,4.2,4.2,3.8066624897703196,9.968057323185429,1,1,0,1.0,0.15
VCV001110299,5226277,9,21298,2.2,2.2,2.302585092994046,9.966415402238601,1,1,0,1.0,0.15
VCV001110073,5226549,281,21570,0.5,0.5,5.641907070938114,9.979105098994717,1,1,0,1.0,0.15
VCV001110042,5226292,24,21313,3.2,3.2,3.2188758248682006,9.967119412780901,1,1,0,1.0,0.15
VCV001108644,5226260,8,21281,1.5,1.5,2.1972245773362196,9.965616924001678,1,1,0,1.0,0.1
VCV001108115,5226882,614,21903,10.9,10.9,6.421622267806518,9.99442454752823,1,1,0,1.0,0.1
VCV001107574,5226223,45,21244,0.4,0.4,3.828641396489095,9.963876852548912,1,1,0,1.0,0.1
VCV001106731,5226890,622,21911,0.1,0.1,6.434546518787453,9.994789710942914,1,1,0,1.0,0.1
VCV001105735,5226109,159,21130,1.6,1.6,5.075173815233827,9.958496435566927,1,1,0,1.0,0.1
VCV001104842,5226144,124,21165,2.3,2.3,4.8283137373023015,9.96015139965367,1,1,0,1.0,0.1
VCV001104520,5226260,8,21281,,,2.1972245773362196,9.965616924001678,1,1,0,1.0,0.1
VCV001104204,5225607,661,20628,0.9,0.9,6.495265555937008,9.934453131793008,1,1,0,1.0,0.05
VCV001102136,5226408,140,21429,3.7,3.7,4.948759890378168,9.972547088467623,1,1,0,1.0,0.15
VCV001101748,5226182,86,21203,,,4.465908118654584,9.961945122107696,1,1,0,1.0,0.1
VCV001101596,5226428,160,21449,0.1,0.1,5.081404364984463,9.973479924356162,1,1,0,1.0,0.15
VCV001101564,5226345,77,21366,4.0,4.0,4.356708826689592,9.969602954742989,1,1,0,1.0,0.15
VCV001101246,5225741,527,20762,0.0,0.0,6.269096283706261,9.940927835509973,1,1,0,1.0,0.1
VCV001100205,5226113,155,21134,1.0,1.0,5.049856007249537,9.95868571300089,1,1,0,1.0,0.1
VCV001100138,5226522,254,21543,2.8,2.8,5.541263545158426,9.977852634491434,1,1,0,1.0,0.15
VCV001099906,5226519,251,21540,4.9,4.9,5.529429087511423,9.977713374888099,1,1,0,1.0,0.15
VCV001099874,5225793,475,20814,0.1,0.1,6.16541785423142,9.943429159629076,1,1,0,1.0,0.1
VCV001099709,5226365,97,21386,0.7,0.7,4.584967478670572,9.970538539785737,1,1,0,1.0,0.15
VCV001097379,5226492,224,21513,1.6,1.6,5.41610040220442,9.976459164991951,1,1,0,1.0,0.15
VCV001097250,5226269,1,21290,,,0.6931471805599453,9.966039727193092,1,1,0,1.0,0.1
VCV001097054,5226364,96,21385,,,4.574710978503383,9.970491781316602,1,1,0,1.0,0.15
VCV001096888,5226529,261,21550,0.2,0.2,5.568344503761097,9.978177498167572,1,1,0,1.0,0.15
VCV001096696,5226267,1,21288,0.4,0.4,0.6931471805599453,9.96594578637574,1,1,0,1.0,0.15
VCV001096096,5226902,634,21923,0.1,0.1,6.453624998892692,9.995337206166006,1,1,0,1.0,0.1
VCV001095878,5225855,413,20876,0.3,0.3,6.025865973825314,9.94640335351296,1,1,0,1.0,0.1
VCV001095859,5226640,372,21661,4.6,4.6,5.921578419643816,9.983314852395683,1,1,0,1.0,0.05
VCV001095434,5225987,281,21008,0.4,0.4,5.641907070938114,9.952706196323627,1,1,0,1.0,0.1
VCV001095205,5225991,277,21012,0.2,0.2,5.627621113690637,9.952896572793671,1,1,0,1.0,0.1
VCV001095187,5226126,142,21147,1.0,1.0,4.962844630259907,9.959300617355341,1,1,0,1.0,0.1
VCV001094628,5226319,51,21340,0.5,0.5,3.9512437185814275,9.96838538411397,1,1,0,1.0,0.15
VCV001094586,5226190,78,21211,2.0,2.0,4.3694478524670215,9.962322338257021,1,1,0,1.0,0.1
VCV001094558,5226115,153,21136,0.6,0.6,5.0369526024136295,9.958780338284837,1,1,0,1.0,0.1
VCV001094269,5226425,157,21446,,,5.062595033026967,9.973340054434962,1,1,0,1.0,0.1
VCV001094229,5226393,125,21414,0.7,0.7,4.836281906951478,9.971846890049472,1,1,0,1.0,0.15
VCV001093303,5226915,647,21936,5.5,5.5,6.473890696352274,9.995929987925688,1,1,0,1.0,0.1
VCV001092961,5226450,182,21471,1.9,1.9,5.209486152841421,9.974505039771408,1,1,0,1.0,0.15
VCV001092862,5226063,205,21084,1.1,1.1,5.327876168789581,9.95631716618066,1,1,0,1.0,0.1
VCV001091467,5225768,500,20789,,,6.2166061010848646,9.942227380852058,1,1,0,1.0,0.1
VCV001091288,5225970,298,20991,1.9,1.9,5.700443573390687,9.951896691743816,1,1,0,1.0,0.1
VCV001090894,5226041,227,21062,,,5.429345628954441,9.955273225685358,1,1,0,1.0,0.1
VCV001090577,5226796,528,21817,10.7,10.7,6.270988431858299,9.990490596157702,1,1,0,1.0,0.55
VCV001090534,5226246,22,21267,0.5,0.5,3.1354942159291497,9.964958874624228,1,1,0,1.0,0.1
VCV001090479,5226096,172,21117,0.7,0.7,5.153291594497779,9.95788103636646,1,1,0,1.0,0.1
VCV001089678,5225830,438,20851,1.5,1.5,6.0844994130751715,9.945205145887996,1,1,0,1.0,0.1
VCV001089575,5226082,186,21103,3.7,3.7,5.231108616854587,9.957217874957095,1,1,0,1.0,0.1
VCV001089508,5225757,511,20778,3.5,3.5,6.238324625039508,9.94169814029988,1,1,0,1.0,0.1
VCV001089483,5226366,98,21387,1.2,1.2,4.59511985013459,9.970585296068622,1,1,0,1.0,0.15
VCV001089337,5226461,193,21482,0.4,0.4,5.267858159063328,9.97501720367505,1,1,0,1.0,0.15
VCV001088912,5226343,75,21364,1.2,1.2,4.330733340286331,9.969509348078125,1,1,0,1.0,0.15
VCV001088500,5226228,40,21249,2.4,2.4,3.713572066704308,9.964112174352563,1,1,0,1.0,0.1
VCV001087637,5225885,383,20906,6.1,6.1,5.950642552587727,9.947839310106628,1,1,0,1.0,0.1
VCV001084859,5226285,17,21306,4.1,4.1,2.8903717578961645,9.966790936205367,1,1,0,1.0,0.15
VCV001084304,5226331,63,21352,0.2,0.2,4.1588830833596715,9.968947524007914,1,1,0,1.0,0.15
VCV001084273,5226131,137,21152,0.3,0.3,4.927253685157205,9.95953701838715,1,1,0,1.0,0.1
VCV001084243,5226300,32,21321,1.6,1.6,3.4965075614664802,9.96749468251042,1,1,0,1.0,0.15
VCV001082749,5226434,166,21455,0.3,0.3,5.117993812416755,9.97375960552146,1,1,0,1.0,0.15
VCV001081408,5226182,86,21203,0.5,0.5,4.465908118654584,9.961945122107696,1,1,0,1.0,0.1
VCV001081010,5226271,3,21292,0.3,0.3,1.3862943611198906,9.966133659186399,1,1,0,1.0,0.15
VCV001080748,5225871,397,20892,0.3,0.3,5.986452005284438,9.947169453622251,1,1,0,1.0,0.1
VCV001080158,5226364,96,21385,1.4,1.4,4.574710978503383,9.970491781316602,1,1,0,1.0,0.15
VCV001080073,5226504,236,21525,0.6,0.6,5.4680601411351315,9.977016785824244,1,1,0,1.0,0.15
VCV001079811,5226294,26,21315,1.2,1.2,3.295836866004329,9.967213243416673,1,1,0,1.0,0.15
VCV001077721,5226438,170,21459,1.0,1.0,5.14166355650266,9.973946016184689,1,1,0,1.0,0.15
VCV001077506,5226087,181,21108,0.7,0.7,5.204006687076795,9.95745476880607,1,1,0,1.0,0.1
VCV001077470,5226816,548,21837,8.2,8.2,6.3080984415095305,9.99140685057401,1,1,0,1.0,0.1
VCV001077226,5226131,137,21152,0.3,0.3,4.927253685157205,9.95953701838715,1,1,0,1.0,0.1
VCV000995801,5226982,714,22003,0.0,0.0,6.5722825426940075,9.99897953399535,1,1,0,1.0,0.825
VCV000995800,5225669,599,20690,19.8,19.8,6.396929655216146,9.937454102099402,1,1,0,1.0,0.895
VCV000994010,5225816,452,20837,1.2,1.2,6.115892125483034,9.94453352197213,1,1,0,1.0,0.1
VCV000991115,5225655,613,20676,10.2,10.2,6.419994928147142,9.93677725040077,1,1,0,1.0,0.05
VCV000981076,5225825,443,20846,,,6.095824562432225,9.944965331982438,1,1,0,1.0,0.1
VCV000981074,5225924,344,20945,0.0,0.0,5.84354441703136,9.949702976333091,1,1,0,1.0,0.1
VCV000933190,5227001,733,22022,0.0,0.0,6.598509028614515,9.99984264077889,1,1,0,1.0,0.05
VCV000929231,5225807,461,20828,5.0,5.0,6.135564891081739,9.944101525421383,1,1,0,1.0,0.1
VCV000929230,5226568,300,21589,0.2,0.2,5.707110264748875,9.979985523508853,1,1,0,1.0,0.05
VCV000928760,5226935,667,21956,11.6,11.6,6.504288173536645,9.996841274269336,1,1,0,1.0,0.05
VCV000928759,5226775,507,21796,6.8,6.8,6.230481447578482,9.989527624628513,1,1,0,1.0,0.76
VCV000917608,5225691,577,20712,1.0,1.0,6.359573868672378,9.938516801455522,1,1,0,1.0,0.05
VCV000869354,5226322,54,21343,3.8,3.8,4.007333185232471,9.96852594871535,1,1,0,1.0,0.15
VCV000869330,5227540,1272,22561,0.1,0.1,7.149131598557407,10.024022354164865,0,1,0,0.9999,0.2
VCV000869329,5227411,1143,22432,0.2,0.2,7.042286171939743,10.018288368013305,0,1,0,0.9999,0.1
VCV000869257,5227056,788,22077,15.6,15.6,6.670766320845874,10.002336916578297,1,1,0,0.9996,0.1
VCV000869245,5226917,649,21938,1.3,1.3,6.476972362889683,9.996021153939061,1,1,0,1.0,0.1
VCV000869238,5225998,270,21019,0.5,0.5,5.602118820879701,9.953229644430943,1,1,0,1.0,0.1
VCV000869237,5225934,334,20955,0.7,0.7,5.814130531825066,9.95018028052811,1,1,0,1.0,0.1
VCV000830005,5226095,173,21116,0.6,0.6,5.159055299214529,9.957833682276242,1,1,0,1.0,0.1
VCV000811029,5225754,514,20775,4.4,4.4,6.244166900663736,9.941553753342584,1,1,0,1.0,0.1
VCV000801188,5225864,404,20885,0.1,0.1,6.003887067106539,9.946834357039494,1,1,0,1.0,0.1
VCV000800025,5226452,184,21473,1.6,1.6,5.220355825078324,9.97459817999408,1,1,0,1.0,0.15
VCV000799593,5225762,506,20783,0.7,0.7,6.2285110035911835,9.94193873891038,1,1,0,1.0,0.1
VCV000799058,5226727,459,21748,2.1,2.1,6.131226489483141,9.98732305844836,1,1,0,1.0,0.9
VCV000798809,5226156,112,21177,1.2,1.2,4.727387818712341,9.9607181859904,1,1,0,1.0,0.1
VCV000798571,5226215,53,21236,0.4,0.4,3.9889840465642745,9.963500222442299,1,1,0,1.0,0.1
VCV000798416,5225943,325,20964,0.1,0.1,5.786897381366708,9.950609659604863,1,1,0,1.0,0.1
VCV000797803,5225903,365,20924,1.2,1.2,5.902633333401366,9.948699895357676,1,1,0,1.0,0.1
VCV000797671,5226305,37,21326,6.6,6.6,3.6375861597263857,9.967729154597594,1,1,0,1.0,0.15
VCV000797670,5226435,167,21456,2.2,2.2,5.123963979403259,9.973806211445082,1,1,0,1.0,0.15
VCV000797626,5226421,153,21442,5.2,5.2,5.0369526024136295,9.973153530769231,1,1,0,1.0,0.15
VCV000797051,5225821,447,20842,0.8,0.8,6.104793232414985,9.94477343944167,1,1,0,1.0,0.1
VCV000796911,5225846,422,20867,0.9,0.9,6.0473721790462776,9.945972164142283,1,1,0,1.0,0.1
VCV000796462,5226839,571,21860,9.7,9.7,6.349138991379798,9.992459506338392,1,1,0,1.0,0.1
VCV000796407,5226067,201,21088,0.0,0.0,5.308267697401205,9.956506856511764,1,1,0,1.0,0.1
VCV000796185,5226459,191,21480,1.5,1.5,5.2574953720277815,9.974924102473977,1,1,0,1.0,0.15
VCV000796030,5226372,104,21393,1.3,1.3,4.653960350157523,9.970865787866076,1,1,0,1.0,0.15
VCV000795422,5226445,177,21466,0.6,0.6,5.181783550292085,9.97427215125409,1,1,0,1.0,0.15
VCV000795403,5226497,229,21518,0.1,0.1,5.438079308923196,9.976691544794544,1,1,0,1.0,0.15
VCV000795281,5225998,270,21019,0.5,0.5,5.602118820879701,9.953229644430943,1,1,0,1.0,0.1
VCV000795005,5226817,549,21838,0.7,0.7,6.309918278226516,9.991452641264772,1,1,0,1.0,0.1
VCV000794722,5227010,742,22031,5.6,5.6,6.610696044717759,10.000251220968437,1,1,0,1.0,0.05
VCV000794095,5226245,23,21266,0.6,0.6,3.1780538303479458,9.964911854523127,1,1,0,1.0,0.1
VCV000793871,5225972,296,20993,2.2,2.2,5.6937321388027,9.951991961595743,1,1,0,1.0,0.1
VCV000793230,5225878,390,20899,5.9,5.9,5.968707559985366,9.947504437952903,1,1,0,1.0,0.1
VCV000793229,5225876,392,20897,0.1,0.1,5.973809611869261,9.947408739594056,1,1,0,1.0,0.1
VCV000793209,5226370,102,21391,0.5,0.5,4.634728988229636,9.970772299341725,1,1,0,1.0,0.15
VCV000793174,5225797,471,20818,0.2,0.2,6.156978985585555,9.943621310275773,1,1,0,1.0,0.1
VCV000792476,5225873,395,20894,0.7,0.7,5.981414211254481,9.947265174882016,1,1,0,1.0,0.1
VCV000774507,5226107,161,21128,1.0,1.0,5.087596335232384,9.95840178341352,1,1,0,1.0,0.1
VCV000766523,5226438,170,21459,1.3,1.3,5.14166355650266,9.973946016184689,1,1,0,1.0,0.15
VCV000766521,5226402,134,21423,0.7,0.7,4.90527477843843,9.972267067930954,1,1,0,1.0,0.15
VCV000766475,5226094,174,21115,0.9,0.9,5.1647859739235145,9.957786325943507,1,1,0,1.0,0.1
VCV000766099,5225768,500,20789,0.0,0.0,6.2166061010848646,9.942227380852058,1,1,0,1.0,0.1
VCV000766084,5226379,111,21400,,,4.718498871295094,9.97119292889014,1,1,0,1.0,0.15
VCV000765761,5226370,102,21391,,,4.634728988229636,9.970772299341725,1,1,0,1.0,0.15
VCV000765568,5226242,26,21263,0.8,0.8,3.295836866004329,9.964770780953026,1,1,0,1.0,0.1
VCV000765167,5226243,25,21264,1.0,1.0,3.258096538021482,9.964817807687734,1,1,0,1.0,0.1
VCV000764715,5226021,247,21042,0.1,0.1,5.5134287461649825,9.954323242238624,1,1,0,1.0,0.1
VCV000764666,5226507,239,21528,0.8,0.8,5.480638923341991,9.977156142461329,1,1,0,1.0,0.15
VCV000763829,5226269,1,21290,,,0.6931471805599453,9.966039727193092,1,1,0,1.0,0.1
VCV000763631,5226356,88,21377,0.8,0.8,4.48863636973214,9.97011763483389,1,1,0,1.0,0.15
VCV000763410,5226018,250,21039,,,5.5254529391317835,9.954180666851647,1,1,0,1.0,0.1
VCV000763383,5226374,106,21395,0.5,0.5,4.672828834461906,9.970959267651141,1,1,0,1.0,0.15
VCV000763094,5226562,294,21583,0.0,0.0,5.68697535633982,9.979707578447536,1,1,0,1.0,0.05
VCV000762977,5226200,68,21221,0.7,0.7,4.23410650459726,9.962793658433535,1,1,0,1.0,0.1
VCV000762836,5225640,628,20661,9.2,9.2,6.444131256700441,9.936051543409391,1,1,0,1.0,0.05
