ClinVar_ID,Position_GRCh38,HGVS_c,HGVS_p,Category,ClinVar_Significance,ARCHCODE_LSSIM,VEP_Consequence,VEP_Score,VEP_Impact,CADD_Phred,Locus,LSSIM_Threshold,Router_Class
VCV000487486,43124097,NM_007294.4(BRCA1):c.-1A>G,,5_prime_UTR,Conflicting classifications of pathogenicity,0.9783,5_prime_UTR_variant,0.2,MODIFIER,,BRCA1,0.985,B_architecture
VCV000141194,43124097,NM_007294.4(BRCA1):c.-1A>C,,5_prime_UTR,Conflicting classifications of pathogenicity,0.9783,5_prime_UTR_variant,0.2,MODIFIER,,BRCA1,0.985,B_architecture
VCV000433682,43124105,NM_007294.4(BRCA1):c.-9C>G,,5_prime_UTR,Conflicting classifications of pathogenicity,0.9787,splice_region_variant,0.5,LOW,,BRCA1,0.985,B_architecture
VCV000380340,43124112,NM_007294.4(BRCA1):c.-16A>G,,5_prime_UTR,Conflicting classifications of pathogenicity,0.9789,splice_polypyrimidine_tract_variant,0.3,LOW,,BRCA1,0.985,B_architecture
VCV000125474,43124120,NM_007294.4(BRCA1):c.-19-5T>C,,other,Conflicting classifications of pathogenicity,0.9642,splice_region_variant,0.5,LOW,,BRCA1,0.985,B_architecture
VCV000510565,43124122,NM_007294.4(BRCA1):c.-19-7G>A,,other,Conflicting classifications of pathogenicity,0.9657,splice_region_variant,0.5,LOW,,BRCA1,0.985,B_architecture
VCV000382001,43125258,NM_007294.4(BRCA1):c.-20+13C>T,,other,Conflicting classifications of pathogenicity,0.9434,5_prime_UTR_variant,0.2,MODIFIER,,BRCA1,0.985,B_architecture
VCV000323423,43125337,NM_007294.4(BRCA1):c.-86C>T,,5_prime_UTR,Conflicting classifications of pathogenicity,0.9651,5_prime_UTR_variant,0.2,MODIFIER,,BRCA1,0.985,B_architecture
VCV000920681,43125357,NM_007294.4(BRCA1):c.-106C>G,,5_prime_UTR,Conflicting classifications of pathogenicity,0.9654,5_prime_UTR_variant,0.2,MODIFIER,,BRCA1,0.985,B_architecture
VCV000434525,43125376,NM_007294.4(BRCA1):c.-125C>T,,5_prime_UTR,Conflicting classifications of pathogenicity,0.9648,5_prime_UTR_variant,0.2,MODIFIER,,BRCA1,0.985,B_architecture
VCV000234367,36993515,NC_000003.12:g.36993515T>G,,other,Conflicting classifications of pathogenicity,0.9539,5_prime_UTR_variant,0.2,MODIFIER,,MLH1,0.972,B_architecture
VCV000419858,36993540,NM_000249.4(MLH1):c.-8G>T,,5_prime_UTR,Conflicting classifications of pathogenicity,0.9719,5_prime_UTR_variant,0.2,MODIFIER,,MLH1,0.972,B_architecture
VCV001313755,117478787,NC_000007.14:g.117478787A>G,,other,Conflicting classifications of pathogenicity,0.9846,intron_variant,0.15,MODIFIER,,CFTR,0.989,B_architecture
VCV000051029,117479283,NM_000492.4(CFTR):c.-812T>G,,5_prime_UTR,Conflicting classifications of pathogenicity,0.9783,5_prime_UTR_variant,0.2,MODIFIER,,CFTR,0.989,B_architecture
VCV000189027,117479634,NC_000007.14:g.117479634A>G,,other,Conflicting classifications of pathogenicity,0.9643,5_prime_UTR_variant,0.2,MODIFIER,,CFTR,0.989,B_architecture
VCV000439085,117479647,NC_000007.14:g.117479647A>G,,other,Conflicting classifications of pathogenicity,0.9649,5_prime_UTR_variant,0.2,MODIFIER,,CFTR,0.989,B_architecture
VCV000237853,117479807,NM_000492.4(CFTR):c.-288G>C,,5_prime_UTR,Conflicting classifications of pathogenicity,0.978,intron_variant,0.15,MODIFIER,,CFTR,0.989,B_architecture
VCV001132414,117479861,NM_000492.4(CFTR):c.-234T>A,,5_prime_UTR,Conflicting classifications of pathogenicity,0.9785,intron_variant,0.15,MODIFIER,,CFTR,0.989,B_architecture
VCV000051031,117479869,NM_000492.4(CFTR):c.-226G>T,,5_prime_UTR,Conflicting classifications of pathogenicity,0.9785,intron_variant,0.15,MODIFIER,,CFTR,0.989,B_architecture
VCV000552672,117480061,NM_000492.4(CFTR):c.-34C>T,,5_prime_UTR,Conflicting classifications of pathogenicity,0.9705,5_prime_UTR_variant,0.2,MODIFIER,,CFTR,0.989,B_architecture
VCV000918315,11089358,NC_000019.10:g.11089358C>A,,other,Conflicting classifications of pathogenicity,0.9734,upstream_gene_variant,0.15,MODIFIER,,LDLR,0.996,B_architecture
VCV000226300,11089409,NC_000019.10:g.11089409C>T,,other,Conflicting classifications of pathogenicity,0.9727,upstream_gene_variant,0.15,MODIFIER,,LDLR,0.996,B_architecture
VCV000250951,11089410,NC_000019.10:g.11089410C>G,,other,Conflicting classifications of pathogenicity,0.9739,upstream_gene_variant,0.15,MODIFIER,,LDLR,0.996,B_architecture
VCV000226302,11089428,NM_000527.5(LDLR):c.-121T>C,,5_prime_UTR,Conflicting classifications of pathogenicity,0.9833,5_prime_UTR_variant,0.2,MODIFIER,,LDLR,0.996,B_architecture
VCV000892549,11089452,NM_000527.4(LDLR):c.-97G>T,,5_prime_UTR,Conflicting classifications of pathogenicity,0.983,5_prime_UTR_variant,0.2,MODIFIER,,LDLR,0.996,B_architecture
VCV003386967,11089465,NM_000527.5(LDLR):c.-84G>A,,5_prime_UTR,Conflicting classifications of pathogenicity,0.9833,5_prime_UTR_variant,0.2,MODIFIER,,LDLR,0.996,B_architecture
VCV000250961,11089526,NM_000527.5(LDLR):c.-23A>C,,5_prime_UTR,Conflicting classifications of pathogenicity,0.984,5_prime_UTR_variant,0.2,MODIFIER,,LDLR,0.996,B_architecture
VCV000125900,43095847,c.668dup,,frameshift,Conflicting classifications of pathogenicity,0.9826,,-1.0,,,BRCA1,0.985,D_coverage_gap
VCV000055659,43095848,c.668del,,frameshift,Conflicting classifications of pathogenicity,0.9818,,-1.0,,,BRCA1,0.985,D_coverage_gap
VCV000267609,43095890,c.626del,,frameshift,Conflicting classifications of pathogenicity,0.9835,,-1.0,,,BRCA1,0.985,D_coverage_gap
VCV000839591,43095912,c.604del,,frameshift,Conflicting classifications of pathogenicity,0.9836,,-1.0,,,BRCA1,0.985,D_coverage_gap
VCV000406576,7674299,NM_000546.6(TP53):c.673-9del,,splice_region,Conflicting classifications of pathogenicity,0.9812,,-1.0,,,TP53,0.982,D_coverage_gap
VCV000928237,7674851,NM_000546.6(TP53):c.672+6_672+8delinsTTG,,splice_region,Conflicting classifications of pathogenicity,0.9818,,-1.0,,,TP53,0.982,D_coverage_gap
VCV000634775,7675067,c.545del,,frameshift,Conflicting classifications of pathogenicity,0.969,,-1.0,,,TP53,0.982,D_coverage_gap
VCV000634698,7675219,c.393del,,frameshift,Conflicting classifications of pathogenicity,0.9687,,-1.0,,,TP53,0.982,D_coverage_gap
VCV000090442,36993638,c.91_92delinsTG,,inframe_indel,Conflicting classifications of pathogenicity,0.955,,-1.0,,,MLH1,0.972,D_coverage_gap
VCV001144671,117479051,NM_000492.3(CFTR):c.-1043dup,,5_prime_UTR,Conflicting classifications of pathogenicity,0.9784,,-1.0,,,CFTR,0.989,D_coverage_gap
VCV000553079,117559665,NM_000492.4(CFTR):c.1584+11_1584+13dup,,splice_region,Conflicting classifications of pathogenicity,0.9594,,-1.0,,,CFTR,0.989,D_coverage_gap
VCV000554395,117667002,c.4339del,,frameshift,Conflicting classifications of pathogenicity,0.9888,,-1.0,,,CFTR,0.989,D_coverage_gap
VCV001699602,117667056,c.4392del,,frameshift,Conflicting classifications of pathogenicity,0.9886,,-1.0,,,CFTR,0.989,D_coverage_gap
VCV000468706,87864533,c.64G>T,p.Asp22Tyr,missense,Conflicting classifications of pathogenicity,0.9392,,-1.0,,-1.0,PTEN,0.989,D_coverage_gap
VCV000486221,87864534,c.65A>G,p.Asp22Gly,missense,Conflicting classifications of pathogenicity,0.9384,,-1.0,,-1.0,PTEN,0.989,D_coverage_gap
VCV002827098,87864537,c.68T>C,p.Leu23Ser,missense,Conflicting classifications of pathogenicity,0.9389,,-1.0,,-1.0,PTEN,0.989,D_coverage_gap
VCV000189460,87864543,c.74T>C,p.Leu25Ser,missense,Conflicting classifications of pathogenicity,0.9382,,-1.0,,-1.0,PTEN,0.989,D_coverage_gap
VCV000844343,87952119,c.494G>A,p.Gly165Glu,missense,Conflicting classifications of pathogenicity,0.9886,,-1.0,,-1.0,PTEN,0.989,D_coverage_gap
VCV000187015,87952121,c.496G>A,p.Val166Ile,missense,Conflicting classifications of pathogenicity,0.9875,,-1.0,,-1.0,PTEN,0.989,D_coverage_gap
VCV001686107,87952124,c.499A>G,p.Thr167Ala,missense,Conflicting classifications of pathogenicity,0.9872,,-1.0,,-1.0,PTEN,0.989,D_coverage_gap
VCV000468694,87952128,c.503T>C,p.Ile168Thr,missense,Conflicting classifications of pathogenicity,0.9878,,-1.0,,-1.0,PTEN,0.989,D_coverage_gap
VCV000573168,87952137,c.512A>C,p.Gln171Pro,missense,Conflicting classifications of pathogenicity,0.9887,,-1.0,,-1.0,PTEN,0.989,D_coverage_gap
VCV003707469,87952138,c.513G>T,p.Gln171His,missense,Conflicting classifications of pathogenicity,0.9867,,-1.0,,-1.0,PTEN,0.989,D_coverage_gap
VCV000404142,87952142,c.517C>A,p.Arg173Ser,missense,Conflicting classifications of pathogenicity,0.9872,,-1.0,,-1.0,PTEN,0.989,D_coverage_gap
VCV003220859,87952145,c.520T>C,p.Tyr174His,missense,Conflicting classifications of pathogenicity,0.9872,,-1.0,,-1.0,PTEN,0.989,D_coverage_gap
VCV000185585,87952152,c.527A>G,p.Tyr176Cys,missense,Conflicting classifications of pathogenicity,0.9886,,-1.0,,-1.0,PTEN,0.989,D_coverage_gap
VCV000988005,87952154,c.529T>G,p.Tyr177Asp,missense,Conflicting classifications of pathogenicity,0.9878,,-1.0,,-1.0,PTEN,0.989,D_coverage_gap
VCV000189413,87952158,c.533A>G,p.Tyr178Cys,missense,Conflicting classifications of pathogenicity,0.9888,,-1.0,,-1.0,PTEN,0.989,D_coverage_gap
VCV000481129,87952163,c.538T>C,p.Tyr180His,missense,Conflicting classifications of pathogenicity,0.9879,,-1.0,,-1.0,PTEN,0.989,D_coverage_gap
VCV001401407,87952187,c.562T>G,p.Tyr188Asp,missense,Conflicting classifications of pathogenicity,0.9878,,-1.0,,-1.0,PTEN,0.989,D_coverage_gap
VCV001319460,87952188,c.563A>G,p.Tyr188Cys,missense,Conflicting classifications of pathogenicity,0.9881,,-1.0,,-1.0,PTEN,0.989,D_coverage_gap
VCV000431875,87952203,c.578T>C,p.Leu193Pro,missense,Conflicting classifications of pathogenicity,0.9876,,-1.0,,-1.0,PTEN,0.989,D_coverage_gap
VCV001750675,87952219,c.594G>A,p.Met198Ile,missense,Conflicting classifications of pathogenicity,0.9873,,-1.0,,-1.0,PTEN,0.989,D_coverage_gap
VCV000919891,87952220,c.595A>T,p.Met199Leu,missense,Conflicting classifications of pathogenicity,0.9877,,-1.0,,-1.0,PTEN,0.989,D_coverage_gap
VCV000629479,87952220,c.595A>G,p.Met199Val,missense,Conflicting classifications of pathogenicity,0.9877,,-1.0,,-1.0,PTEN,0.989,D_coverage_gap
VCV000578650,87952232,c.607A>G,p.Ile203Val,missense,Conflicting classifications of pathogenicity,0.9868,,-1.0,,-1.0,PTEN,0.989,D_coverage_gap
VCV000468704,87952235,c.610C>T,p.Pro204Ser,missense,Conflicting classifications of pathogenicity,0.9862,,-1.0,,-1.0,PTEN,0.989,D_coverage_gap
VCV000480381,87952239,c.614T>C,p.Met205Thr,missense,Conflicting classifications of pathogenicity,0.9879,,-1.0,,-1.0,PTEN,0.989,D_coverage_gap
VCV000490114,87952250,c.625G>A,p.Gly209Arg,missense,Conflicting classifications of pathogenicity,0.9876,,-1.0,,-1.0,PTEN,0.989,D_coverage_gap
VCV001066560,87965428,c.1168G>T,p.Glu390Ter,nonsense,Conflicting classifications of pathogenicity,0.987,,-1.0,,-1.0,PTEN,0.989,D_coverage_gap
VCV000250943,11089394,NC_000019.10:g.11089394_11089395delinsTTCTGCAAACTCCT,,other,Conflicting classifications of pathogenicity,0.973,,-1.0,,,LDLR,0.996,D_coverage_gap
VCV000919994,11089409,NM_000527.4(LDLR):c.-139_-130delCTCCCCCTGC,,other,Conflicting classifications of pathogenicity,0.9727,,-1.0,,,LDLR,0.996,D_coverage_gap
VCV000003745,11089411,NM_000527.5(LDLR):c.-138del,,5_prime_UTR,Conflicting classifications of pathogenicity,0.9837,,-1.0,,,LDLR,0.996,D_coverage_gap
VCV000252276,11125280,NM_000527.5(LDLR):c.2311+1941_*1216dup,,splice_region,Conflicting classifications of pathogenicity,0.9939,,-1.0,,,LDLR,0.996,D_coverage_gap
VCV000252319,11129515,c.2392CTC[1],,inframe_deletion,Conflicting classifications of pathogenicity,0.9864,,-1.0,,,LDLR,0.996,D_coverage_gap
VCV000226394,11129516,c.2397_2405del,,inframe_deletion,Conflicting classifications of pathogenicity,0.9864,,-1.0,,,LDLR,0.996,D_coverage_gap
VCV000438330,11129521,c.2407_2424del,,inframe_deletion,Conflicting classifications of pathogenicity,0.9863,,-1.0,,,LDLR,0.996,D_coverage_gap
VCV000440700,11129622,c.2500del,,frameshift,Conflicting classifications of pathogenicity,0.9543,,-1.0,,,LDLR,0.996,D_coverage_gap
VCV000237871,11131281,c.2551_2554del,,frameshift,Conflicting classifications of pathogenicity,0.9703,,-1.0,,,LDLR,0.996,D_coverage_gap
