Pearl_Variant,Pearl_Position,Pearl_Category,Target_Element,Target_Type,Target_Position,SSIM_Pearl_Only,SSIM_Pearl_Plus_Deletion,Recovery,Recovery_Pct
c.-79A>C,5226774,promoter,CTCF_5212k,CTCF,5212000,0.972647,0.972422,-0.000225,-0.82
c.-79A>C,5226774,promoter,CTCF_5218k,CTCF,5218000,0.972647,0.971815,-0.000832,-3.04
c.-79A>C,5226774,promoter,CTCF_5224k,CTCF,5224000,0.972647,0.971,-0.001647,-6.02
c.-79A>C,5226774,promoter,CTCF_5228k_proximal,CTCF,5228000,0.972647,0.968652,-0.003994,-14.6
c.-79A>C,5226774,promoter,CTCF_5232k,CTCF,5232000,0.972647,0.967817,-0.004829,-17.66
c.-79A>C,5226774,promoter,CTCF_5236k,CTCF,5236000,0.972647,0.971595,-0.001052,-3.85
c.-79A>C,5226774,promoter,CTCF_5248k_HS3,CTCF,5248029,0.972647,0.966875,-0.005772,-21.1
c.-79A>C,5226774,promoter,CTCF_5258k,CTCF,5257994,0.972647,0.970804,-0.001843,-6.74
c.-79A>C,5226774,promoter,CTCF_5291k,CTCF,5291200,0.972647,0.972177,-0.00047,-1.72
c.-79A>C,5226774,promoter,CTCF_5303k_boundary,CTCF,5302700,0.972647,0.972413,-0.000233,-0.85
c.-79A>C,5226774,promoter,HBB_promoter_enh,Enhancer,5227000,0.972647,0.927077,-0.045569,-166.6
c.-79A>C,5226774,promoter,3prime_HS1,Enhancer,5225500,0.972647,0.941185,-0.031462,-115.02
c.-79A>C,5226774,promoter,LCR_HS2_proximal,Enhancer,5230000,0.972647,0.945533,-0.027114,-99.13
c.-79A>C,5226774,promoter,LCR_HS3_proximal,Enhancer,5233000,0.972647,0.949999,-0.022647,-82.8
c.-79A>C,5226774,promoter,downstream_enhancer,Enhancer,5220000,0.972647,0.958756,-0.013891,-50.78
c.-79A>C,5226774,promoter,HS2_core,Enhancer,5246696,0.972647,0.949444,-0.023202,-84.82
c.-79A>C,5226774,promoter,HS3_region,Enhancer,5248029,0.972647,0.953678,-0.018969,-69.35
c.-79A>C,5226774,promoter,HS4_region,Enhancer,5255870,0.972647,0.958412,-0.014235,-52.04
c.-80T>C,5226775,promoter,CTCF_5212k,CTCF,5212000,0.972647,0.972422,-0.000225,-0.82
c.-80T>C,5226775,promoter,CTCF_5218k,CTCF,5218000,0.972647,0.971815,-0.000832,-3.04
c.-80T>C,5226775,promoter,CTCF_5224k,CTCF,5224000,0.972647,0.971,-0.001647,-6.02
c.-80T>C,5226775,promoter,CTCF_5228k_proximal,CTCF,5228000,0.972647,0.968652,-0.003994,-14.6
c.-80T>C,5226775,promoter,CTCF_5232k,CTCF,5232000,0.972647,0.967817,-0.004829,-17.66
c.-80T>C,5226775,promoter,CTCF_5236k,CTCF,5236000,0.972647,0.971595,-0.001052,-3.85
c.-80T>C,5226775,promoter,CTCF_5248k_HS3,CTCF,5248029,0.972647,0.966875,-0.005772,-21.1
c.-80T>C,5226775,promoter,CTCF_5258k,CTCF,5257994,0.972647,0.970804,-0.001843,-6.74
c.-80T>C,5226775,promoter,CTCF_5291k,CTCF,5291200,0.972647,0.972177,-0.00047,-1.72
c.-80T>C,5226775,promoter,CTCF_5303k_boundary,CTCF,5302700,0.972647,0.972413,-0.000233,-0.85
c.-80T>C,5226775,promoter,HBB_promoter_enh,Enhancer,5227000,0.972647,0.927077,-0.045569,-166.6
c.-80T>C,5226775,promoter,3prime_HS1,Enhancer,5225500,0.972647,0.941185,-0.031462,-115.02
c.-80T>C,5226775,promoter,LCR_HS2_proximal,Enhancer,5230000,0.972647,0.945533,-0.027114,-99.13
c.-80T>C,5226775,promoter,LCR_HS3_proximal,Enhancer,5233000,0.972647,0.949999,-0.022647,-82.8
c.-80T>C,5226775,promoter,downstream_enhancer,Enhancer,5220000,0.972647,0.958756,-0.013891,-50.78
c.-80T>C,5226775,promoter,HS2_core,Enhancer,5246696,0.972647,0.949444,-0.023202,-84.82
c.-80T>C,5226775,promoter,HS3_region,Enhancer,5248029,0.972647,0.953678,-0.018969,-69.35
c.-80T>C,5226775,promoter,HS4_region,Enhancer,5255870,0.972647,0.958412,-0.014235,-52.04
c.-138C>A,5226857,promoter,CTCF_5212k,CTCF,5212000,0.974072,0.973847,-0.000226,-0.87
c.-138C>A,5226857,promoter,CTCF_5218k,CTCF,5218000,0.974072,0.973237,-0.000836,-3.22
c.-138C>A,5226857,promoter,CTCF_5224k,CTCF,5224000,0.974072,0.972137,-0.001935,-7.46
c.-138C>A,5226857,promoter,CTCF_5228k_proximal,CTCF,5228000,0.974072,0.970681,-0.003391,-13.08
c.-138C>A,5226857,promoter,CTCF_5232k,CTCF,5232000,0.974072,0.9693,-0.004772,-18.41
c.-138C>A,5226857,promoter,CTCF_5236k,CTCF,5236000,0.974072,0.973014,-0.001058,-4.08
c.-138C>A,5226857,promoter,CTCF_5248k_HS3,CTCF,5248029,0.974072,0.968296,-0.005776,-22.28
c.-138C>A,5226857,promoter,CTCF_5258k,CTCF,5257994,0.974072,0.972213,-0.001859,-7.17
c.-138C>A,5226857,promoter,CTCF_5291k,CTCF,5291200,0.974072,0.97359,-0.000483,-1.86
c.-138C>A,5226857,promoter,CTCF_5303k_boundary,CTCF,5302700,0.974072,0.973837,-0.000236,-0.91
c.-138C>A,5226857,promoter,HBB_promoter_enh,Enhancer,5227000,0.974072,0.930265,-0.043807,-168.96
c.-138C>A,5226857,promoter,3prime_HS1,Enhancer,5225500,0.974072,0.939744,-0.034329,-132.4
c.-138C>A,5226857,promoter,LCR_HS2_proximal,Enhancer,5230000,0.974072,0.947015,-0.027057,-104.36
c.-138C>A,5226857,promoter,LCR_HS3_proximal,Enhancer,5233000,0.974072,0.951574,-0.022499,-86.77
c.-138C>A,5226857,promoter,downstream_enhancer,Enhancer,5220000,0.974072,0.960277,-0.013796,-53.21
c.-138C>A,5226857,promoter,HS2_core,Enhancer,5246696,0.974072,0.95104,-0.023032,-88.83
c.-138C>A,5226857,promoter,HS3_region,Enhancer,5248029,0.974072,0.955251,-0.018822,-72.59
c.-138C>A,5226857,promoter,HS4_region,Enhancer,5255870,0.974072,0.959937,-0.014136,-54.52
c.20A>T,5226933,missense,CTCF_5212k,CTCF,5212000,0.974072,0.973847,-0.000226,-0.87
c.20A>T,5226933,missense,CTCF_5218k,CTCF,5218000,0.974072,0.973237,-0.000836,-3.22
c.20A>T,5226933,missense,CTCF_5224k,CTCF,5224000,0.974072,0.972137,-0.001935,-7.46
c.20A>T,5226933,missense,CTCF_5228k_proximal,CTCF,5228000,0.974072,0.970681,-0.003391,-13.08
c.20A>T,5226933,missense,CTCF_5232k,CTCF,5232000,0.974072,0.9693,-0.004772,-18.41
c.20A>T,5226933,missense,CTCF_5236k,CTCF,5236000,0.974072,0.973014,-0.001058,-4.08
c.20A>T,5226933,missense,CTCF_5248k_HS3,CTCF,5248029,0.974072,0.968296,-0.005776,-22.28
c.20A>T,5226933,missense,CTCF_5258k,CTCF,5257994,0.974072,0.972213,-0.001859,-7.17
c.20A>T,5226933,missense,CTCF_5291k,CTCF,5291200,0.974072,0.97359,-0.000483,-1.86
c.20A>T,5226933,missense,CTCF_5303k_boundary,CTCF,5302700,0.974072,0.973837,-0.000236,-0.91
c.20A>T,5226933,missense,HBB_promoter_enh,Enhancer,5227000,0.974072,0.930265,-0.043807,-168.96
c.20A>T,5226933,missense,3prime_HS1,Enhancer,5225500,0.974072,0.939744,-0.034329,-132.4
c.20A>T,5226933,missense,LCR_HS2_proximal,Enhancer,5230000,0.974072,0.947015,-0.027057,-104.36
c.20A>T,5226933,missense,LCR_HS3_proximal,Enhancer,5233000,0.974072,0.951574,-0.022499,-86.77
c.20A>T,5226933,missense,downstream_enhancer,Enhancer,5220000,0.974072,0.960277,-0.013796,-53.21
c.20A>T,5226933,missense,HS2_core,Enhancer,5246696,0.974072,0.95104,-0.023032,-88.83
c.20A>T,5226933,missense,HS3_region,Enhancer,5248029,0.974072,0.955251,-0.018822,-72.59
c.20A>T,5226933,missense,HS4_region,Enhancer,5255870,0.974072,0.959937,-0.014136,-54.52
c.50dup,5227002,frameshift,CTCF_5212k,CTCF,5212000,0.952904,0.952723,-0.000182,-0.39
c.50dup,5227002,frameshift,CTCF_5218k,CTCF,5218000,0.952904,0.952206,-0.000698,-1.48
c.50dup,5227002,frameshift,CTCF_5224k,CTCF,5224000,0.952904,0.951419,-0.001486,-3.15
c.50dup,5227002,frameshift,CTCF_5228k_proximal,CTCF,5228000,0.952904,0.950776,-0.002128,-4.52
c.50dup,5227002,frameshift,CTCF_5232k,CTCF,5232000,0.952904,0.948407,-0.004497,-9.55
c.50dup,5227002,frameshift,CTCF_5236k,CTCF,5236000,0.952904,0.952051,-0.000854,-1.81
c.50dup,5227002,frameshift,CTCF_5248k_HS3,CTCF,5248029,0.952904,0.94755,-0.005354,-11.37
c.50dup,5227002,frameshift,CTCF_5258k,CTCF,5257994,0.952904,0.951468,-0.001436,-3.05
c.50dup,5227002,frameshift,CTCF_5291k,CTCF,5291200,0.952904,0.952719,-0.000185,-0.39
c.50dup,5227002,frameshift,CTCF_5303k_boundary,CTCF,5302700,0.952904,0.952738,-0.000167,-0.35
c.50dup,5227002,frameshift,HBB_promoter_enh,Enhancer,5227000,0.952904,0.920973,-0.031932,-67.8
c.50dup,5227002,frameshift,3prime_HS1,Enhancer,5225500,0.952904,0.921802,-0.031102,-66.04
c.50dup,5227002,frameshift,LCR_HS2_proximal,Enhancer,5230000,0.952904,0.924382,-0.028522,-60.56
c.50dup,5227002,frameshift,LCR_HS3_proximal,Enhancer,5233000,0.952904,0.92916,-0.023744,-50.42
c.50dup,5227002,frameshift,downstream_enhancer,Enhancer,5220000,0.952904,0.93826,-0.014644,-31.1
c.50dup,5227002,frameshift,HS2_core,Enhancer,5246696,0.952904,0.928333,-0.024571,-52.17
c.50dup,5227002,frameshift,HS3_region,Enhancer,5248029,0.952904,0.932687,-0.020217,-42.93
c.50dup,5227002,frameshift,HS4_region,Enhancer,5255870,0.952904,0.937861,-0.015044,-31.94
c.93-1G>A,5227055,splice,CTCF_5212k,CTCF,5212000,0.964854,0.964648,-0.000205,-0.58
c.93-1G>A,5227055,splice,CTCF_5218k,CTCF,5218000,0.964854,0.964082,-0.000772,-2.2
c.93-1G>A,5227055,splice,CTCF_5224k,CTCF,5224000,0.964854,0.963144,-0.00171,-4.87
c.93-1G>A,5227055,splice,CTCF_5228k_proximal,CTCF,5228000,0.964854,0.962108,-0.002746,-7.81
c.93-1G>A,5227055,splice,CTCF_5232k,CTCF,5232000,0.964854,0.960204,-0.00465,-13.23
c.93-1G>A,5227055,splice,CTCF_5236k,CTCF,5236000,0.964854,0.963891,-0.000963,-2.74
c.93-1G>A,5227055,splice,CTCF_5248k_HS3,CTCF,5248029,0.964854,0.959268,-0.005586,-15.89
c.93-1G>A,5227055,splice,CTCF_5258k,CTCF,5257994,0.964854,0.963194,-0.00166,-4.72
c.93-1G>A,5227055,splice,CTCF_5291k,CTCF,5291200,0.964854,0.964512,-0.000341,-0.97
c.93-1G>A,5227055,splice,CTCF_5303k_boundary,CTCF,5302700,0.964854,0.96465,-0.000203,-0.58
c.93-1G>A,5227055,splice,HBB_promoter_enh,Enhancer,5227000,0.964854,0.926011,-0.038842,-110.52
c.93-1G>A,5227055,splice,3prime_HS1,Enhancer,5225500,0.964854,0.931745,-0.033108,-94.2
c.93-1G>A,5227055,splice,LCR_HS2_proximal,Enhancer,5230000,0.964854,0.93711,-0.027743,-78.94
c.93-1G>A,5227055,splice,LCR_HS3_proximal,Enhancer,5233000,0.964854,0.941776,-0.023078,-65.66
c.93-1G>A,5227055,splice,downstream_enhancer,Enhancer,5220000,0.964854,0.950664,-0.01419,-40.37
c.93-1G>A,5227055,splice,HS2_core,Enhancer,5246696,0.964854,0.941113,-0.02374,-67.55
c.93-1G>A,5227055,splice,HS3_region,Enhancer,5248029,0.964854,0.945392,-0.019462,-55.37
c.93-1G>A,5227055,splice,HS4_region,Enhancer,5255870,0.964854,0.950297,-0.014557,-41.42
c.118C>T,5227166,missense,CTCF_5212k,CTCF,5212000,0.987457,0.987195,-0.000262,-2.09
c.118C>T,5227166,missense,CTCF_5218k,CTCF,5218000,0.987457,0.986508,-0.00095,-7.57
c.118C>T,5227166,missense,CTCF_5224k,CTCF,5224000,0.987457,0.985072,-0.002385,-19.02
c.118C>T,5227166,missense,CTCF_5228k_proximal,CTCF,5228000,0.987457,0.982747,-0.00471,-37.55
c.118C>T,5227166,missense,CTCF_5232k,CTCF,5232000,0.987457,0.982493,-0.004965,-39.58
c.118C>T,5227166,missense,CTCF_5236k,CTCF,5236000,0.987457,0.986228,-0.001229,-9.8
c.118C>T,5227166,missense,CTCF_5248k_HS3,CTCF,5248029,0.987457,0.981374,-0.006084,-48.5
c.118C>T,5227166,missense,CTCF_5258k,CTCF,5257994,0.987457,0.985237,-0.002221,-17.71
c.118C>T,5227166,missense,CTCF_5291k,CTCF,5291200,0.987457,0.986711,-0.000746,-5.95
c.118C>T,5227166,missense,CTCF_5303k_boundary,CTCF,5302700,0.987457,0.987163,-0.000294,-2.34
c.118C>T,5227166,missense,HBB_promoter_enh,Enhancer,5227000,0.987457,0.937427,-0.050031,-398.89
c.118C>T,5227166,missense,3prime_HS1,Enhancer,5225500,0.987457,0.952268,-0.035189,-280.56
c.118C>T,5227166,missense,LCR_HS2_proximal,Enhancer,5230000,0.987457,0.961622,-0.025835,-205.98
c.118C>T,5227166,missense,LCR_HS3_proximal,Enhancer,5233000,0.987457,0.965977,-0.021481,-171.26
c.118C>T,5227166,missense,downstream_enhancer,Enhancer,5220000,0.987457,0.97435,-0.013107,-104.5
c.118C>T,5227166,missense,HS2_core,Enhancer,5246696,0.987457,0.965636,-0.021821,-173.98
c.118C>T,5227166,missense,HS3_region,Enhancer,5248029,0.987457,0.969718,-0.017739,-141.43
c.118C>T,5227166,missense,HS4_region,Enhancer,5255870,0.987457,0.974056,-0.013401,-106.85
IVS-II-1,5226796,splice,CTCF_5212k,CTCF,5212000,0.962975,0.962771,-0.000204,-0.55
IVS-II-1,5226796,splice,CTCF_5218k,CTCF,5218000,0.962975,0.962208,-0.000767,-2.07
IVS-II-1,5226796,splice,CTCF_5224k,CTCF,5224000,0.962975,0.961589,-0.001387,-3.74
IVS-II-1,5226796,splice,CTCF_5228k_proximal,CTCF,5228000,0.962975,0.95956,-0.003415,-9.22
IVS-II-1,5226796,splice,CTCF_5232k,CTCF,5232000,0.962975,0.958264,-0.004711,-12.72
IVS-II-1,5226796,splice,CTCF_5236k,CTCF,5236000,0.962975,0.96202,-0.000956,-2.58
IVS-II-1,5226796,splice,CTCF_5248k_HS3,CTCF,5248029,0.962975,0.957397,-0.005579,-15.07
IVS-II-1,5226796,splice,CTCF_5258k,CTCF,5257994,0.962975,0.961333,-0.001642,-4.44
IVS-II-1,5226796,splice,CTCF_5291k,CTCF,5291200,0.962975,0.962648,-0.000328,-0.88
IVS-II-1,5226796,splice,CTCF_5303k_boundary,CTCF,5302700,0.962975,0.962775,-0.000201,-0.54
IVS-II-1,5226796,splice,HBB_promoter_enh,Enhancer,5227000,0.962975,0.921087,-0.041888,-113.14
IVS-II-1,5226796,splice,3prime_HS1,Enhancer,5225500,0.962975,0.934569,-0.028406,-76.72
IVS-II-1,5226796,splice,LCR_HS2_proximal,Enhancer,5230000,0.962975,0.935147,-0.027829,-75.16
IVS-II-1,5226796,splice,LCR_HS3_proximal,Enhancer,5233000,0.962975,0.939721,-0.023254,-62.81
IVS-II-1,5226796,splice,downstream_enhancer,Enhancer,5220000,0.962975,0.948673,-0.014302,-38.63
IVS-II-1,5226796,splice,HS2_core,Enhancer,5246696,0.962975,0.939031,-0.023944,-64.67
IVS-II-1,5226796,splice,HS3_region,Enhancer,5248029,0.962975,0.943337,-0.019639,-53.04
IVS-II-1,5226796,splice,HS4_region,Enhancer,5255870,0.962975,0.948301,-0.014675,-39.63
c.249G>C,5225600,missense,CTCF_5212k,CTCF,5212000,0.989099,0.988833,-0.000266,-2.44
c.249G>C,5225600,missense,CTCF_5218k,CTCF,5218000,0.989099,0.988137,-0.000962,-8.83
c.249G>C,5225600,missense,CTCF_5224k,CTCF,5224000,0.989099,0.987018,-0.002081,-19.09
c.249G>C,5225600,missense,CTCF_5228k_proximal,CTCF,5228000,0.989099,0.98304,-0.00606,-55.59
c.249G>C,5225600,missense,CTCF_5232k,CTCF,5232000,0.989099,0.984083,-0.005017,-46.02
c.249G>C,5225600,missense,CTCF_5236k,CTCF,5236000,0.989099,0.987849,-0.00125,-11.47
c.249G>C,5225600,missense,CTCF_5248k_HS3,CTCF,5248029,0.989099,0.982991,-0.006109,-56.04
c.249G>C,5225600,missense,CTCF_5258k,CTCF,5257994,0.989099,0.986833,-0.002266,-20.79
c.249G>C,5225600,missense,CTCF_5291k,CTCF,5291200,0.989099,0.988318,-0.000781,-7.17
c.249G>C,5225600,missense,CTCF_5303k_boundary,CTCF,5302700,0.989099,0.988798,-0.000301,-2.76
c.249G>C,5225600,missense,HBB_promoter_enh,Enhancer,5227000,0.989099,0.939193,-0.049906,-457.82
c.249G>C,5225600,missense,3prime_HS1,Enhancer,5225500,0.989099,0.955418,-0.033681,-308.98
c.249G>C,5225600,missense,LCR_HS2_proximal,Enhancer,5230000,0.989099,0.963604,-0.025495,-233.89
c.249G>C,5225600,missense,LCR_HS3_proximal,Enhancer,5233000,0.989099,0.967814,-0.021285,-195.27
c.249G>C,5225600,missense,downstream_enhancer,Enhancer,5220000,0.989099,0.97612,-0.01298,-119.07
c.249G>C,5225600,missense,HS2_core,Enhancer,5246696,0.989099,0.967498,-0.021601,-198.16
c.249G>C,5225600,missense,HS3_region,Enhancer,5248029,0.989099,0.971551,-0.017549,-160.99
c.249G>C,5225600,missense,HS4_region,Enhancer,5255870,0.989099,0.975832,-0.013267,-121.71
c.315+1G>A,5225300,splice,CTCF_5212k,CTCF,5212000,0.981383,0.981151,-0.000233,-1.25
c.315+1G>A,5225300,splice,CTCF_5218k,CTCF,5218000,0.981383,0.98053,-0.000854,-4.59
c.315+1G>A,5225300,splice,CTCF_5224k,CTCF,5224000,0.981383,0.97989,-0.001493,-8.02
c.315+1G>A,5225300,splice,CTCF_5228k_proximal,CTCF,5228000,0.981383,0.975396,-0.005987,-32.16
c.315+1G>A,5225300,splice,CTCF_5232k,CTCF,5232000,0.981383,0.976558,-0.004825,-25.92
c.315+1G>A,5225300,splice,CTCF_5236k,CTCF,5236000,0.981383,0.980289,-0.001095,-5.88
c.315+1G>A,5225300,splice,CTCF_5248k_HS3,CTCF,5248029,0.981383,0.975584,-0.005799,-31.15
c.315+1G>A,5225300,splice,CTCF_5258k,CTCF,5257994,0.981383,0.979434,-0.00195,-10.47
c.315+1G>A,5225300,splice,CTCF_5291k,CTCF,5291200,0.981383,0.980828,-0.000556,-2.99
c.315+1G>A,5225300,splice,CTCF_5303k_boundary,CTCF,5302700,0.981383,0.981135,-0.000249,-1.33
c.315+1G>A,5225300,splice,HBB_promoter_enh,Enhancer,5227000,0.981383,0.933756,-0.047628,-255.84
c.315+1G>A,5225300,splice,3prime_HS1,Enhancer,5225500,0.981383,0.953272,-0.028112,-151
c.315+1G>A,5225300,splice,LCR_HS2_proximal,Enhancer,5230000,0.981383,0.955407,-0.025976,-139.53
c.315+1G>A,5225300,splice,LCR_HS3_proximal,Enhancer,5233000,0.981383,0.959676,-0.021707,-116.6
c.315+1G>A,5225300,splice,downstream_enhancer,Enhancer,5220000,0.981383,0.968092,-0.013291,-71.4
c.315+1G>A,5225300,splice,HS2_core,Enhancer,5246696,0.981383,0.95925,-0.022134,-118.89
c.315+1G>A,5225300,splice,HS3_region,Enhancer,5248029,0.981383,0.963337,-0.018046,-96.94
c.315+1G>A,5225300,splice,HS4_region,Enhancer,5255870,0.981383,0.967775,-0.013608,-73.1