Position,Bin,Effect_Level,Effect_Strength,SSIM,Delta_SSIM,Near_Enhancer,Near_CTCF,Enhancer_Dist,CTCF_Dist
5210000,0,severe,0.1,0.9995,0.0005,false,false,10000,2000
5210000,0,strong,0.3,0.9997,0.0003,false,false,10000,2000
5210000,0,moderate,0.5,0.9999,0.0001,false,false,10000,2000
5210000,0,weak,0.8,1,0,false,false,10000,2000
5210600,1,severe,0.1,0.9991,0.0009,false,false,9400,1400
5210600,1,strong,0.3,0.9994,0.0006,false,false,9400,1400
5210600,1,moderate,0.5,0.9998,0.0002,false,false,9400,1400
5210600,1,weak,0.8,1,0,false,false,9400,1400
5211200,2,severe,0.1,0.999,0.001,false,true,8800,800
5211200,2,strong,0.3,0.9994,0.0006,false,true,8800,800
5211200,2,moderate,0.5,0.9997,0.0003,false,true,8800,800
5211200,2,weak,0.8,1,0,false,true,8800,800
5211800,3,severe,0.1,0.9989,0.0011,false,true,8200,200
5211800,3,strong,0.3,0.9993,0.0007,false,true,8200,200
5211800,3,moderate,0.5,0.9997,0.0003,false,true,8200,200
5211800,3,weak,0.8,1,0,false,true,8200,200
5212400,4,severe,0.1,0.999,0.001,false,true,7600,400
5212400,4,strong,0.3,0.9993,0.0007,false,true,7600,400
5212400,4,moderate,0.5,0.9997,0.0003,false,true,7600,400
5212400,4,weak,0.8,1,0,false,true,7600,400
5213000,5,severe,0.1,0.9989,0.0011,false,true,7000,1000
5213000,5,strong,0.3,0.9993,0.0007,false,true,7000,1000
5213000,5,moderate,0.5,0.9997,0.0003,false,true,7000,1000
5213000,5,weak,0.8,1,0,false,true,7000,1000
5213600,6,severe,0.1,0.999,0.001,false,false,6400,1600
5213600,6,strong,0.3,0.9994,0.0006,false,false,6400,1600
5213600,6,moderate,0.5,0.9997,0.0003,false,false,6400,1600
5213600,6,weak,0.8,1,0,false,false,6400,1600
5214200,7,severe,0.1,0.9989,0.0011,false,false,5800,2200
5214200,7,strong,0.3,0.9994,0.0006,false,false,5800,2200
5214200,7,moderate,0.5,0.9997,0.0003,false,false,5800,2200
5214200,7,weak,0.8,1,0,false,false,5800,2200
5214800,8,severe,0.1,0.9988,0.0012,false,false,5200,2800
5214800,8,strong,0.3,0.9994,0.0006,false,false,5200,2800
5214800,8,moderate,0.5,0.9997,0.0003,false,false,5200,2800
5214800,8,weak,0.8,1,0,false,false,5200,2800
5215400,9,severe,0.1,0.9989,0.0011,false,false,4600,2600
5215400,9,strong,0.3,0.9994,0.0006,false,false,4600,2600
5215400,9,moderate,0.5,0.9997,0.0003,false,false,4600,2600
5215400,9,weak,0.8,1,0,false,false,4600,2600
5216000,10,severe,0.1,0.9989,0.0011,false,false,4000,2000
5216000,10,strong,0.3,0.9994,0.0006,false,false,4000,2000
5216000,10,moderate,0.5,0.9997,0.0003,false,false,4000,2000
5216000,10,weak,0.8,1,0,false,false,4000,2000
5216600,11,severe,0.1,0.9984,0.0016,false,false,3400,1400
5216600,11,strong,0.3,0.9987,0.0013,false,false,3400,1400
5216600,11,moderate,0.5,0.9997,0.0003,false,false,3400,1400
5216600,11,weak,0.8,1,0,false,false,3400,1400
5217200,12,severe,0.1,0.9984,0.0016,false,true,2800,800
5217200,12,strong,0.3,0.9987,0.0013,false,true,2800,800
5217200,12,moderate,0.5,0.9997,0.0003,false,true,2800,800
5217200,12,weak,0.8,1,0,false,true,2800,800
5217800,13,severe,0.1,0.9979,0.0021,false,true,2200,200
5217800,13,strong,0.3,0.9985,0.0015,false,true,2200,200
5217800,13,moderate,0.5,0.9996,0.0004,false,true,2200,200
5217800,13,weak,0.8,0.9999,0.0001,false,true,2200,200
5218400,14,severe,0.1,0.9967,0.0033,true,true,1600,400
5218400,14,strong,0.3,0.9978,0.0022,true,true,1600,400
5218400,14,moderate,0.5,0.9993,0.0007,true,true,1600,400
5218400,14,weak,0.8,0.9999,0.0001,true,true,1600,400
5219000,15,severe,0.1,0.9933,0.0067,true,true,1000,1000
5219000,15,strong,0.3,0.9959,0.0041,true,true,1000,1000
5219000,15,moderate,0.5,0.9983,0.0017,true,true,1000,1000
5219000,15,weak,0.8,0.9997,0.0003,true,true,1000,1000
5219600,16,severe,0.1,0.9889,0.0111,true,false,400,1600
5219600,16,strong,0.3,0.9939,0.0061,true,false,400,1600
5219600,16,moderate,0.5,0.997,0.003,true,false,400,1600
5219600,16,weak,0.8,0.9995,0.0005,true,false,400,1600
5220200,17,severe,0.1,0.9881,0.0119,true,false,200,2200
5220200,17,strong,0.3,0.9934,0.0066,true,false,200,2200
5220200,17,moderate,0.5,0.9968,0.0032,true,false,200,2200
5220200,17,weak,0.8,0.9995,0.0005,true,false,200,2200
5220800,18,severe,0.1,0.9922,0.0078,true,false,800,2800
5220800,18,strong,0.3,0.9956,0.0044,true,false,800,2800
5220800,18,moderate,0.5,0.9979,0.0021,true,false,800,2800
5220800,18,weak,0.8,0.9997,0.0003,true,false,800,2800
5221400,19,severe,0.1,0.9963,0.0037,true,false,1400,2600
5221400,19,strong,0.3,0.9979,0.0021,true,false,1400,2600
5221400,19,moderate,0.5,0.999,0.001,true,false,1400,2600
5221400,19,weak,0.8,0.9998,0.0002,true,false,1400,2600
5222000,20,severe,0.1,0.9981,0.0019,true,false,2000,2000
5222000,20,strong,0.3,0.999,0.001,true,false,2000,2000
5222000,20,moderate,0.5,0.9995,0.0005,true,false,2000,2000
5222000,20,weak,0.8,0.9999,0.0001,true,false,2000,2000
5222600,21,severe,0.1,0.9966,0.0034,false,false,2600,1400
5222600,21,strong,0.3,0.9969,0.0031,false,false,2600,1400
5222600,21,moderate,0.5,0.9997,0.0003,false,false,2600,1400
5222600,21,weak,0.8,0.9999,0.0001,false,false,2600,1400
5223200,22,severe,0.1,0.9964,0.0036,false,true,2300,800
5223200,22,strong,0.3,0.9968,0.0032,false,true,2300,800
5223200,22,moderate,0.5,0.9996,0.0004,false,true,2300,800
5223200,22,weak,0.8,0.9999,0.0001,false,true,2300,800
5223800,23,severe,0.1,0.9942,0.0058,true,true,1700,200
5223800,23,strong,0.3,0.9956,0.0044,true,true,1700,200
5223800,23,moderate,0.5,0.999,0.001,true,true,1700,200
5223800,23,weak,0.8,0.9999,0.0001,true,true,1700,200
5224400,24,severe,0.1,0.9878,0.0122,true,true,1100,400
5224400,24,strong,0.3,0.9921,0.0079,true,true,1100,400
5224400,24,moderate,0.5,0.9972,0.0028,true,true,1100,400
5224400,24,weak,0.8,0.9996,0.0004,true,true,1100,400
5225000,25,severe,0.1,0.9738,0.0262,true,true,500,1000
5225000,25,strong,0.3,0.9845,0.0155,true,true,500,1000
5225000,25,moderate,0.5,0.9934,0.0066,true,true,500,1000
5225000,25,weak,0.8,0.999,0.001,true,true,500,1000
5225600,26,severe,0.1,0.959,0.041,true,false,100,1600
5225600,26,strong,0.3,0.9775,0.0225,true,false,100,1600
5225600,26,moderate,0.5,0.9891,0.0109,true,false,100,1600
5225600,26,weak,0.8,0.9984,0.0016,true,false,100,1600
5226200,27,severe,0.1,0.9505,0.0495,true,false,700,1800
5226200,27,strong,0.3,0.9726,0.0274,true,false,700,1800
5226200,27,moderate,0.5,0.9868,0.0132,true,false,700,1800
5226200,27,weak,0.8,0.998,0.002,true,false,700,1800
5226800,28,severe,0.1,0.9508,0.0492,true,false,200,1200
5226800,28,strong,0.3,0.9707,0.0293,true,false,200,1200
5226800,28,moderate,0.5,0.9875,0.0125,true,false,200,1200
5226800,28,weak,0.8,0.9981,0.0019,true,false,200,1200
5227400,29,severe,0.1,0.965,0.035,true,true,400,600
5227400,29,strong,0.3,0.9786,0.0214,true,true,400,600
5227400,29,moderate,0.5,0.9914,0.0086,true,true,400,600
5227400,29,weak,0.8,0.9987,0.0013,true,true,400,600
5228000,30,severe,0.1,0.9796,0.0204,true,true,1000,0
5228000,30,strong,0.3,0.9863,0.0137,true,true,1000,0
5228000,30,moderate,0.5,0.9956,0.0044,true,true,1000,0
5228000,30,weak,0.8,0.9993,0.0007,true,true,1000,0
5228600,31,severe,0.1,0.9867,0.0133,true,true,1400,600
5228600,31,strong,0.3,0.9902,0.0098,true,true,1400,600
5228600,31,moderate,0.5,0.9973,0.0027,true,true,1400,600
5228600,31,weak,0.8,0.9996,0.0004,true,true,1400,600
5229200,32,severe,0.1,0.9831,0.0169,true,false,800,1200
5229200,32,strong,0.3,0.9883,0.0117,true,false,800,1200
5229200,32,moderate,0.5,0.9961,0.0039,true,false,800,1200
5229200,32,weak,0.8,0.9994,0.0006,true,false,800,1200
5229800,33,severe,0.1,0.9796,0.0204,true,false,200,1800
5229800,33,strong,0.3,0.9887,0.0113,true,false,200,1800
5229800,33,moderate,0.5,0.9945,0.0055,true,false,200,1800
5229800,33,weak,0.8,0.9992,0.0008,true,false,200,1800
5230400,34,severe,0.1,0.9803,0.0197,true,false,400,1600
5230400,34,strong,0.3,0.9876,0.0124,true,false,400,1600
5230400,34,moderate,0.5,0.995,0.005,true,false,400,1600
5230400,34,weak,0.8,0.9992,0.0008,true,false,400,1600
5231000,35,severe,0.1,0.9875,0.0125,true,true,1000,1000
5231000,35,strong,0.3,0.9915,0.0085,true,true,1000,1000
5231000,35,moderate,0.5,0.9971,0.0029,true,true,1000,1000
5231000,35,weak,0.8,0.9996,0.0004,true,true,1000,1000
5231600,36,severe,0.1,0.9902,0.0098,true,true,1400,400
5231600,36,strong,0.3,0.993,0.007,true,true,1400,400
5231600,36,moderate,0.5,0.9979,0.0021,true,true,1400,400
5231600,36,weak,0.8,0.9997,0.0003,true,true,1400,400
5232200,37,severe,0.1,0.9871,0.0129,true,true,800,200
5232200,37,strong,0.3,0.9914,0.0086,true,true,800,200
5232200,37,moderate,0.5,0.9969,0.0031,true,true,800,200
5232200,37,weak,0.8,0.9995,0.0005,true,true,800,200
5232800,38,severe,0.1,0.9818,0.0182,true,true,200,800
5232800,38,strong,0.3,0.9885,0.0115,true,true,200,800
5232800,38,moderate,0.5,0.9953,0.0047,true,true,200,800
5232800,38,weak,0.8,0.9993,0.0007,true,true,200,800
5233400,39,severe,0.1,0.9842,0.0158,true,false,400,1400
5233400,39,strong,0.3,0.9912,0.0088,true,false,400,1400
5233400,39,moderate,0.5,0.9957,0.0043,true,false,400,1400
5233400,39,weak,0.8,0.9993,0.0007,true,false,400,1400
5234000,40,severe,0.1,0.9912,0.0088,true,false,1000,2000
5234000,40,strong,0.3,0.9951,0.0049,true,false,1000,2000
5234000,40,moderate,0.5,0.9976,0.0024,true,false,1000,2000
5234000,40,weak,0.8,0.9996,0.0004,true,false,1000,2000
5234600,41,severe,0.1,0.9956,0.0044,true,false,1600,1400
5234600,41,strong,0.3,0.997,0.003,true,false,1600,1400
5234600,41,moderate,0.5,0.999,0.001,true,false,1600,1400
5234600,41,weak,0.8,0.9999,0.0001,true,false,1600,1400
5235200,42,severe,0.1,0.9974,0.0026,false,true,2200,800
5235200,42,strong,0.3,0.998,0.002,false,true,2200,800
5235200,42,moderate,0.5,0.9996,0.0004,false,true,2200,800
5235200,42,weak,0.8,0.9999,0.0001,false,true,2200,800
5235800,43,severe,0.1,0.9978,0.0022,false,true,2800,200
5235800,43,strong,0.3,0.9982,0.0018,false,true,2800,200
5235800,43,moderate,0.5,0.9997,0.0003,false,true,2800,200
5235800,43,weak,0.8,1,0,false,true,2800,200
5236400,44,severe,0.1,0.998,0.002,false,true,3400,400
5236400,44,strong,0.3,0.9984,0.0016,false,true,3400,400
5236400,44,moderate,0.5,0.9997,0.0003,false,true,3400,400
5236400,44,weak,0.8,1,0,false,true,3400,400
5237000,45,severe,0.1,0.998,0.002,false,true,4000,1000
5237000,45,strong,0.3,0.9984,0.0016,false,true,4000,1000
5237000,45,moderate,0.5,0.9997,0.0003,false,true,4000,1000
5237000,45,weak,0.8,1,0,false,true,4000,1000
5237600,46,severe,0.1,0.9989,0.0011,false,false,4600,1600
5237600,46,strong,0.3,0.9994,0.0006,false,false,4600,1600
5237600,46,moderate,0.5,0.9997,0.0003,false,false,4600,1600
5237600,46,weak,0.8,1,0,false,false,4600,1600
5238200,47,severe,0.1,0.999,0.001,false,false,5200,2200
5238200,47,strong,0.3,0.9994,0.0006,false,false,5200,2200
5238200,47,moderate,0.5,0.9997,0.0003,false,false,5200,2200
5238200,47,weak,0.8,1,0,false,false,5200,2200
5238800,48,severe,0.1,0.999,0.001,false,false,5800,2800
5238800,48,strong,0.3,0.9995,0.0005,false,false,5800,2800
5238800,48,moderate,0.5,0.9997,0.0003,false,false,5800,2800
5238800,48,weak,0.8,1,0,false,false,5800,2800
5239400,49,severe,0.1,0.999,0.001,false,false,6400,3400
5239400,49,strong,0.3,0.9995,0.0005,false,false,6400,3400
5239400,49,moderate,0.5,0.9997,0.0003,false,false,6400,3400
5239400,49,weak,0.8,1,0,false,false,6400,3400
5240000,50,severe,0.1,0.9989,0.0011,false,false,6696,4000
5240000,50,strong,0.3,0.9994,0.0006,false,false,6696,4000
5240000,50,moderate,0.5,0.9997,0.0003,false,false,6696,4000
5240000,50,weak,0.8,1,0,false,false,6696,4000
5240600,51,severe,0.1,0.9988,0.0012,false,false,6096,4600
5240600,51,strong,0.3,0.9993,0.0007,false,false,6096,4600
5240600,51,moderate,0.5,0.9997,0.0003,false,false,6096,4600
5240600,51,weak,0.8,1,0,false,false,6096,4600
5241200,52,severe,0.1,0.9987,0.0013,false,false,5496,5200
5241200,52,strong,0.3,0.9993,0.0007,false,false,5496,5200
5241200,52,moderate,0.5,0.9996,0.0004,false,false,5496,5200
5241200,52,weak,0.8,0.9999,0.0001,false,false,5496,5200
5241800,53,severe,0.1,0.9986,0.0014,false,false,4896,5800
5241800,53,strong,0.3,0.9992,0.0008,false,false,4896,5800
5241800,53,moderate,0.5,0.9996,0.0004,false,false,4896,5800
5241800,53,weak,0.8,0.9999,0.0001,false,false,4896,5800
5242400,54,severe,0.1,0.9986,0.0014,false,false,4296,5629
5242400,54,strong,0.3,0.9992,0.0008,false,false,4296,5629
5242400,54,moderate,0.5,0.9996,0.0004,false,false,4296,5629
5242400,54,weak,0.8,0.9999,0.0001,false,false,4296,5629
5243000,55,severe,0.1,0.9987,0.0013,false,false,3696,5029
5243000,55,strong,0.3,0.9993,0.0007,false,false,3696,5029
5243000,55,moderate,0.5,0.9996,0.0004,false,false,3696,5029
5243000,55,weak,0.8,0.9999,0.0001,false,false,3696,5029
5243600,56,severe,0.1,0.9985,0.0015,false,false,3096,4429
5243600,56,strong,0.3,0.9992,0.0008,false,false,3096,4429
5243600,56,moderate,0.5,0.9996,0.0004,false,false,3096,4429
5243600,56,weak,0.8,0.9999,0.0001,false,false,3096,4429
5244200,57,severe,0.1,0.9983,0.0017,false,false,2496,3829
5244200,57,strong,0.3,0.9991,0.0009,false,false,2496,3829
5244200,57,moderate,0.5,0.9996,0.0004,false,false,2496,3829
5244200,57,weak,0.8,0.9999,0.0001,false,false,2496,3829
5244800,58,severe,0.1,0.9973,0.0027,true,false,1896,3229
5244800,58,strong,0.3,0.9985,0.0015,true,false,1896,3229
5244800,58,moderate,0.5,0.9993,0.0007,true,false,1896,3229
5244800,58,weak,0.8,0.9999,0.0001,true,false,1896,3229
5245400,59,severe,0.1,0.9942,0.0058,true,false,1296,2629
5245400,59,strong,0.3,0.9968,0.0032,true,false,1296,2629
5245400,59,moderate,0.5,0.9984,0.0016,true,false,1296,2629
5245400,59,weak,0.8,0.9998,0.0002,true,false,1296,2629
5246000,60,severe,0.1,0.9865,0.0135,true,false,696,2029
5246000,60,strong,0.3,0.9925,0.0075,true,false,696,2029
5246000,60,moderate,0.5,0.9964,0.0036,true,false,696,2029
5246000,60,weak,0.8,0.9994,0.0006,true,false,696,2029
5246600,61,severe,0.1,0.9751,0.0249,true,false,96,1429
5246600,61,strong,0.3,0.9844,0.0156,true,false,96,1429
5246600,61,moderate,0.5,0.9936,0.0064,true,false,96,1429
5246600,61,weak,0.8,0.999,0.001,true,false,96,1429
5247200,62,severe,0.1,0.9707,0.0293,true,true,504,829
5247200,62,strong,0.3,0.9822,0.0178,true,true,504,829
5247200,62,moderate,0.5,0.9922,0.0078,true,true,504,829
5247200,62,weak,0.8,0.9988,0.0012,true,true,504,829
5247800,63,severe,0.1,0.9713,0.0287,true,true,229,229
5247800,63,strong,0.3,0.9827,0.0173,true,true,229,229
5247800,63,moderate,0.5,0.9927,0.0073,true,true,229,229
5247800,63,weak,0.8,0.9989,0.0011,true,true,229,229
5248400,64,severe,0.1,0.9816,0.0184,true,true,371,371
5248400,64,strong,0.3,0.9882,0.0118,true,true,371,371
5248400,64,moderate,0.5,0.9952,0.0048,true,true,371,371
5248400,64,weak,0.8,0.9993,0.0007,true,true,371,371
5249000,65,severe,0.1,0.9892,0.0108,true,true,971,971
5249000,65,strong,0.3,0.992,0.008,true,true,971,971
5249000,65,moderate,0.5,0.9976,0.0024,true,true,971,971
5249000,65,weak,0.8,0.9996,0.0004,true,true,971,971
5249600,66,severe,0.1,0.9965,0.0035,true,false,1571,1571
5249600,66,strong,0.3,0.9981,0.0019,true,false,1571,1571
5249600,66,moderate,0.5,0.9991,0.0009,true,false,1571,1571
5249600,66,weak,0.8,0.9999,0.0001,true,false,1571,1571
5250200,67,severe,0.1,0.9981,0.0019,false,false,2171,2171
5250200,67,strong,0.3,0.9989,0.0011,false,false,2171,2171
5250200,67,moderate,0.5,0.9995,0.0005,false,false,2171,2171
5250200,67,weak,0.8,0.9999,0.0001,false,false,2171,2171
5250800,68,severe,0.1,0.9984,0.0016,false,false,2771,2771
5250800,68,strong,0.3,0.9992,0.0008,false,false,2771,2771
5250800,68,moderate,0.5,0.9996,0.0004,false,false,2771,2771
5250800,68,weak,0.8,0.9999,0.0001,false,false,2771,2771
5251400,69,severe,0.1,0.9986,0.0014,false,false,3371,3371
5251400,69,strong,0.3,0.9992,0.0008,false,false,3371,3371
5251400,69,moderate,0.5,0.9996,0.0004,false,false,3371,3371
5251400,69,weak,0.8,0.9999,0.0001,false,false,3371,3371
5252000,70,severe,0.1,0.9987,0.0013,false,false,3870,3971
5252000,70,strong,0.3,0.9993,0.0007,false,false,3870,3971
5252000,70,moderate,0.5,0.9997,0.0003,false,false,3870,3971
5252000,70,weak,0.8,0.9999,0.0001,false,false,3870,3971
5252600,71,severe,0.1,0.9987,0.0013,false,false,3270,4571
5252600,71,strong,0.3,0.9993,0.0007,false,false,3270,4571
5252600,71,moderate,0.5,0.9997,0.0003,false,false,3270,4571
5252600,71,weak,0.8,0.9999,0.0001,false,false,3270,4571
5253200,72,severe,0.1,0.9985,0.0015,false,false,2670,4794
5253200,72,strong,0.3,0.9992,0.0008,false,false,2670,4794
5253200,72,moderate,0.5,0.9996,0.0004,false,false,2670,4794
5253200,72,weak,0.8,0.9999,0.0001,false,false,2670,4794
5253800,73,severe,0.1,0.998,0.002,false,false,2070,4194
5253800,73,strong,0.3,0.9989,0.0011,false,false,2070,4194
5253800,73,moderate,0.5,0.9995,0.0005,false,false,2070,4194
5253800,73,weak,0.8,0.9999,0.0001,false,false,2070,4194
5254400,74,severe,0.1,0.9963,0.0037,true,false,1470,3594
5254400,74,strong,0.3,0.9979,0.0021,true,false,1470,3594
5254400,74,moderate,0.5,0.999,0.001,true,false,1470,3594
5254400,74,weak,0.8,0.9998,0.0002,true,false,1470,3594
5255000,75,severe,0.1,0.9919,0.0081,true,false,870,2994
5255000,75,strong,0.3,0.9955,0.0045,true,false,870,2994
5255000,75,moderate,0.5,0.9978,0.0022,true,false,870,2994
5255000,75,weak,0.8,0.9997,0.0003,true,false,870,2994
5255600,76,severe,0.1,0.9875,0.0125,true,false,270,2394
5255600,76,strong,0.3,0.9931,0.0069,true,false,270,2394
5255600,76,moderate,0.5,0.9966,0.0034,true,false,270,2394
5255600,76,weak,0.8,0.9995,0.0005,true,false,270,2394
5256200,77,severe,0.1,0.9873,0.0127,true,false,330,1794
5256200,77,strong,0.3,0.9921,0.0079,true,false,330,1794
5256200,77,moderate,0.5,0.9967,0.0033,true,false,330,1794
5256200,77,weak,0.8,0.9995,0.0005,true,false,330,1794
5256800,78,severe,0.1,0.9918,0.0082,true,false,930,1194
5256800,78,strong,0.3,0.9945,0.0055,true,false,930,1194
5256800,78,moderate,0.5,0.998,0.002,true,false,930,1194
5256800,78,weak,0.8,0.9997,0.0003,true,false,930,1194
5257400,79,severe,0.1,0.9953,0.0047,true,true,1530,594
5257400,79,strong,0.3,0.9964,0.0036,true,true,1530,594
5257400,79,moderate,0.5,0.9991,0.0009,true,true,1530,594
5257400,79,weak,0.8,0.9999,0.0001,true,true,1530,594
5258000,80,severe,0.1,0.997,0.003,false,true,2130,6
5258000,80,strong,0.3,0.9973,0.0027,false,true,2130,6
5258000,80,moderate,0.5,0.9996,0.0004,false,true,2130,6
5258000,80,weak,0.8,0.9999,0.0001,false,true,2130,6
5258600,81,severe,0.1,0.9973,0.0027,false,true,2730,606
5258600,81,strong,0.3,0.9975,0.0025,false,true,2730,606
5258600,81,moderate,0.5,0.9997,0.0003,false,true,2730,606
5258600,81,weak,0.8,1,0,false,true,2730,606
5259200,82,severe,0.1,0.9989,0.0011,false,false,3330,1206
5259200,82,strong,0.3,0.9994,0.0006,false,false,3330,1206
5259200,82,moderate,0.5,0.9997,0.0003,false,false,3330,1206
5259200,82,weak,0.8,1,0,false,false,3330,1206
5259800,83,severe,0.1,0.9988,0.0012,false,false,3930,1806
5259800,83,strong,0.3,0.9994,0.0006,false,false,3930,1806
5259800,83,moderate,0.5,0.9997,0.0003,false,false,3930,1806
5259800,83,weak,0.8,1,0,false,false,3930,1806
5260400,84,severe,0.1,0.9988,0.0012,false,false,4530,2406
5260400,84,strong,0.3,0.9994,0.0006,false,false,4530,2406
5260400,84,moderate,0.5,0.9997,0.0003,false,false,4530,2406
5260400,84,weak,0.8,1,0,false,false,4530,2406
5261000,85,severe,0.1,0.9988,0.0012,false,false,5130,3006
5261000,85,strong,0.3,0.9993,0.0007,false,false,5130,3006
5261000,85,moderate,0.5,0.9997,0.0003,false,false,5130,3006
5261000,85,weak,0.8,1,0,false,false,5130,3006
5261600,86,severe,0.1,0.9986,0.0014,false,false,5730,3606
5261600,86,strong,0.3,0.9993,0.0007,false,false,5730,3606
5261600,86,moderate,0.5,0.9996,0.0004,false,false,5730,3606
5261600,86,weak,0.8,0.9999,0.0001,false,false,5730,3606
5262200,87,severe,0.1,0.9986,0.0014,false,false,6330,4206
5262200,87,strong,0.3,0.9992,0.0008,false,false,6330,4206
5262200,87,moderate,0.5,0.9996,0.0004,false,false,6330,4206
5262200,87,weak,0.8,0.9999,0.0001,false,false,6330,4206
5262800,88,severe,0.1,0.9985,0.0015,false,false,6930,4806
5262800,88,strong,0.3,0.9992,0.0008,false,false,6930,4806
5262800,88,moderate,0.5,0.9996,0.0004,false,false,6930,4806
5262800,88,weak,0.8,0.9999,0.0001,false,false,6930,4806
5263400,89,severe,0.1,0.9986,0.0014,false,false,7530,5406
5263400,89,strong,0.3,0.9992,0.0008,false,false,7530,5406
5263400,89,moderate,0.5,0.9996,0.0004,false,false,7530,5406
5263400,89,weak,0.8,0.9999,0.0001,false,false,7530,5406
5264000,90,severe,0.1,0.9987,0.0013,false,false,8130,6006
5264000,90,strong,0.3,0.9993,0.0007,false,false,8130,6006
5264000,90,moderate,0.5,0.9997,0.0003,false,false,8130,6006
5264000,90,weak,0.8,0.9999,0.0001,false,false,8130,6006
5264600,91,severe,0.1,0.9988,0.0012,false,false,8730,6606
5264600,91,strong,0.3,0.9994,0.0006,false,false,8730,6606
5264600,91,moderate,0.5,0.9997,0.0003,false,false,8730,6606
5264600,91,weak,0.8,1,0,false,false,8730,6606
5265200,92,severe,0.1,0.9989,0.0011,false,false,9330,7206
5265200,92,strong,0.3,0.9994,0.0006,false,false,9330,7206
5265200,92,moderate,0.5,0.9997,0.0003,false,false,9330,7206
5265200,92,weak,0.8,1,0,false,false,9330,7206
5265800,93,severe,0.1,0.9989,0.0011,false,false,9930,7806
5265800,93,strong,0.3,0.9994,0.0006,false,false,9930,7806
5265800,93,moderate,0.5,0.9997,0.0003,false,false,9930,7806
5265800,93,weak,0.8,1,0,false,false,9930,7806
5266400,94,severe,0.1,0.9988,0.0012,false,false,10530,8406
5266400,94,strong,0.3,0.9994,0.0006,false,false,10530,8406
5266400,94,moderate,0.5,0.9997,0.0003,false,false,10530,8406
5266400,94,weak,0.8,1,0,false,false,10530,8406
5267000,95,severe,0.1,0.9988,0.0012,false,false,11130,9006
5267000,95,strong,0.3,0.9993,0.0007,false,false,11130,9006
5267000,95,moderate,0.5,0.9997,0.0003,false,false,11130,9006
5267000,95,weak,0.8,1,0,false,false,11130,9006
5267600,96,severe,0.1,0.9987,0.0013,false,false,11730,9606
5267600,96,strong,0.3,0.9993,0.0007,false,false,11730,9606
5267600,96,moderate,0.5,0.9997,0.0003,false,false,11730,9606
5267600,96,weak,0.8,0.9999,0.0001,false,false,11730,9606
5268200,97,severe,0.1,0.9987,0.0013,false,false,12330,10206
5268200,97,strong,0.3,0.9993,0.0007,false,false,12330,10206
5268200,97,moderate,0.5,0.9997,0.0003,false,false,12330,10206
5268200,97,weak,0.8,0.9999,0.0001,false,false,12330,10206
5268800,98,severe,0.1,0.9988,0.0012,false,false,12930,10806
5268800,98,strong,0.3,0.9993,0.0007,false,false,12930,10806
5268800,98,moderate,0.5,0.9997,0.0003,false,false,12930,10806
5268800,98,weak,0.8,1,0,false,false,12930,10806
5269400,99,severe,0.1,0.9988,0.0012,false,false,13530,11406
5269400,99,strong,0.3,0.9993,0.0007,false,false,13530,11406
5269400,99,moderate,0.5,0.9997,0.0003,false,false,13530,11406
5269400,99,weak,0.8,1,0,false,false,13530,11406
5270000,100,severe,0.1,0.9987,0.0013,false,false,14130,12006
5270000,100,strong,0.3,0.9993,0.0007,false,false,14130,12006
5270000,100,moderate,0.5,0.9997,0.0003,false,false,14130,12006
5270000,100,weak,0.8,1,0,false,false,14130,12006
5270600,101,severe,0.1,0.9988,0.0012,false,false,14730,12606
5270600,101,strong,0.3,0.9993,0.0007,false,false,14730,12606
5270600,101,moderate,0.5,0.9997,0.0003,false,false,14730,12606
5270600,101,weak,0.8,1,0,false,false,14730,12606
5271200,102,severe,0.1,0.9987,0.0013,false,false,15330,13206
5271200,102,strong,0.3,0.9993,0.0007,false,false,15330,13206
5271200,102,moderate,0.5,0.9997,0.0003,false,false,15330,13206
5271200,102,weak,0.8,0.9999,0.0001,false,false,15330,13206
5271800,103,severe,0.1,0.9988,0.0012,false,false,15930,13806
5271800,103,strong,0.3,0.9993,0.0007,false,false,15930,13806
5271800,103,moderate,0.5,0.9997,0.0003,false,false,15930,13806
5271800,103,weak,0.8,1,0,false,false,15930,13806
5272400,104,severe,0.1,0.9987,0.0013,false,false,16530,14406
5272400,104,strong,0.3,0.9993,0.0007,false,false,16530,14406
5272400,104,moderate,0.5,0.9997,0.0003,false,false,16530,14406
5272400,104,weak,0.8,0.9999,0.0001,false,false,16530,14406
5273000,105,severe,0.1,0.9988,0.0012,false,false,17130,15006
5273000,105,strong,0.3,0.9993,0.0007,false,false,17130,15006
5273000,105,moderate,0.5,0.9997,0.0003,false,false,17130,15006
5273000,105,weak,0.8,1,0,false,false,17130,15006
5273600,106,severe,0.1,0.9989,0.0011,false,false,17730,15606
5273600,106,strong,0.3,0.9994,0.0006,false,false,17730,15606
5273600,106,moderate,0.5,0.9997,0.0003,false,false,17730,15606
5273600,106,weak,0.8,1,0,false,false,17730,15606
5274200,107,severe,0.1,0.9989,0.0011,false,false,18330,16206
5274200,107,strong,0.3,0.9994,0.0006,false,false,18330,16206
5274200,107,moderate,0.5,0.9997,0.0003,false,false,18330,16206
5274200,107,weak,0.8,1,0,false,false,18330,16206
5274800,108,severe,0.1,0.9989,0.0011,false,false,18930,16400
5274800,108,strong,0.3,0.9994,0.0006,false,false,18930,16400
5274800,108,moderate,0.5,0.9997,0.0003,false,false,18930,16400
5274800,108,weak,0.8,1,0,false,false,18930,16400
5275400,109,severe,0.1,0.9988,0.0012,false,false,19530,15800
5275400,109,strong,0.3,0.9994,0.0006,false,false,19530,15800
5275400,109,moderate,0.5,0.9997,0.0003,false,false,19530,15800
5275400,109,weak,0.8,1,0,false,false,19530,15800
5276000,110,severe,0.1,0.9989,0.0011,false,false,20130,15200
5276000,110,strong,0.3,0.9994,0.0006,false,false,20130,15200
5276000,110,moderate,0.5,0.9997,0.0003,false,false,20130,15200
5276000,110,weak,0.8,1,0,false,false,20130,15200
5276600,111,severe,0.1,0.9988,0.0012,false,false,20730,14600
5276600,111,strong,0.3,0.9994,0.0006,false,false,20730,14600
5276600,111,moderate,0.5,0.9997,0.0003,false,false,20730,14600
5276600,111,weak,0.8,1,0,false,false,20730,14600
5277200,112,severe,0.1,0.9987,0.0013,false,false,21330,14000
5277200,112,strong,0.3,0.9993,0.0007,false,false,21330,14000
5277200,112,moderate,0.5,0.9997,0.0003,false,false,21330,14000
5277200,112,weak,0.8,0.9999,0.0001,false,false,21330,14000
5277800,113,severe,0.1,0.9987,0.0013,false,false,21930,13400
5277800,113,strong,0.3,0.9993,0.0007,false,false,21930,13400
5277800,113,moderate,0.5,0.9997,0.0003,false,false,21930,13400
5277800,113,weak,0.8,0.9999,0.0001,false,false,21930,13400
5278400,114,severe,0.1,0.9987,0.0013,false,false,22530,12800
5278400,114,strong,0.3,0.9993,0.0007,false,false,22530,12800
5278400,114,moderate,0.5,0.9997,0.0003,false,false,22530,12800
5278400,114,weak,0.8,0.9999,0.0001,false,false,22530,12800
5279000,115,severe,0.1,0.9987,0.0013,false,false,23130,12200
5279000,115,strong,0.3,0.9993,0.0007,false,false,23130,12200
5279000,115,moderate,0.5,0.9997,0.0003,false,false,23130,12200
5279000,115,weak,0.8,0.9999,0.0001,false,false,23130,12200
5279600,116,severe,0.1,0.9988,0.0012,false,false,23730,11600
5279600,116,strong,0.3,0.9994,0.0006,false,false,23730,11600
5279600,116,moderate,0.5,0.9997,0.0003,false,false,23730,11600
5279600,116,weak,0.8,1,0,false,false,23730,11600
5280200,117,severe,0.1,0.9988,0.0012,false,false,24330,11000
5280200,117,strong,0.3,0.9994,0.0006,false,false,24330,11000
5280200,117,moderate,0.5,0.9997,0.0003,false,false,24330,11000
5280200,117,weak,0.8,1,0,false,false,24330,11000
5280800,118,severe,0.1,0.9988,0.0012,false,false,24930,10400
5280800,118,strong,0.3,0.9993,0.0007,false,false,24930,10400
5280800,118,moderate,0.5,0.9997,0.0003,false,false,24930,10400
5280800,118,weak,0.8,1,0,false,false,24930,10400
5281400,119,severe,0.1,0.9989,0.0011,false,false,25530,9800
5281400,119,strong,0.3,0.9994,0.0006,false,false,25530,9800
5281400,119,moderate,0.5,0.9997,0.0003,false,false,25530,9800
5281400,119,weak,0.8,1,0,false,false,25530,9800
5282000,120,severe,0.1,0.9989,0.0011,false,false,26130,9200
5282000,120,strong,0.3,0.9994,0.0006,false,false,26130,9200
5282000,120,moderate,0.5,0.9997,0.0003,false,false,26130,9200
5282000,120,weak,0.8,1,0,false,false,26130,9200
5282600,121,severe,0.1,0.9988,0.0012,false,false,26730,8600
5282600,121,strong,0.3,0.9993,0.0007,false,false,26730,8600
5282600,121,moderate,0.5,0.9997,0.0003,false,false,26730,8600
5282600,121,weak,0.8,1,0,false,false,26730,8600
5283200,122,severe,0.1,0.9986,0.0014,false,false,27330,8000
5283200,122,strong,0.3,0.9993,0.0007,false,false,27330,8000
5283200,122,moderate,0.5,0.9996,0.0004,false,false,27330,8000
5283200,122,weak,0.8,0.9999,0.0001,false,false,27330,8000
5283800,123,severe,0.1,0.9986,0.0014,false,false,27930,7400
5283800,123,strong,0.3,0.9992,0.0008,false,false,27930,7400
5283800,123,moderate,0.5,0.9996,0.0004,false,false,27930,7400
5283800,123,weak,0.8,0.9999,0.0001,false,false,27930,7400
5284400,124,severe,0.1,0.9986,0.0014,false,false,28530,6800
5284400,124,strong,0.3,0.9993,0.0007,false,false,28530,6800
5284400,124,moderate,0.5,0.9996,0.0004,false,false,28530,6800
5284400,124,weak,0.8,0.9999,0.0001,false,false,28530,6800
5285000,125,severe,0.1,0.9988,0.0012,false,false,29130,6200
5285000,125,strong,0.3,0.9993,0.0007,false,false,29130,6200
5285000,125,moderate,0.5,0.9997,0.0003,false,false,29130,6200
5285000,125,weak,0.8,1,0,false,false,29130,6200
5285600,126,severe,0.1,0.9988,0.0012,false,false,29730,5600
5285600,126,strong,0.3,0.9994,0.0006,false,false,29730,5600
5285600,126,moderate,0.5,0.9997,0.0003,false,false,29730,5600
5285600,126,weak,0.8,1,0,false,false,29730,5600
5286200,127,severe,0.1,0.9989,0.0011,false,false,30330,5000
5286200,127,strong,0.3,0.9994,0.0006,false,false,30330,5000
5286200,127,moderate,0.5,0.9997,0.0003,false,false,30330,5000
5286200,127,weak,0.8,1,0,false,false,30330,5000
5286800,128,severe,0.1,0.999,0.001,false,false,30930,4400
5286800,128,strong,0.3,0.9994,0.0006,false,false,30930,4400
5286800,128,moderate,0.5,0.9997,0.0003,false,false,30930,4400
5286800,128,weak,0.8,1,0,false,false,30930,4400
5287400,129,severe,0.1,0.999,0.001,false,false,31530,3800
5287400,129,strong,0.3,0.9994,0.0006,false,false,31530,3800
5287400,129,moderate,0.5,0.9997,0.0003,false,false,31530,3800
5287400,129,weak,0.8,1,0,false,false,31530,3800
5288000,130,severe,0.1,0.9989,0.0011,false,false,32130,3200
5288000,130,strong,0.3,0.9994,0.0006,false,false,32130,3200
5288000,130,moderate,0.5,0.9997,0.0003,false,false,32130,3200
5288000,130,weak,0.8,1,0,false,false,32130,3200
5288600,131,severe,0.1,0.9989,0.0011,false,false,32730,2600
5288600,131,strong,0.3,0.9994,0.0006,false,false,32730,2600
5288600,131,moderate,0.5,0.9997,0.0003,false,false,32730,2600
5288600,131,weak,0.8,1,0,false,false,32730,2600
5289200,132,severe,0.1,0.999,0.001,false,false,33330,2000
5289200,132,strong,0.3,0.9994,0.0006,false,false,33330,2000
5289200,132,moderate,0.5,0.9997,0.0003,false,false,33330,2000
5289200,132,weak,0.8,1,0,false,false,33330,2000
5289800,133,severe,0.1,0.9984,0.0016,false,false,33930,1400
5289800,133,strong,0.3,0.9987,0.0013,false,false,33930,1400
5289800,133,moderate,0.5,0.9997,0.0003,false,false,33930,1400
5289800,133,weak,0.8,1,0,false,false,33930,1400
5290400,134,severe,0.1,0.9985,0.0015,false,true,34530,800
5290400,134,strong,0.3,0.9987,0.0013,false,true,34530,800
5290400,134,moderate,0.5,0.9998,0.0002,false,true,34530,800
5290400,134,weak,0.8,1,0,false,true,34530,800
5291000,135,severe,0.1,0.9984,0.0016,false,true,35130,200
5291000,135,strong,0.3,0.9987,0.0013,false,true,35130,200
5291000,135,moderate,0.5,0.9998,0.0002,false,true,35130,200
5291000,135,weak,0.8,1,0,false,true,35130,200
5291600,136,severe,0.1,0.9984,0.0016,false,true,35730,400
5291600,136,strong,0.3,0.9987,0.0013,false,true,35730,400
5291600,136,moderate,0.5,0.9997,0.0003,false,true,35730,400
5291600,136,weak,0.8,1,0,false,true,35730,400
5292200,137,severe,0.1,0.9982,0.0018,false,true,36330,1000
5292200,137,strong,0.3,0.9986,0.0014,false,true,36330,1000
5292200,137,moderate,0.5,0.9997,0.0003,false,true,36330,1000
5292200,137,weak,0.8,1,0,false,true,36330,1000
5292800,138,severe,0.1,0.9988,0.0012,false,false,36930,1600
5292800,138,strong,0.3,0.9993,0.0007,false,false,36930,1600
5292800,138,moderate,0.5,0.9997,0.0003,false,false,36930,1600
5292800,138,weak,0.8,0.9999,0.0001,false,false,36930,1600
5293400,139,severe,0.1,0.9988,0.0012,false,false,37530,2200
5293400,139,strong,0.3,0.9993,0.0007,false,false,37530,2200
5293400,139,moderate,0.5,0.9997,0.0003,false,false,37530,2200
5293400,139,weak,0.8,1,0,false,false,37530,2200
5294000,140,severe,0.1,0.9989,0.0011,false,false,38130,2800
5294000,140,strong,0.3,0.9994,0.0006,false,false,38130,2800
5294000,140,moderate,0.5,0.9997,0.0003,false,false,38130,2800
5294000,140,weak,0.8,1,0,false,false,38130,2800
5294600,141,severe,0.1,0.999,0.001,false,false,38730,3400
5294600,141,strong,0.3,0.9994,0.0006,false,false,38730,3400
5294600,141,moderate,0.5,0.9997,0.0003,false,false,38730,3400
5294600,141,weak,0.8,1,0,false,false,38730,3400
5295200,142,severe,0.1,0.999,0.001,false,false,39330,4000
5295200,142,strong,0.3,0.9994,0.0006,false,false,39330,4000
5295200,142,moderate,0.5,0.9997,0.0003,false,false,39330,4000
5295200,142,weak,0.8,1,0,false,false,39330,4000
5295800,143,severe,0.1,0.999,0.001,false,false,39930,4600
5295800,143,strong,0.3,0.9994,0.0006,false,false,39930,4600
5295800,143,moderate,0.5,0.9997,0.0003,false,false,39930,4600
5295800,143,weak,0.8,1,0,false,false,39930,4600
5296400,144,severe,0.1,0.9989,0.0011,false,false,40530,5200
5296400,144,strong,0.3,0.9994,0.0006,false,false,40530,5200
5296400,144,moderate,0.5,0.9997,0.0003,false,false,40530,5200
5296400,144,weak,0.8,1,0,false,false,40530,5200
5297000,145,severe,0.1,0.9989,0.0011,false,false,41130,5700
5297000,145,strong,0.3,0.9994,0.0006,false,false,41130,5700
5297000,145,moderate,0.5,0.9997,0.0003,false,false,41130,5700
5297000,145,weak,0.8,1,0,false,false,41130,5700
5297600,146,severe,0.1,0.9989,0.0011,false,false,41730,5100
5297600,146,strong,0.3,0.9994,0.0006,false,false,41730,5100
5297600,146,moderate,0.5,0.9997,0.0003,false,false,41730,5100
5297600,146,weak,0.8,1,0,false,false,41730,5100
5298200,147,severe,0.1,0.9989,0.0011,false,false,42330,4500
5298200,147,strong,0.3,0.9994,0.0006,false,false,42330,4500
5298200,147,moderate,0.5,0.9997,0.0003,false,false,42330,4500
5298200,147,weak,0.8,1,0,false,false,42330,4500
5298800,148,severe,0.1,0.9989,0.0011,false,false,42930,3900
5298800,148,strong,0.3,0.9994,0.0006,false,false,42930,3900
5298800,148,moderate,0.5,0.9997,0.0003,false,false,42930,3900
5298800,148,weak,0.8,1,0,false,false,42930,3900
5299400,149,severe,0.1,0.9989,0.0011,false,false,43530,3300
5299400,149,strong,0.3,0.9994,0.0006,false,false,43530,3300
5299400,149,moderate,0.5,0.9997,0.0003,false,false,43530,3300
5299400,149,weak,0.8,1,0,false,false,43530,3300
5300000,150,severe,0.1,0.9988,0.0012,false,false,44130,2700
5300000,150,strong,0.3,0.9994,0.0006,false,false,44130,2700
5300000,150,moderate,0.5,0.9997,0.0003,false,false,44130,2700
5300000,150,weak,0.8,1,0,false,false,44130,2700
5300600,151,severe,0.1,0.9989,0.0011,false,false,44730,2100
5300600,151,strong,0.3,0.9994,0.0006,false,false,44730,2100
5300600,151,moderate,0.5,0.9997,0.0003,false,false,44730,2100
5300600,151,weak,0.8,1,0,false,false,44730,2100
5301200,152,severe,0.1,0.9988,0.0012,false,false,45330,1500
5301200,152,strong,0.3,0.9992,0.0008,false,false,45330,1500
5301200,152,moderate,0.5,0.9997,0.0003,false,false,45330,1500
5301200,152,weak,0.8,1,0,false,false,45330,1500
5301800,153,severe,0.1,0.9988,0.0012,false,true,45930,900
5301800,153,strong,0.3,0.9992,0.0008,false,true,45930,900
5301800,153,moderate,0.5,0.9997,0.0003,false,true,45930,900
5301800,153,weak,0.8,1,0,false,true,45930,900
5302400,154,severe,0.1,0.9988,0.0012,false,true,46530,300
5302400,154,strong,0.3,0.9992,0.0008,false,true,46530,300
5302400,154,moderate,0.5,0.9997,0.0003,false,true,46530,300
5302400,154,weak,0.8,1,0,false,true,46530,300
5303000,155,severe,0.1,0.999,0.001,false,true,47130,300
5303000,155,strong,0.3,0.9993,0.0007,false,true,47130,300
5303000,155,moderate,0.5,0.9998,0.0002,false,true,47130,300
5303000,155,weak,0.8,1,0,false,true,47130,300
5303600,156,severe,0.1,0.9991,0.0009,false,true,47730,900
5303600,156,strong,0.3,0.9994,0.0006,false,true,47730,900
5303600,156,moderate,0.5,0.9998,0.0002,false,true,47730,900
5303600,156,weak,0.8,1,0,false,true,47730,900
5304200,157,severe,0.1,0.9993,0.0007,false,false,48330,1500
5304200,157,strong,0.3,0.9996,0.0004,false,false,48330,1500
5304200,157,moderate,0.5,0.9998,0.0002,false,false,48330,1500
5304200,157,weak,0.8,1,0,false,false,48330,1500
5304800,158,severe,0.1,0.9996,0.0004,false,false,48930,2100
5304800,158,strong,0.3,0.9998,0.0002,false,false,48930,2100
5304800,158,moderate,0.5,0.9999,0.0001,false,false,48930,2100
5304800,158,weak,0.8,1,0,false,false,48930,2100