gwas_rsid,gwas_pos,gwas_traits,gwas_p_value,q2_pos,distance_bp,locus
rs77121243,5227002,[],,5226596,406,HBB
rs10768683,5226561,[],,5226596,35,HBB
rs11549407,5226774,[],,5226596,178,HBB
rs33930165,5227003,[],,5226596,407,HBB
rs10742583,5227411,[],,5226596,815,HBB
rs34598529,5227100,[],,5226596,504,HBB
rs334,5227002,[],,5226596,406,HBB
rs1135071,5226799,[],,5226596,203,HBB
rs74234654,5227599,[],,5226613,986,HBB
rs33946267,5225678,[],,5226596,918,HBB
rs1609812,5225911,[],,5226596,685,HBB
rs8176071,43125989,[],,43125086,903,BRCA1
rs181067279,7687056,[],,7687108,52,TP53
rs2853672,1292868,[],,1293415,547,TERT
rs570266982,1292518,[],,1293415,897,TERT
rs527897586,1295201,[],,1294272,929,TERT
rs34685900,1295688,[],,1294782,906,TERT
rs114616103,1292843,[],,1293415,572,TERT
rs35226131,1295258,[],,1294272,986,TERT
rs61748181,1294051,[],,1293415,636,TERT
rs2736098,1293971,[],,1293415,556,TERT
rs2853669,1295234,[],,1294272,962,TERT
rs34094720,1293652,[],,1293415,237,TERT
rs7712562,1295957,[],,1294962,995,TERT
rs1800734,36993455,[],,36993548,93,MLH1
rs57217136,11090448,[],,11089549,899,LDLR
rs36218923,11088810,[],,11089549,739,LDLR
rs17249141,11089332,[],,11089549,217,LDLR
rs12981050,11089736,[],,11089549,187,LDLR
