chrom,start,end,insulation_score
chr1,0,10000,10561.210443597742
chr1,10000,20000,10454.902562710764
chr1,20000,30000,10374.978083711418
chr1,30000,40000,10106.047937732656
chr1,40000,50000,9957.074448395508
chr1,50000,60000,9826.647719426168
chr1,60000,70000,9821.778415656185
chr1,70000,80000,9759.074398481986
chr1,80000,90000,9779.670431528104
chr1,90000,100000,9829.448504575326
chr1,100000,110000,9790.804268178113
chr1,110000,120000,9862.792687843623
chr1,120000,130000,9880.180508279529
chr1,130000,140000,9913.435837147455
chr1,140000,150000,9744.059949853709
chr1,150000,160000,9703.179730226459
chr1,160000,170000,9705.755330274835
chr1,170000,180000,9786.629592570873
chr1,180000,190000,9736.87238289075
chr1,190000,200000,9725.832859192577
chr1,200000,210000,9724.22000724567
chr1,210000,220000,9745.71494321976
chr1,220000,230000,9750.92415609905
chr1,230000,240000,9774.804210785904
chr1,240000,250000,9841.175422553362
chr1,250000,260000,9934.288643278122
chr1,260000,270000,10062.331353491922
chr1,270000,280000,10146.126280514394
chr1,280000,290000,10318.182162207895
chr1,290000,300000,10458.960724464747
chr1,300000,310000,10480.578900919565
chr1,310000,320000,10588.404176483255
chr1,320000,330000,10747.570198407264
chr1,330000,340000,10930.180663363535
chr1,340000,350000,11152.269910383393
chr1,350000,360000,11303.21074413741
chr1,360000,370000,11449.06774528681
chr1,370000,380000,11578.503692370352
chr1,380000,390000,11643.177589207331
chr1,390000,400000,11759.200976179109
chr1,400000,410000,11844.902076042203
chr1,410000,420000,11975.815154767177
chr1,420000,430000,12081.402206718018
chr1,430000,440000,12191.05913199727
chr1,440000,450000,12271.970939574398
chr1,450000,460000,12393.458073530259
chr1,460000,470000,12543.809443240607
chr1,470000,480000,12687.229000881933
chr1,480000,490000,12766.745492154616
chr1,490000,500000,12916.496036815144
chr1,500000,510000,12895.342705838297
chr1,510000,520000,12876.707501219198
chr1,520000,530000,12946.46208520208
chr1,530000,540000,13072.781831837267
chr1,540000,550000,13269.29024587433
chr1,550000,560000,13412.154721801102
chr1,560000,570000,13510.549808326947
chr1,570000,580000,13622.084130836627
chr1,580000,590000,13678.974884856052
chr1,590000,600000,13747.594181247883
chr1,600000,610000,13620.831553407268
chr1,610000,620000,13467.77042146409
chr1,620000,630000,13392.081628886057
chr1,630000,640000,13360.576799186341
chr1,640000,650000,13330.103646189085
chr1,650000,660000,13307.85712191185
chr1,660000,670000,13275.555079550044
chr1,670000,680000,13245.549868642587
chr1,680000,690000,13204.190245216525
chr1,690000,700000,13162.494520047165
chr1,700000,710000,13142.745119095774
chr1,710000,720000,13110.625221434695
chr1,720000,730000,12917.449281213894
chr1,730000,740000,
chr1,740000,750000,
chr1,750000,760000,
chr1,760000,770000,
chr1,770000,780000,
chr1,780000,790000,
chr1,790000,800000,
chr1,800000,810000,
chr1,810000,820000,
chr1,820000,830000,
chr1,830000,840000,
chr1,840000,850000,
chr1,850000,860000,
chr1,860000,870000,
chr1,870000,880000,
chr1,880000,890000,
chr1,890000,900000,
chr1,900000,910000,
chr1,910000,920000,
chr1,920000,930000,
chr1,930000,940000,
chr1,940000,950000,
chr1,950000,960000,
chr1,960000,970000,
chr1,970000,980000,
chr1,980000,990000,
chr1,990000,1000000,
chr1,1000000,1010000,
chr1,1010000,1020000,
chr1,1020000,1030000,
chr1,1030000,1040000,
chr1,1040000,1050000,
chr1,1050000,1060000,
chr1,1060000,1070000,
chr1,1070000,1080000,
chr1,1080000,1090000,
chr1,1090000,1100000,
chr1,1100000,1110000,
chr1,1110000,1120000,
chr1,1120000,1130000,
chr1,1130000,1140000,
chr1,1140000,1150000,
chr1,1150000,1160000,
chr1,1160000,1170000,
chr1,1170000,1180000,
chr1,1180000,1190000,
chr1,1190000,1200000,
chr1,1200000,1210000,
chr1,1210000,1220000,
chr1,1220000,1230000,
chr1,1230000,1240000,
chr1,1240000,1250000,
chr1,1250000,1260000,
chr1,1260000,1270000,
chr1,1270000,1280000,
chr1,1280000,1290000,
chr1,1290000,1300000,
chr1,1300000,1310000,
chr1,1310000,1320000,
chr1,1320000,1330000,
chr1,1330000,1340000,
chr1,1340000,1350000,
chr1,1350000,1360000,
chr1,1360000,1370000,
chr1,1370000,1380000,
chr1,1380000,1390000,
chr1,1390000,1400000,
chr1,1400000,1410000,
chr1,1410000,1420000,
chr1,1420000,1430000,10013.082384180563
chr1,1430000,1440000,10333.417248491842
chr1,1440000,1450000,10566.19260797288
chr1,1450000,1460000,10730.198754886002
chr1,1460000,1470000,10959.840063805786
chr1,1470000,1480000,10937.595782622893
chr1,1480000,1490000,11076.732719466509
chr1,1490000,1500000,11245.059899172757
chr1,1500000,1510000,11379.798565551035
chr1,1510000,1520000,11474.407313833008
chr1,1520000,1530000,11487.971588977442
chr1,1530000,1540000,11462.724669616517
chr1,1540000,1550000,11466.582795353703
chr1,1550000,1560000,11518.476917320508
chr1,1560000,1570000,11601.983454109219
chr1,1570000,1580000,11659.05838427339
chr1,1580000,1590000,11722.398084158078
chr1,1590000,1600000,11693.238292952186
chr1,1600000,1610000,11731.081533763405
chr1,1610000,1620000,11778.014010674386
chr1,1620000,1630000,11873.734885754302
chr1,1630000,1640000,11864.525392723013
chr1,1640000,1650000,11775.639618227337
chr1,1650000,1660000,11823.224083314504
chr1,1660000,1670000,11822.622262624864
chr1,1670000,1680000,11857.368580880875
chr1,1680000,1690000,11951.649119393374
chr1,1690000,1700000,11927.115078153964
chr1,1700000,1710000,12014.26271364566
chr1,1710000,1720000,12035.55586170074
chr1,1720000,1730000,12009.49919689544
chr1,1730000,1740000,12057.405703936845
chr1,1740000,1750000,12098.952843297344
chr1,1750000,1760000,12125.509049022196
chr1,1760000,1770000,12120.549611043483
chr1,1770000,1780000,12072.284339549142
chr1,1780000,1790000,12093.559288273093
chr1,1790000,1800000,12098.307924120703
chr1,1800000,1810000,12124.796718263442
chr1,1810000,1820000,12170.006194401818
chr1,1820000,1830000,12200.373975352888
chr1,1830000,1840000,12229.202960197963
chr1,1840000,1850000,12302.067871901023
chr1,1850000,1860000,12330.0396819617
chr1,1860000,1870000,12369.10928880513
chr1,1870000,1880000,12307.179347962408
chr1,1880000,1890000,12156.828866836655
chr1,1890000,1900000,12092.793196392442
chr1,1900000,1910000,12123.415801712548
chr1,1910000,1920000,12119.277847701213
chr1,1920000,1930000,12107.715692199043
chr1,1930000,1940000,12098.149563486864
chr1,1940000,1950000,12055.21339994048
chr1,1950000,1960000,12077.57859587342
chr1,1960000,1970000,12087.215730804955
chr1,1970000,1980000,12185.41587948465
chr1,1980000,1990000,12181.612252983386
chr1,1990000,2000000,12118.237577451435
chr2,0,10000,12015.508232115813
chr2,10000,20000,11938.146539336498
chr2,20000,30000,11826.080239064857
chr2,30000,40000,11701.138987459812
chr2,40000,50000,11683.79133229852
chr2,50000,60000,11484.126913922653
chr2,60000,70000,11408.010562148409
chr2,70000,80000,11381.728554008218
chr2,80000,90000,11217.789602786974
chr2,90000,100000,11263.423542560393
chr2,100000,110000,11320.651179191731
chr2,110000,120000,11462.94441590123
chr2,120000,130000,11336.370789617366
chr2,130000,140000,11254.761748384657
chr2,140000,150000,11068.519270398932
chr2,150000,160000,11025.908645615064
chr2,160000,170000,11012.922019485371
chr2,170000,180000,10946.493014975065
chr2,180000,190000,10925.287444833973
chr2,190000,200000,10863.972968736492
chr2,200000,210000,10823.85687708515
chr2,210000,220000,10790.714564777907
chr2,220000,230000,10748.179177045355
chr2,230000,240000,10809.475625479918
chr2,240000,250000,10840.341068322112
chr2,250000,260000,10774.044565688646
chr2,260000,270000,10816.90206583467
chr2,270000,280000,10847.029056554884
chr2,280000,290000,10927.78919824207
chr2,290000,300000,11055.846009546933
chr2,300000,310000,11167.100477873379
chr2,310000,320000,11160.274334405305
chr2,320000,330000,11274.016136287339
chr2,330000,340000,11458.401029238343
chr2,340000,350000,11578.201471313088
chr2,350000,360000,11541.745168119292
chr2,360000,370000,11496.141045763954
chr2,370000,380000,11471.426454134951
chr2,380000,390000,11433.264251240194
chr2,390000,400000,11458.811570648879
chr2,400000,410000,11515.354571552478
chr2,410000,420000,11473.339608318463
chr2,420000,430000,11397.68545423921
chr2,430000,440000,11386.974897819959
chr2,440000,450000,
chr2,450000,460000,
chr2,460000,470000,
chr2,470000,480000,
chr2,480000,490000,
chr2,490000,500000,
chr2,500000,510000,
chr2,510000,520000,
chr2,520000,530000,
chr2,530000,540000,
chr2,540000,550000,
chr2,550000,560000,
chr2,560000,570000,
chr2,570000,580000,
chr2,580000,590000,
chr2,590000,600000,
chr2,600000,610000,
chr2,610000,620000,
chr2,620000,630000,
chr2,630000,640000,
chr2,640000,650000,
chr2,650000,660000,
chr2,660000,670000,
chr2,670000,680000,
chr2,680000,690000,
chr2,690000,700000,
chr2,700000,710000,
chr2,710000,720000,
chr2,720000,730000,
chr2,730000,740000,
chr2,740000,750000,
chr2,750000,760000,
chr2,760000,770000,
chr2,770000,780000,
chr2,780000,790000,
chr2,790000,800000,
chr2,800000,810000,
chr2,810000,820000,
chr2,820000,830000,
chr2,830000,840000,
chr2,840000,850000,
chr2,850000,860000,
chr2,860000,870000,
chr2,870000,880000,
chr2,880000,890000,
chr2,890000,900000,
chr2,900000,910000,
chr2,910000,920000,
chr2,920000,930000,
chr2,930000,940000,
chr2,940000,950000,
chr2,950000,960000,11948.031167833631
chr2,960000,970000,12043.596121812676
chr2,970000,980000,12135.321419378479
chr2,980000,990000,12312.237953244183
chr2,990000,1000000,12371.895510735938
chr2,1000000,1010000,12520.513497864766
chr2,1010000,1020000,12628.960654845763
chr2,1020000,1030000,12748.35699993904
chr2,1030000,1040000,12774.113182289666
chr2,1040000,1050000,12728.097026747892
chr2,1050000,1060000,12714.914577062023
chr2,1060000,1070000,12709.697060698378
chr2,1070000,1080000,12822.987265809841
chr2,1080000,1090000,12859.908151333631
chr2,1090000,1100000,12898.693816262885
chr2,1100000,1110000,12889.529857865486
chr2,1110000,1120000,12973.319469043656
chr2,1120000,1130000,13024.485130410705
chr2,1130000,1140000,13107.376479668554
chr2,1140000,1150000,13247.400887342355
chr2,1150000,1160000,13286.313905082054
chr2,1160000,1170000,13301.672101241405
chr2,1170000,1180000,13229.8859267317
chr2,1180000,1190000,13220.834474442876
chr2,1190000,1200000,13275.003271875534
chr2,1200000,1210000,13260.667081309131
chr2,1210000,1220000,13207.169256102203
chr2,1220000,1230000,13178.31777909012
chr2,1230000,1240000,13038.032304212125
chr2,1240000,1250000,12896.920037238377
chr2,1250000,1260000,12765.054483825
chr2,1260000,1270000,12584.87947369395
chr2,1270000,1280000,12594.972210924407
chr2,1280000,1290000,12674.736285075072
chr2,1290000,1300000,12796.01447419863
chr2,1300000,1310000,12703.365358537156
chr2,1310000,1320000,12760.487541648627
chr2,1320000,1330000,12784.137292652596
chr2,1330000,1340000,12928.555947371748
chr2,1340000,1350000,12970.06192831019
chr2,1350000,1360000,12987.232482379284
chr2,1360000,1370000,13110.115875471898
chr2,1370000,1380000,13196.139332943732
chr2,1380000,1390000,13252.69128162066
chr2,1390000,1400000,13236.894102426982
chr2,1400000,1410000,13287.89886435421
chr2,1410000,1420000,13227.649777987544
chr2,1420000,1430000,13147.304549016739
chr2,1430000,1440000,13121.762614538276
chr2,1440000,1450000,13145.34571984347
chr2,1450000,1460000,13074.231132426123
chr2,1460000,1470000,13097.791344634887
chr2,1470000,1480000,13239.81157087809
chr2,1480000,1490000,13161.289429298426
chr2,1490000,1500000,13095.756358935007
chr2,1500000,1510000,13050.069968006299
chr2,1510000,1520000,13064.296222574358
chr2,1520000,1530000,13061.982088882112
chr2,1530000,1540000,13012.205286345239
chr2,1540000,1550000,12937.81833902666
chr2,1550000,1560000,12880.656385571076
chr2,1560000,1570000,12712.041745825985
chr2,1570000,1580000,12634.838833486627
chr2,1580000,1590000,12589.626736621853
chr2,1590000,1600000,12593.506519616905
chr2,1600000,1610000,12563.686079256051
chr2,1610000,1620000,12663.048876155848
chr2,1620000,1630000,12765.26446647287
chr2,1630000,1640000,12810.24636903789
chr2,1640000,1650000,12836.343328003075
chr2,1650000,1660000,12900.613676032668
chr2,1660000,1670000,13033.473964023528
chr2,1670000,1680000,13182.69308362468
chr2,1680000,1690000,13070.1568427542
chr2,1690000,1700000,13121.32913470816
chr2,1700000,1710000,13055.792563563518
chr2,1710000,1720000,13008.538526175891
chr2,1720000,1730000,12984.892927236977
chr2,1730000,1740000,13188.946082922876
chr2,1740000,1750000,13213.546487792335
chr2,1750000,1760000,13259.346963089758
chr2,1760000,1770000,13319.378562176644
chr2,1770000,1780000,13341.166008437149
chr2,1780000,1790000,13473.14650786928
chr2,1790000,1800000,13606.587929496094
chr2,1800000,1810000,13666.108881842638
chr2,1810000,1820000,13649.701298573598
chr2,1820000,1830000,13477.165835824797
chr2,1830000,1840000,13366.322675501247
chr2,1840000,1850000,13230.831380070627
chr2,1850000,1860000,13049.858086475244
chr2,1860000,1870000,12908.858832255526
chr2,1870000,1880000,12766.615882205218
chr2,1880000,1890000,12688.169757774205
chr2,1890000,1900000,12581.415883489546
chr2,1900000,1910000,12537.664171145938
chr2,1910000,1920000,12481.787045315248
chr2,1920000,1930000,12494.35541751909
chr2,1930000,1940000,12331.883458470149
chr3,0,10000,12218.529154408714
chr3,10000,20000,12035.611225435146
chr3,20000,30000,11809.857024242401
chr3,30000,40000,11619.483962768301
chr3,40000,50000,11499.794295958058
chr3,50000,60000,11343.029271495352
chr3,60000,70000,11108.839646935432
chr3,70000,80000,11018.795309733481
chr3,80000,90000,10982.374424747055
chr3,90000,100000,10976.273028707717
chr3,100000,110000,10933.741485884393
chr3,110000,120000,10917.585331210326
chr3,120000,130000,11005.738335491751
chr3,130000,140000,11051.673125191712
chr3,140000,150000,11081.375795572556
chr3,150000,160000,11121.535643941685
chr3,160000,170000,11182.026865297043
chr3,170000,180000,11132.4866630329
chr3,180000,190000,11127.757322692958
chr3,190000,200000,11174.03338992764
chr3,200000,210000,11089.397653468272
chr3,210000,220000,10982.952015108942
chr3,220000,230000,10982.278426866433
chr3,230000,240000,10938.342083473459
chr3,240000,250000,11041.907212510447
chr3,250000,260000,11005.104198006167
chr3,260000,270000,11013.384255432982
chr3,270000,280000,11001.45766097877
chr3,280000,290000,10944.398249598027
chr3,290000,300000,10929.381828933581
chr3,300000,310000,10975.118863699992
chr3,310000,320000,10919.025660037454
chr3,320000,330000,10922.224136405408
chr3,330000,340000,11032.717676947417
chr3,340000,350000,11162.65088526667
chr3,350000,360000,11165.806437866999
chr3,360000,370000,11268.495624722482
chr3,370000,380000,11324.856376121119
chr3,380000,390000,11349.966973912318
chr3,390000,400000,11416.10081351947
chr3,400000,410000,11494.415773357689
chr3,410000,420000,11544.43804976666
chr3,420000,430000,
chr3,430000,440000,
chr3,440000,450000,
chr3,450000,460000,
chr3,460000,470000,
chr3,470000,480000,
chr3,480000,490000,
chr3,490000,500000,
chr3,500000,510000,
chr3,510000,520000,
chr3,520000,530000,
chr3,530000,540000,
chr3,540000,550000,
chr3,550000,560000,
chr3,560000,570000,
chr3,570000,580000,
chr3,580000,590000,
chr3,590000,600000,
chr3,600000,610000,
chr3,610000,620000,
chr3,620000,630000,
chr3,630000,640000,
chr3,640000,650000,
chr3,650000,660000,
chr3,660000,670000,
chr3,670000,680000,
chr3,680000,690000,
chr3,690000,700000,
chr3,700000,710000,
chr3,710000,720000,
chr3,720000,730000,
chr3,730000,740000,
chr3,740000,750000,
chr3,750000,760000,
chr3,760000,770000,
chr3,770000,780000,
chr3,780000,790000,
chr3,790000,800000,
chr3,800000,810000,
chr3,810000,820000,
chr3,820000,830000,
chr3,830000,840000,
chr3,840000,850000,
chr3,850000,860000,
chr3,860000,870000,
chr3,870000,880000,
chr3,880000,890000,
chr3,890000,900000,
chr3,900000,910000,
chr3,910000,920000,
chr3,920000,930000,
chr3,930000,940000,12200.344134482826
chr3,940000,950000,12087.613800505296
chr3,950000,960000,11894.41184729162
chr3,960000,970000,11837.220256411896
chr3,970000,980000,11831.706180941559
chr3,980000,990000,11766.391536130524
chr3,990000,1000000,11785.208237553583
chr3,1000000,1010000,11745.612875475379
chr3,1010000,1020000,11718.44674241132
chr3,1020000,1030000,11669.267336889663
chr3,1030000,1040000,11645.376580016988
chr3,1040000,1050000,11602.77843779053
chr3,1050000,1060000,11480.7190048883
chr3,1060000,1070000,11353.650011925754
chr3,1070000,1080000,11396.094819456239
chr3,1080000,1090000,11334.672137156223
chr3,1090000,1100000,11372.14807897737
chr3,1100000,1110000,11344.527657055583
chr3,1110000,1120000,11381.402827766418
chr3,1120000,1130000,11390.205122260983
chr3,1130000,1140000,11493.12458493011
chr3,1140000,1150000,11610.318402507864
chr3,1150000,1160000,11726.690262184928
chr3,1160000,1170000,11759.141030766918
chr3,1170000,1180000,11773.925122751687
chr3,1180000,1190000,11797.495691352404
chr3,1190000,1200000,11869.451500179674
chr3,1200000,1210000,11890.493267887903
chr3,1210000,1220000,11951.879825636137
chr3,1220000,1230000,11975.703167287109
chr3,1230000,1240000,12092.532715673462
chr3,1240000,1250000,12110.66255743566
chr3,1250000,1260000,12160.314963671059
chr3,1260000,1270000,12360.312186713905
chr3,1270000,1280000,12445.23246805969
chr3,1280000,1290000,12698.862583674296
chr3,1290000,1300000,12857.548476173964
chr3,1300000,1310000,12993.026981787736
chr3,1310000,1320000,13114.387224253172
chr3,1320000,1330000,13204.732307050243
chr3,1330000,1340000,13249.747983364883
chr3,1340000,1350000,13250.961335724975
chr3,1350000,1360000,13162.01558766927
chr3,1360000,1370000,13059.323833149125
chr3,1370000,1380000,13052.15988687552
chr3,1380000,1390000,13072.444350048465
chr3,1390000,1400000,13255.876527848393
chr3,1400000,1410000,13317.6580996926
chr3,1410000,1420000,13503.966423505022
chr3,1420000,1430000,13671.67213441549
chr3,1430000,1440000,13750.600068321875
chr3,1440000,1450000,13700.05835359737
chr3,1450000,1460000,13591.06741319877
chr3,1460000,1470000,13406.205311813059
chr3,1470000,1480000,13215.21721060827
chr3,1480000,1490000,13072.8021497667
chr4,0,10000,13656.056525392749
chr4,10000,20000,
chr4,20000,30000,
chr4,30000,40000,
chr4,40000,50000,
chr4,50000,60000,
chr4,60000,70000,
chr4,70000,80000,
chr4,80000,90000,
chr4,90000,100000,
chr4,100000,110000,
chr4,110000,120000,
chr4,120000,130000,
chr4,130000,140000,
chr4,140000,150000,
chr4,150000,160000,
chr4,160000,170000,
chr4,170000,180000,
chr4,180000,190000,
chr4,190000,200000,
chr4,200000,210000,
chr4,210000,220000,
chr4,220000,230000,
chr4,230000,240000,
chr4,240000,250000,
chr4,250000,260000,
chr4,260000,270000,
chr4,270000,280000,
chr4,280000,290000,
chr4,290000,300000,
chr4,300000,310000,
chr4,310000,320000,
chr4,320000,330000,
chr4,330000,340000,
chr4,340000,350000,
chr4,350000,360000,
chr4,360000,370000,
chr4,370000,380000,
chr4,380000,390000,
chr4,390000,400000,
chr4,400000,410000,
chr4,410000,420000,
chr4,420000,430000,
chr4,430000,440000,
chr4,440000,450000,
chr4,450000,460000,
chr4,460000,470000,
chr4,470000,480000,
chr4,480000,490000,
chr4,490000,500000,
chr4,500000,510000,
chr4,510000,520000,
chr4,520000,530000,12441.460533662783
chr4,530000,540000,12438.323712905867
chr4,540000,550000,12368.080673511271
chr4,550000,560000,12403.402714666016
chr4,560000,570000,12376.149625378133
chr4,570000,580000,12499.755191710598
chr4,580000,590000,12594.826981738042
chr4,590000,600000,12473.819592876145
chr4,600000,610000,12414.222732860058
chr4,610000,620000,12377.697063457823
chr4,620000,630000,12352.243791309007
chr4,630000,640000,12320.664477706676
chr4,640000,650000,12255.456167556029
chr4,650000,660000,12193.908008370601
chr4,660000,670000,12163.701965471384
chr4,670000,680000,12115.52515891223
chr4,680000,690000,12157.763533510828
chr4,690000,700000,12205.850499980468
chr4,700000,710000,12189.46281940066
chr4,710000,720000,12171.677814897488
chr4,720000,730000,12154.345120631253
chr4,730000,740000,12151.30407622721
chr4,740000,750000,12130.210728485947
chr4,750000,760000,12128.064705310915
chr4,760000,770000,12143.49539907751
chr4,770000,780000,12232.86515505243
chr4,780000,790000,12340.093787153493
chr4,790000,800000,12393.170787898087
chr4,800000,810000,12337.171304944051
chr4,810000,820000,12317.693899506747
chr4,820000,830000,12378.530853694561
chr4,830000,840000,12445.771391394557
chr4,840000,850000,12615.540779275061
chr4,850000,860000,12655.245092063564
chr4,860000,870000,12741.81202501292
chr4,870000,880000,12803.802152265838
chr4,880000,890000,12881.281556490505
chr4,890000,900000,12885.167968260388
chr4,900000,910000,12947.114600369707
chr4,910000,920000,12812.356346822538
chr4,920000,930000,12682.957677779012
chr4,930000,940000,12602.364132012814
chr4,940000,950000,12627.380434929977
chr4,950000,960000,12646.206432983496
chr4,960000,970000,12592.307223517037
chr4,970000,980000,12454.554027062239
chr4,980000,990000,12418.00847095154
chr4,990000,1000000,12410.587804880417
chr4,1000000,1010000,12435.36486456212
chr4,1010000,1020000,12480.380520519642
chr4,1020000,1030000,12347.40563386313
chr4,1030000,1040000,12276.92119806594
chr4,1040000,1050000,12302.689841383994
chr4,1050000,1060000,12263.149292173062
chr4,1060000,1070000,12172.410159756224
chr4,1070000,1080000,12226.180001559982
chr4,1080000,1090000,12279.00009237593
chr4,1090000,1100000,12307.09652611099
chr4,1100000,1110000,12294.996844018311
chr4,1110000,1120000,12364.376714106305
chr4,1120000,1130000,12430.10700343381
chr4,1130000,1140000,12469.454948085537
chr4,1140000,1150000,12573.87514318571
chr4,1150000,1160000,12631.854933829405
chr4,1160000,1170000,12659.970343549445
chr4,1170000,1180000,12645.186760082233
chr4,1180000,1190000,12563.694301467878
chr4,1190000,1200000,12706.101119629358
chr4,1200000,1210000,12719.293234898867
chr4,1210000,1220000,12749.529337444257
chr4,1220000,1230000,12746.979786000884
chr4,1230000,1240000,12837.913094677928
chr4,1240000,1250000,12957.241896785108
chr4,1250000,1260000,13011.289298501584
chr4,1260000,1270000,13014.186210356638
chr4,1270000,1280000,13024.18215778921
chr4,1280000,1290000,13097.039644717473
chr4,1290000,1300000,13183.104735400822
chr4,1300000,1310000,13295.224035702717
chr4,1310000,1320000,13392.615275770127
chr4,1320000,1330000,13419.336213521909
chr4,1330000,1340000,13389.411494937567
chr4,1340000,1350000,13486.279790302908
chr4,1350000,1360000,13426.758603498743
chr4,1360000,1370000,13359.732883512643
chr4,1370000,1380000,13335.49499437235
chr4,1380000,1390000,13359.844987593639
chr4,1390000,1400000,13431.615766054869
chr4,1400000,1410000,13690.349850723132
chr4,1410000,1420000,13856.576037275428
chr5,0,10000,
chr5,10000,20000,
chr5,20000,30000,
chr5,30000,40000,
chr5,40000,50000,
chr5,50000,60000,
chr5,60000,70000,
chr5,70000,80000,
chr5,80000,90000,
chr5,90000,100000,
chr5,100000,110000,
chr5,110000,120000,
chr5,120000,130000,
chr5,130000,140000,
chr5,140000,150000,
chr5,150000,160000,
chr5,160000,170000,
chr5,170000,180000,
chr5,180000,190000,
chr5,190000,200000,
chr5,200000,210000,
chr5,210000,220000,
chr5,220000,230000,
chr5,230000,240000,
chr5,240000,250000,
chr5,250000,260000,
chr5,260000,270000,
chr5,270000,280000,
chr5,280000,290000,
chr5,290000,300000,
chr5,300000,310000,
chr5,310000,320000,
chr5,320000,330000,
chr5,330000,340000,
chr5,340000,350000,
chr5,350000,360000,
chr5,360000,370000,
chr5,370000,380000,
chr5,380000,390000,
chr5,390000,400000,
chr5,400000,410000,
chr5,410000,420000,
chr5,420000,430000,
chr5,430000,440000,
chr5,440000,450000,
chr5,450000,460000,
chr5,460000,470000,
chr5,470000,480000,
chr5,480000,490000,
chr5,490000,500000,12556.800502028053
chr5,500000,510000,12530.474857028132
chr5,510000,520000,12602.88185039059
chr5,520000,530000,12645.593007202231
chr5,530000,540000,12595.83990910185
chr5,540000,550000,12587.483241796268
chr5,550000,560000,12592.727872359175
chr5,560000,570000,12599.922439158277
chr5,570000,580000,12621.740739814597
chr5,580000,590000,12686.567731405728
chr5,590000,600000,12712.579926140346
chr5,600000,610000,12790.241849993077
chr5,610000,620000,12809.162024827314
chr5,620000,630000,12876.503393012605
chr5,630000,640000,12885.459592979742
chr5,640000,650000,12901.749277123408
chr5,650000,660000,12975.455706533498
chr5,660000,670000,13024.723887857392
chr5,670000,680000,13051.24193777762
chr5,680000,690000,13091.58768251393
chr5,690000,700000,13168.245520474467
chr5,700000,710000,13283.23227990206
chr5,710000,720000,13331.551686270483
chr5,720000,730000,13463.179773363803
chr5,730000,740000,13545.010757878132
chr5,740000,750000,13572.435297073189
chr5,750000,760000,13809.516651352142
chr5,760000,770000,14026.072056932057
chr5,770000,780000,14085.164422683372
chr5,780000,790000,14174.131578027642
chr5,790000,800000,14334.938391616612
chr5,800000,810000,14464.031842233988
chr5,810000,820000,14476.185927676079
chr5,820000,830000,14375.164414529603
chr5,830000,840000,14283.194345704347
chr5,840000,850000,14021.94173704498
chr5,850000,860000,13818.21346193027
chr5,860000,870000,13659.197209176475
chr5,870000,880000,13584.758491796885
chr5,880000,890000,13398.018763307859
chr5,890000,900000,13171.53267258638
chr5,900000,910000,13111.592574914348
chr5,910000,920000,13003.542976468387
chr5,920000,930000,12822.61528871233
chr5,930000,940000,12700.31988670895
chr5,940000,950000,12773.123053788335
chr5,950000,960000,12796.832102484681
chr5,960000,970000,12833.267846550618
chr5,970000,980000,12760.506720249541
chr5,980000,990000,12695.979889432572
chr5,990000,1000000,12653.304603714549
chr5,1000000,1010000,12412.76495838134
chr5,1010000,1020000,12377.367495910885
chr5,1020000,1030000,12308.121942721911
chr5,1030000,1040000,12277.372879830327
chr5,1040000,1050000,12244.803640654445
chr5,1050000,1060000,12197.809888928725
chr5,1060000,1070000,12115.381753896198
chr5,1070000,1080000,12121.082503249414
chr5,1080000,1090000,12034.918842801962
chr5,1090000,1100000,12062.8375391121
chr5,1100000,1110000,12137.83514834642
chr5,1110000,1120000,12092.387578315082
chr5,1120000,1130000,12196.056650913039
chr5,1130000,1140000,12387.890704192389
chr5,1140000,1150000,12418.607496801182
chr5,1150000,1160000,12508.013365928307
chr5,1160000,1170000,12499.054150044416
chr5,1170000,1180000,12603.786687346681
chr5,1180000,1190000,12606.939379494344
chr5,1190000,1200000,12640.259885509246
chr5,1200000,1210000,12619.959356360256
chr5,1210000,1220000,12572.536150256381
chr5,1220000,1230000,12457.007933155654
chr5,1230000,1240000,12379.801711121734
chr5,1240000,1250000,12102.219573962182
chr5,1250000,1260000,12110.51995077346
chr5,1260000,1270000,12099.374535507608
chr5,1270000,1280000,12021.528339558545
chr5,1280000,1290000,11947.177200149994
chr5,1290000,1300000,11987.572262390655
chr5,1300000,1310000,11996.499762362622
chr6,0,10000,11432.216891498705
chr6,10000,20000,11361.866382374143
chr6,20000,30000,11347.604848540057
chr6,30000,40000,11359.016338432211
chr6,40000,50000,11348.646449289465
chr6,50000,60000,11350.104881469357
chr6,60000,70000,11338.818951749481
chr6,70000,80000,11263.515826516832
chr6,80000,90000,11190.655665747283
chr6,90000,100000,11081.98834020646
chr6,100000,110000,
chr6,110000,120000,
chr6,120000,130000,
chr6,130000,140000,
chr6,140000,150000,
chr6,150000,160000,
chr6,160000,170000,
chr6,170000,180000,
chr6,180000,190000,
chr6,190000,200000,
chr6,200000,210000,
chr6,210000,220000,
chr6,220000,230000,
chr6,230000,240000,
chr6,240000,250000,
chr6,250000,260000,
chr6,260000,270000,
chr6,270000,280000,
chr6,280000,290000,
chr6,290000,300000,
chr6,300000,310000,
chr6,310000,320000,
chr6,320000,330000,
chr6,330000,340000,
chr6,340000,350000,
chr6,350000,360000,
chr6,360000,370000,
chr6,370000,380000,
chr6,380000,390000,
chr6,390000,400000,
chr6,400000,410000,
chr6,410000,420000,
chr6,420000,430000,
chr6,430000,440000,
chr6,440000,450000,
chr6,450000,460000,
chr6,460000,470000,
chr6,470000,480000,
chr6,480000,490000,
chr6,490000,500000,
chr6,500000,510000,
chr6,510000,520000,
chr6,520000,530000,
chr6,530000,540000,
chr6,540000,550000,
chr6,550000,560000,
chr6,560000,570000,
chr6,570000,580000,
chr6,580000,590000,
chr6,590000,600000,
chr6,600000,610000,
chr6,610000,620000,13487.228491489252
chr6,620000,630000,13285.211760174501
chr6,630000,640000,13211.17415990416
chr6,640000,650000,13110.371418476372
chr6,650000,660000,13196.544517425089
chr6,660000,670000,13126.642283947605
chr6,670000,680000,13080.41915773129
chr6,680000,690000,12970.187537812102
chr6,690000,700000,12959.982887677868
chr6,700000,710000,12946.40299035864
chr6,710000,720000,13038.998992092682
chr6,720000,730000,13115.148786484675
chr6,730000,740000,13203.230002303282
chr6,740000,750000,13249.753759664616
chr6,750000,760000,13245.938238711133
chr6,760000,770000,13282.223988835605
chr6,770000,780000,13288.381737212849
chr6,780000,790000,13263.643606351416
chr6,790000,800000,13184.39708875273
chr6,800000,810000,13180.844866121528
chr6,810000,820000,13161.500390072371
chr6,820000,830000,13096.309447841984
chr6,830000,840000,13038.416363358829
chr6,840000,850000,13053.50454456375
chr6,850000,860000,12999.642562787265
chr6,860000,870000,13024.43130761094
chr6,870000,880000,13064.54854658986
chr6,880000,890000,12986.244733515454
chr6,890000,900000,12906.566851071884
chr6,900000,910000,12933.614297366015
chr6,910000,920000,13019.997063239496
chr6,920000,930000,13201.30015541481
chr6,930000,940000,13219.670008003213
chr6,940000,950000,13184.767360371185
chr6,950000,960000,13162.979329012325
chr6,960000,970000,13175.264879610111
chr6,970000,980000,13152.195098654825
chr6,980000,990000,13135.28024246939
chr6,990000,1000000,13113.288017477596
chr6,1000000,1010000,13054.86082559498
chr6,1010000,1020000,12925.727189429235
chr6,1020000,1030000,12859.363961340965
chr6,1030000,1040000,12791.367380407939
chr6,1040000,1050000,12766.966786453791
chr6,1050000,1060000,12806.776123628331
chr6,1060000,1070000,12725.143645930026
chr6,1070000,1080000,12771.31878851168
chr6,1080000,1090000,12858.826484369634
chr6,1090000,1100000,12867.250345487473
chr6,1100000,1110000,12891.193518638605
chr6,1110000,1120000,12912.298493557479
chr6,1120000,1130000,12948.798186112626
chr6,1130000,1140000,12968.553444076288
chr6,1140000,1150000,12940.468697035263
chr6,1150000,1160000,13066.606310906249
chr6,1160000,1170000,13174.003449877075
chr6,1170000,1180000,13266.690273275512
chr6,1180000,1190000,13240.822552438905
chr6,1190000,1200000,13264.552492593162
chr6,1200000,1210000,13276.534868449144
chr6,1210000,1220000,13354.00983161544
chr7,0,10000,12770.936773909807
chr7,10000,20000,12853.825005762812
chr7,20000,30000,12914.513319368862
chr7,30000,40000,12987.546279597498
chr7,40000,50000,13069.020009048374
chr7,50000,60000,13233.138334414967
chr7,60000,70000,13371.546944608996
chr7,70000,80000,13459.150158288296
chr7,80000,90000,13302.306621829654
chr7,90000,100000,13312.088549393702
chr7,100000,110000,
chr7,110000,120000,
chr7,120000,130000,
chr7,130000,140000,
chr7,140000,150000,
chr7,150000,160000,
chr7,160000,170000,
chr7,170000,180000,
chr7,180000,190000,
chr7,190000,200000,
chr7,200000,210000,
chr7,210000,220000,
chr7,220000,230000,
chr7,230000,240000,
chr7,240000,250000,
chr7,250000,260000,
chr7,260000,270000,
chr7,270000,280000,
chr7,280000,290000,
chr7,290000,300000,
chr7,300000,310000,
chr7,310000,320000,
chr7,320000,330000,
chr7,330000,340000,
chr7,340000,350000,
chr7,350000,360000,
chr7,360000,370000,
chr7,370000,380000,
chr7,380000,390000,
chr7,390000,400000,
chr7,400000,410000,
chr7,410000,420000,
chr7,420000,430000,
chr7,430000,440000,
chr7,440000,450000,
chr7,450000,460000,
chr7,460000,470000,
chr7,470000,480000,
chr7,480000,490000,
chr7,490000,500000,
chr7,500000,510000,
chr7,510000,520000,
chr7,520000,530000,
chr7,530000,540000,
chr7,540000,550000,
chr7,550000,560000,
chr7,560000,570000,
chr7,570000,580000,
chr7,580000,590000,
chr7,590000,600000,
chr7,600000,610000,
chr7,610000,620000,11512.930455948068
chr7,620000,630000,11805.603086066203
chr7,630000,640000,11804.554233423174
chr7,640000,650000,11762.078774238684
chr7,650000,660000,11859.125533480708
chr7,660000,670000,12004.043684721848
chr7,670000,680000,12059.12337001444
chr7,680000,690000,12015.490571132876
chr7,690000,700000,12039.129298842114
chr7,700000,710000,12124.389712919465
chr7,710000,720000,12290.398427215237
chr7,720000,730000,12529.86583313497
chr7,730000,740000,12662.71729447606
chr7,740000,750000,12640.123046640298
chr7,750000,760000,12879.760255210731
chr7,760000,770000,13075.280589476102
chr7,770000,780000,13308.10020751498
chr7,780000,790000,13294.351761110769
chr7,790000,800000,13089.030546756247
chr7,800000,810000,12930.10401322227
chr7,810000,820000,12811.349589023572
chr7,820000,830000,12651.811406036059
chr7,830000,840000,12555.75774922474
chr7,840000,850000,12423.262342699154
chr7,850000,860000,12291.591301489098
chr7,860000,870000,12213.661700117642
chr7,870000,880000,12147.385586442952
chr7,880000,890000,12110.641804332538
chr7,890000,900000,12044.80903419888
chr7,900000,910000,11960.872254416054
chr7,910000,920000,11931.755804021444
chr7,920000,930000,11963.32103436398
chr7,930000,940000,11968.997954933599
chr7,940000,950000,11971.196775844968
chr7,950000,960000,11944.659700220973
chr7,960000,970000,11961.127382727951
chr7,970000,980000,12067.073655264174
chr7,980000,990000,12261.445969169865
chr7,990000,1000000,12347.273495167186
chr7,1000000,1010000,12453.176802933447
chr7,1010000,1020000,12546.066240661115
chr7,1020000,1030000,12660.898092078854
chr7,1030000,1040000,12687.199358312353
chr7,1040000,1050000,12676.998739027365
chr7,1050000,1060000,12773.899582047829
chr7,1060000,1070000,12850.450891937331
chr7,1070000,1080000,12940.365027178677
chr7,1080000,1090000,13028.332973093888
chr7,1090000,1100000,13021.387531562556
chr8,0,10000,
chr8,10000,20000,
chr8,20000,30000,
chr8,30000,40000,
chr8,40000,50000,
chr8,50000,60000,
chr8,60000,70000,
chr8,70000,80000,
chr8,80000,90000,
chr8,90000,100000,
chr8,100000,110000,
chr8,110000,120000,
chr8,120000,130000,
chr8,130000,140000,
chr8,140000,150000,
chr8,150000,160000,
chr8,160000,170000,
chr8,170000,180000,
chr8,180000,190000,
chr8,190000,200000,
chr8,200000,210000,
chr8,210000,220000,
chr8,220000,230000,
chr8,230000,240000,
chr8,240000,250000,
chr8,250000,260000,
chr8,260000,270000,
chr8,270000,280000,
chr8,280000,290000,
chr8,290000,300000,
chr8,300000,310000,
chr8,310000,320000,
chr8,320000,330000,
chr8,330000,340000,
chr8,340000,350000,
chr8,350000,360000,
chr8,360000,370000,
chr8,370000,380000,
chr8,380000,390000,
chr8,390000,400000,
chr8,400000,410000,
chr8,410000,420000,
chr8,420000,430000,
chr8,430000,440000,
chr8,440000,450000,
chr8,450000,460000,
chr8,460000,470000,13415.961606033858
chr8,470000,480000,13295.450867800892
chr8,480000,490000,13317.424174022324
chr8,490000,500000,13344.74682140893
chr8,500000,510000,13176.053874344305
chr8,510000,520000,13041.933588256048
chr8,520000,530000,12895.04647157441
chr8,530000,540000,12886.497112494899
chr8,540000,550000,12880.491713533687
chr8,550000,560000,12868.481940340922
chr8,560000,570000,12835.69542976066
chr8,570000,580000,12894.31596210556
chr8,580000,590000,12909.244109824209
chr8,590000,600000,12871.249424186854
chr8,600000,610000,12839.061992172175
chr8,610000,620000,12869.974941649349
chr8,620000,630000,12933.31391205138
chr8,630000,640000,12957.20745179998
chr8,640000,650000,13004.307575149272
chr8,650000,660000,13000.008381321135
chr8,660000,670000,13087.121044121597
chr8,670000,680000,13171.732026008096
chr8,680000,690000,13292.727593053347
chr8,690000,700000,13343.596742891012
chr8,700000,710000,13372.787406341824
chr8,710000,720000,13357.130833594176
chr8,720000,730000,13352.820384471603
chr8,730000,740000,13344.713097847673
chr8,740000,750000,13347.712737223927
chr8,750000,760000,13356.36683438554
chr8,760000,770000,13322.36086950447
chr8,770000,780000,13179.147823509704
chr8,780000,790000,13024.027064464379
chr8,790000,800000,12969.412547677415
chr8,800000,810000,13083.2674030868
chr8,810000,820000,13143.187140798873
chr8,820000,830000,13172.537221424884
chr8,830000,840000,13221.222637669216
chr8,840000,850000,13191.206173804034
chr8,850000,860000,13155.722430617376
chr8,860000,870000,13167.497397176476
chr8,870000,880000,13204.762689473502
chr8,880000,890000,13277.230602066938
chr8,890000,900000,13321.313945816733
chr8,900000,910000,13366.715364643409
chr8,910000,920000,13310.06296385145
chr8,920000,930000,13264.997464450735
chr8,930000,940000,13161.309322889745
chr8,940000,950000,13128.018017430399
chr8,950000,960000,13023.687626009882
chr8,960000,970000,12894.746558964158
chr9,0,10000,
chr9,10000,20000,
chr9,20000,30000,
chr9,30000,40000,
chr9,40000,50000,
chr9,50000,60000,
chr9,60000,70000,
chr9,70000,80000,
chr9,80000,90000,
chr9,90000,100000,
chr9,100000,110000,
chr9,110000,120000,
chr9,120000,130000,
chr9,130000,140000,
chr9,140000,150000,
chr9,150000,160000,
chr9,160000,170000,
chr9,170000,180000,
chr9,180000,190000,
chr9,190000,200000,
chr9,200000,210000,
chr9,210000,220000,
chr9,220000,230000,
chr9,230000,240000,
chr9,240000,250000,
chr9,250000,260000,
chr9,260000,270000,
chr9,270000,280000,
chr9,280000,290000,
chr9,290000,300000,
chr9,300000,310000,
chr9,310000,320000,
chr9,320000,330000,
chr9,330000,340000,
chr9,340000,350000,
chr9,350000,360000,
chr9,360000,370000,
chr9,370000,380000,
chr9,380000,390000,
chr9,390000,400000,
chr9,400000,410000,
chr9,410000,420000,
chr9,420000,430000,
chr9,430000,440000,
chr9,440000,450000,
chr9,450000,460000,
chr9,460000,470000,
chr9,470000,480000,
chr9,480000,490000,
chr9,490000,500000,
chr9,500000,510000,
chr9,510000,520000,
chr9,520000,530000,
chr9,530000,540000,
chr9,540000,550000,
chr9,550000,560000,
chr9,560000,570000,
chr9,570000,580000,
chr9,580000,590000,
chr9,590000,600000,
chr9,600000,610000,
chr9,610000,620000,
chr9,620000,630000,
chr9,630000,640000,
chr9,640000,650000,
chr9,650000,660000,11843.735809287136
chr9,660000,670000,12107.079254296701
chr9,670000,680000,12130.925890466448
chr9,680000,690000,12234.534917572115
chr9,690000,700000,12435.288865917812
chr9,700000,710000,12712.013028634448
chr9,710000,720000,12814.649451001429
chr9,720000,730000,12945.85625203287
chr9,730000,740000,13033.714114404867
chr9,740000,750000,12952.8391396475
chr9,750000,760000,12811.453235103108
chr9,760000,770000,12733.862467415001
chr9,770000,780000,12619.565360171882
chr9,780000,790000,12518.441822515642
chr9,790000,800000,12381.127489059707
chr9,800000,810000,12329.859024902578
chr9,810000,820000,12173.704537773376
chr9,820000,830000,11865.408032605106
chr9,830000,840000,11662.678751878908
chr9,840000,850000,11433.46646399031
chr9,850000,860000,11328.744052103393
chr9,860000,870000,11333.518220171383
chr9,870000,880000,11272.851070882854
chr9,880000,890000,11225.869606993829
chr9,890000,900000,11305.696739295277
chr9,900000,910000,11172.454246924202
chr9,910000,920000,11082.617005563816
chr10,0,10000,
chr10,10000,20000,
chr10,20000,30000,
chr10,30000,40000,
chr10,40000,50000,
chr10,50000,60000,
chr10,60000,70000,
chr10,70000,80000,
chr10,80000,90000,
chr10,90000,100000,
chr10,100000,110000,
chr10,110000,120000,
chr10,120000,130000,
chr10,130000,140000,
chr10,140000,150000,
chr10,150000,160000,
chr10,160000,170000,
chr10,170000,180000,
chr10,180000,190000,
chr10,190000,200000,
chr10,200000,210000,
chr10,210000,220000,
chr10,220000,230000,
chr10,230000,240000,
chr10,240000,250000,
chr10,250000,260000,
chr10,260000,270000,
chr10,270000,280000,
chr10,280000,290000,
chr10,290000,300000,
chr10,300000,310000,
chr10,310000,320000,
chr10,320000,330000,
chr10,330000,340000,
chr10,340000,350000,
chr10,350000,360000,
chr10,360000,370000,
chr10,370000,380000,
chr10,380000,390000,
chr10,390000,400000,
chr10,400000,410000,
chr10,410000,420000,
chr10,420000,430000,11809.494666986979
chr10,430000,440000,11880.558838203051
chr10,440000,450000,11922.541719657489
chr10,450000,460000,11905.145083235848
chr10,460000,470000,11752.884075566135
chr10,470000,480000,11626.096570535909
chr10,480000,490000,11511.457954823674
chr10,490000,500000,11459.706706428564
chr10,500000,510000,11350.82241187463
chr10,510000,520000,11311.344732665772
chr10,520000,530000,11393.801466062354
chr10,530000,540000,11309.408521274414
chr10,540000,550000,11244.090822872815
chr10,550000,560000,11043.67409744134
chr10,560000,570000,10895.764817929361
chr10,570000,580000,10755.725359741915
chr10,580000,590000,10607.722821326408
chr10,590000,600000,10543.304164052655
chr10,600000,610000,10543.189185390904
chr10,610000,620000,10591.844952519967
chr10,620000,630000,10589.427247024194
chr10,630000,640000,10541.64959362549
chr10,640000,650000,10557.062296502545
chr10,650000,660000,10531.869570818526
chr10,660000,670000,10541.304438852883
chr10,670000,680000,10452.363474719232
chr10,680000,690000,10454.224386500186
chr10,690000,700000,10541.500190355422
chr10,700000,710000,10597.140057560817
chr10,710000,720000,10665.776778326028
chr10,720000,730000,10673.059214343493
chr10,730000,740000,10689.455551372117
chr10,740000,750000,10763.374859448802
chr10,750000,760000,10857.499891803081
chr10,760000,770000,10983.520955787239
chr10,770000,780000,11135.976927991467
chr10,780000,790000,11139.677784078023
chr10,790000,800000,11115.846754097343
chr10,800000,810000,11194.187226722268
chr10,810000,820000,11270.516309058808
chr10,820000,830000,11384.186568401286
chr10,830000,840000,11460.22317339499
chr10,840000,850000,11643.7535872464
chr10,850000,860000,11719.194208336408
chr11,0,10000,12381.454477955913
chr11,10000,20000,12577.085301999363
chr11,20000,30000,12474.205034947538
chr11,30000,40000,
chr11,40000,50000,
chr11,50000,60000,
chr11,60000,70000,
chr11,70000,80000,
chr11,80000,90000,
chr11,90000,100000,
chr11,100000,110000,
chr11,110000,120000,
chr11,120000,130000,
chr11,130000,140000,
chr11,140000,150000,
chr11,150000,160000,
chr11,160000,170000,
chr11,170000,180000,
chr11,180000,190000,
chr11,190000,200000,
chr11,200000,210000,
chr11,210000,220000,
chr11,220000,230000,
chr11,230000,240000,
chr11,240000,250000,
chr11,250000,260000,
chr11,260000,270000,
chr11,270000,280000,
chr11,280000,290000,
chr11,290000,300000,
chr11,300000,310000,
chr11,310000,320000,
chr11,320000,330000,
chr11,330000,340000,
chr11,340000,350000,
chr11,350000,360000,
chr11,360000,370000,
chr11,370000,380000,
chr11,380000,390000,
chr11,390000,400000,
chr11,400000,410000,
chr11,410000,420000,
chr11,420000,430000,
chr11,430000,440000,
chr11,440000,450000,
chr11,450000,460000,
chr11,460000,470000,
chr11,470000,480000,
chr11,480000,490000,
chr11,490000,500000,
chr11,500000,510000,
chr11,510000,520000,
chr11,520000,530000,
chr11,530000,540000,
chr11,540000,550000,10431.567008640382
chr11,550000,560000,10520.90667512262
chr11,560000,570000,10670.600092598339
chr11,570000,580000,10788.453553128013
chr11,580000,590000,10778.722583121491
chr11,590000,600000,10786.790698555435
chr11,600000,610000,10871.620068446176
chr11,610000,620000,10994.37887508842
chr11,620000,630000,11072.142216984033
chr11,630000,640000,11110.778837693893
chr11,640000,650000,11216.617157158471
chr11,650000,660000,11278.461331486486
chr11,660000,670000,11348.978293725902
chr11,670000,680000,11457.222538908538
chr11,680000,690000,11475.482060284381
chr11,690000,700000,11361.556765098201
chr11,700000,710000,11317.952357609653
chr11,710000,720000,11337.77628239785
chr11,720000,730000,11392.657371764204
chr11,730000,740000,11498.986386464105
chr11,740000,750000,11600.381557370412
chr11,750000,760000,11667.33652919041
chr11,760000,770000,11747.842717785245
chr11,770000,780000,11832.251351480696
chr11,780000,790000,11950.266878948933
chr11,790000,800000,11949.05146823278
chr11,800000,810000,11900.467113367458
chr11,810000,820000,11892.50952269527
chr11,820000,830000,11878.253263677925
chr11,830000,840000,11868.918344899732
chr11,840000,850000,11852.792624305115
chr11,850000,860000,11797.96594499174
chr12,0,10000,
chr12,10000,20000,
chr12,20000,30000,
chr12,30000,40000,
chr12,40000,50000,
chr12,50000,60000,
chr12,60000,70000,
chr12,70000,80000,
chr12,80000,90000,
chr12,90000,100000,
chr12,100000,110000,
chr12,110000,120000,
chr12,120000,130000,
chr12,130000,140000,
chr12,140000,150000,
chr12,150000,160000,
chr12,160000,170000,
chr12,170000,180000,
chr12,180000,190000,
chr12,190000,200000,
chr12,200000,210000,
chr12,210000,220000,
chr12,220000,230000,
chr12,230000,240000,
chr12,240000,250000,
chr12,250000,260000,
chr12,260000,270000,
chr12,270000,280000,
chr12,280000,290000,
chr12,290000,300000,
chr12,300000,310000,
chr12,310000,320000,
chr12,320000,330000,
chr12,330000,340000,
chr12,340000,350000,
chr12,350000,360000,
chr12,360000,370000,
chr12,370000,380000,12502.577779456864
chr12,380000,390000,12491.79004393695
chr12,390000,400000,12487.089159739604
chr12,400000,410000,12564.575225337325
chr12,410000,420000,12638.040941395227
chr12,420000,430000,12608.91536477444
chr12,430000,440000,12582.407479553542
chr12,440000,450000,12592.984778969829
chr12,450000,460000,12606.443285493893
chr12,460000,470000,12576.37401819174
chr12,470000,480000,12512.698745833593
chr12,480000,490000,12584.155558420782
chr12,490000,500000,12743.931630931704
chr12,500000,510000,12862.31570277464
chr12,510000,520000,12972.113248600732
chr12,520000,530000,13080.535269654427
chr12,530000,540000,13097.369373502857
chr12,540000,550000,13286.359132234058
chr12,550000,560000,13332.271854517081
chr12,560000,570000,13405.371717328602
chr12,570000,580000,13480.813740890866
chr12,580000,590000,13588.69719460811
chr12,590000,600000,13501.782115134685
chr12,600000,610000,13331.498188212265
chr12,610000,620000,13110.112340489008
chr12,620000,630000,12995.149511559848
chr12,630000,640000,12847.816581044308
chr12,640000,650000,12766.510731700053
chr12,650000,660000,12683.096556491571
chr12,660000,670000,12556.636436468661
chr12,670000,680000,12587.102175908742
chr12,680000,690000,12574.68174763142
chr12,690000,700000,12561.660933782017
chr12,700000,710000,12623.94426979272
chr12,710000,720000,12505.808766256769
chr12,720000,730000,12320.16512756808
chr12,730000,740000,12133.356639089438
chr12,740000,750000,11989.937978053345
chr12,750000,760000,11959.359260076948
chr12,760000,770000,11858.129938475558
chr12,770000,780000,11803.843644470102
chr12,780000,790000,11859.966690483225
chr12,790000,800000,11917.982626914834
chr12,800000,810000,11908.653154648277
chr12,810000,820000,12095.805296048193
chr12,820000,830000,12184.196108017037
chr12,830000,840000,12128.481427763758
chr13,0,10000,
chr13,10000,20000,
chr13,20000,30000,
chr13,30000,40000,
chr13,40000,50000,
chr13,50000,60000,
chr13,60000,70000,
chr13,70000,80000,
chr13,80000,90000,
chr13,90000,100000,
chr13,100000,110000,
chr13,110000,120000,
chr13,120000,130000,
chr13,130000,140000,
chr13,140000,150000,
chr13,150000,160000,
chr13,160000,170000,
chr13,170000,180000,
chr13,180000,190000,
chr13,190000,200000,12841.331181148238
chr13,200000,210000,12897.319791776772
chr13,210000,220000,12866.92297976206
chr13,220000,230000,12854.007861972046
chr13,230000,240000,12814.90959816268
chr13,240000,250000,12795.67063297732
chr13,250000,260000,12852.721136142449
chr13,260000,270000,12955.465569740914
chr13,270000,280000,12969.868871279463
chr13,280000,290000,12946.82061526377
chr13,290000,300000,12970.279073216949
chr13,300000,310000,13089.090772048956
chr13,310000,320000,13093.063561966654
chr13,320000,330000,13235.325008713527
chr13,330000,340000,13263.100004662572
chr13,340000,350000,13248.840065369013
chr13,350000,360000,13224.411204398992
chr13,360000,370000,13311.095142304575
chr13,370000,380000,13378.854011272566
chr13,380000,390000,13367.766033575288
chr13,390000,400000,13397.4636609388
chr13,400000,410000,13486.98672659016
chr13,410000,420000,13561.475136393574
chr13,420000,430000,13707.449377768493
chr13,430000,440000,13760.713887014386
chr13,440000,450000,13769.460174693744
chr13,450000,460000,13901.56649334846
chr13,460000,470000,14005.077766005248
chr13,470000,480000,14139.93954991685
chr13,480000,490000,14162.210475174912
chr13,490000,500000,14144.794997111765
chr13,500000,510000,14158.037998236054
chr13,510000,520000,14125.2945877706
chr13,520000,530000,14248.010720970518
chr13,530000,540000,14413.18502954022
chr13,540000,550000,14368.45104654033
chr13,550000,560000,14308.434980552847
chr13,560000,570000,14355.431118140623
chr13,570000,580000,14464.506173102038
chr13,580000,590000,14672.165768559089
chr13,590000,600000,14602.888648678472
chr13,600000,610000,14643.536160159658
chr13,610000,620000,14789.13059159853
chr13,620000,630000,14771.015878704327
chr13,630000,640000,14685.546011297654
chr13,640000,650000,14604.563482577625
chr13,650000,660000,14460.820628532481
chr14,0,10000,
chr14,10000,20000,
chr14,20000,30000,
chr14,30000,40000,
chr14,40000,50000,
chr14,50000,60000,
chr14,60000,70000,
chr14,70000,80000,
chr14,80000,90000,
chr14,90000,100000,
chr14,100000,110000,
chr14,110000,120000,
chr14,120000,130000,
chr14,130000,140000,
chr14,140000,150000,
chr14,150000,160000,
chr14,160000,170000,
chr14,170000,180000,
chr14,180000,190000,
chr14,190000,200000,12352.409245237619
chr14,200000,210000,12435.35669309106
chr14,210000,220000,12298.453673266395
chr14,220000,230000,12260.819950651976
chr14,230000,240000,12281.694720762745
chr14,240000,250000,12313.774386187217
chr14,250000,260000,12321.029914508516
chr14,260000,270000,12201.938346394012
chr14,270000,280000,11959.059222739781
chr14,280000,290000,11752.602235680124
chr14,290000,300000,11643.29296772276
chr14,300000,310000,11513.677187925097
chr14,310000,320000,11521.33636986688
chr14,320000,330000,11559.11331206025
chr14,330000,340000,11515.629115597587
chr14,340000,350000,11491.22233547055
chr14,350000,360000,11595.893104561634
chr14,360000,370000,11774.979130010839
chr14,370000,380000,11969.707343853197
chr14,380000,390000,12079.523176704277
chr14,390000,400000,12092.857049432349
chr14,400000,410000,11985.642238855458
chr14,410000,420000,11874.5937646315
chr14,420000,430000,11716.128331273649
chr14,430000,440000,11462.697185242405
chr14,440000,450000,11376.043524021012
chr14,450000,460000,11412.538101509463
chr14,460000,470000,11428.192696899785
chr14,470000,480000,11384.468856495323
chr14,480000,490000,11300.053779407792
chr14,490000,500000,11366.89329277585
chr14,500000,510000,11642.585142768236
chr14,510000,520000,11671.894667071907
chr14,520000,530000,11665.184298927119
chr14,530000,540000,11628.54340339601
chr14,540000,550000,11522.479174773483
chr14,550000,560000,11470.808094296783
chr14,560000,570000,11410.592135205348
chr14,570000,580000,11340.035103133512
chr15,0,10000,
chr15,10000,20000,
chr15,20000,30000,
chr15,30000,40000,
chr15,40000,50000,
chr15,50000,60000,
chr15,60000,70000,
chr15,70000,80000,
chr15,80000,90000,
chr15,90000,100000,
chr15,100000,110000,
chr15,110000,120000,
chr15,120000,130000,
chr15,130000,140000,
chr15,140000,150000,
chr15,150000,160000,
chr15,160000,170000,
chr15,170000,180000,
chr15,180000,190000,
chr15,190000,200000,
chr15,200000,210000,11877.623327293699
chr15,210000,220000,11646.265805306872
chr15,220000,230000,11468.480267231358
chr15,230000,240000,11320.91256158423
chr15,240000,250000,11099.523014115008
chr15,250000,260000,10792.879170747712
chr15,260000,270000,10560.333217325622
chr15,270000,280000,10424.780647833737
chr15,280000,290000,10348.681200930276
chr15,290000,300000,10356.191239486967
chr15,300000,310000,10237.466474994502
chr15,310000,320000,10266.535849963539
chr15,320000,330000,10278.521791812535
chr15,330000,340000,10345.644291739838
chr15,340000,350000,10297.671637276711
chr15,350000,360000,10336.136590335644
chr15,360000,370000,10189.360147955598
chr15,370000,380000,10087.37228197495
chr15,380000,390000,10090.75890578134
chr15,390000,400000,10208.032507161704
chr15,400000,410000,10248.77285847507
chr15,410000,420000,10226.36182119279
chr15,420000,430000,10253.140207722445
chr15,430000,440000,10273.552806259677
chr15,440000,450000,10400.68250225088
chr15,450000,460000,10510.847553860438
chr15,460000,470000,10541.69706076584
chr15,470000,480000,10539.923045164185
chr15,480000,490000,10729.207297160034
chr15,490000,500000,10849.416391536015
chr15,500000,510000,10834.72889735352
chr15,510000,520000,10933.432116802962
chr15,520000,530000,10977.48611336325
chr16,0,10000,
chr16,10000,20000,
chr16,20000,30000,
chr16,30000,40000,
chr16,40000,50000,
chr16,50000,60000,
chr16,60000,70000,
chr16,70000,80000,
chr16,80000,90000,
chr16,90000,100000,
chr16,100000,110000,
chr16,110000,120000,
chr16,120000,130000,
chr16,130000,140000,
chr16,140000,150000,
chr16,150000,160000,
chr16,160000,170000,
chr16,170000,180000,
chr16,180000,190000,
chr16,190000,200000,
chr16,200000,210000,
chr16,210000,220000,
chr16,220000,230000,
chr16,230000,240000,
chr16,240000,250000,
chr16,250000,260000,
chr16,260000,270000,
chr16,270000,280000,
chr16,280000,290000,
chr16,290000,300000,
chr16,300000,310000,
chr16,310000,320000,
chr16,320000,330000,
chr16,330000,340000,
chr16,340000,350000,
chr16,350000,360000,
chr16,360000,370000,
chr16,370000,380000,
chr16,380000,390000,
chr16,390000,400000,
chr16,400000,410000,
chr17,0,10000,
chr17,10000,20000,
chr17,20000,30000,
chr17,30000,40000,
chr17,40000,50000,
chr17,50000,60000,
chr17,60000,70000,
chr17,70000,80000,
chr17,80000,90000,
chr17,90000,100000,
chr17,100000,110000,
chr17,110000,120000,
chr17,120000,130000,
chr17,130000,140000,
chr17,140000,150000,
chr17,150000,160000,
chr17,160000,170000,
chr17,170000,180000,
chr17,180000,190000,
chr17,190000,200000,
chr17,200000,210000,
chr17,210000,220000,
chr17,220000,230000,
chr17,230000,240000,
chr17,240000,250000,
chr17,250000,260000,9632.74261117032
chr17,260000,270000,9661.131115866012
chr17,270000,280000,9696.046614010325
chr17,280000,290000,9709.422300753537
chr17,290000,300000,9751.081452806662
chr17,300000,310000,9792.227090760425
chr17,310000,320000,9780.107002404618
chr18,0,10000,
chr18,10000,20000,
chr18,20000,30000,
chr18,30000,40000,
chr18,40000,50000,
chr18,50000,60000,
chr18,60000,70000,
chr18,70000,80000,
chr18,80000,90000,
chr18,90000,100000,
chr18,100000,110000,
chr18,110000,120000,
chr18,120000,130000,
chr18,130000,140000,
chr18,140000,150000,
chr18,150000,160000,
chr18,160000,170000,
chr18,170000,180000,
chr18,180000,190000,13143.811061699857
chr18,190000,200000,13228.583639323186
chr18,200000,210000,13356.53589974105
chr18,210000,220000,13520.453651909536
chr18,220000,230000,13695.707255500287
chr18,230000,240000,13690.31295419742
chr18,240000,250000,13781.320460431569
chr18,250000,260000,13778.642016403104
chr18,260000,270000,13721.073997920661
chr18,270000,280000,13739.145835660334
chr18,280000,290000,13665.977997066222
chr19,0,10000,
chr19,10000,20000,
chr19,20000,30000,
chr19,30000,40000,
chr19,40000,50000,
chr19,50000,60000,
chr19,60000,70000,
chr19,70000,80000,
chr19,80000,90000,
chr19,90000,100000,
chr20,0,10000,
chr20,10000,20000,
chr20,20000,30000,
chr20,30000,40000,
chr20,40000,50000,
chr20,50000,60000,
chr20,60000,70000,
chr20,70000,80000,
chr20,80000,90000,
chr20,90000,100000,
chr20,100000,110000,
chr20,110000,120000,
chr20,120000,130000,
chr20,130000,140000,
chr22,0,10000,
chr22,10000,20000,
chrX,0,10000,12802.733256807489
chrX,10000,20000,12923.588552685227
chrX,20000,30000,13077.437992984327
chrX,30000,40000,13038.866206407922
chrX,40000,50000,12967.406032217272
chrX,50000,60000,12800.661233373683
chrX,60000,70000,12754.088442558106
chrX,70000,80000,12790.293943348652
chrX,80000,90000,12872.65606538861
chrX,90000,100000,12956.949641246178
chrX,100000,110000,
chrX,110000,120000,
chrX,120000,130000,
chrX,130000,140000,
chrX,140000,150000,
chrX,150000,160000,
chrX,160000,170000,
chrX,170000,180000,
chrX,180000,190000,
chrX,190000,200000,
chrX,200000,210000,
chrX,210000,220000,
chrX,220000,230000,
chrX,230000,240000,
chrX,240000,250000,
chrX,250000,260000,
chrX,260000,270000,
chrX,270000,280000,
chrX,280000,290000,
chrX,290000,300000,
chrX,300000,310000,
chrX,310000,320000,
chrX,320000,330000,
chrX,330000,340000,
chrX,340000,350000,
chrX,350000,360000,
chrX,360000,370000,
chrX,370000,380000,
chrX,380000,390000,
chrX,390000,400000,
chrX,400000,410000,
chrX,410000,420000,
chrX,420000,430000,
chrX,430000,440000,
chrX,440000,450000,
chrX,450000,460000,
chrX,460000,470000,
chrX,470000,480000,
chrX,480000,490000,
chrX,490000,500000,
chrX,500000,510000,
chrX,510000,520000,
chrX,520000,530000,
chrX,530000,540000,
chrX,540000,550000,
chrX,550000,560000,
chrX,560000,570000,
chrX,570000,580000,
chrX,580000,590000,
chrX,590000,600000,
chrX,600000,610000,
chrX,610000,620000,13080.883635550828
chrX,620000,630000,12924.502443617428
chrX,630000,640000,12862.184537535933
chrX,640000,650000,12839.770679715784
chrX,650000,660000,12813.03830550352
chrX,660000,670000,12784.794956058498
chrX,670000,680000,12768.087866181402
chrX,680000,690000,12735.191304688813
chrX,690000,700000,12631.604227906882
chrX,700000,710000,12543.565906056652
chrX,710000,720000,12579.53815513716
chrX,720000,730000,12623.565374439082
chrX,730000,740000,12600.922510647435
chrX,740000,750000,12528.14916427332
chrX,750000,760000,12464.074682446717
chrX,760000,770000,12375.95751869394
chrX,770000,780000,12344.824133230559
chrX,780000,790000,12328.471811638827
chrX,790000,800000,12361.553972045127
chrX,800000,810000,12306.896389709218
chrX,810000,820000,12294.963248878214
chrX,820000,830000,12215.596207555089
chrX,830000,840000,12240.786287701994
chrX,840000,850000,12232.858937180523
chrX,850000,860000,12232.787228352441
chrX,860000,870000,12219.499083519811
chrX,870000,880000,12211.952215574496
chrX,880000,890000,12209.710539386802
chrX,890000,900000,12271.363100682902
chrX,900000,910000,12310.42997364388
chrX,910000,920000,12325.17752617837
chrX,920000,930000,12391.797061492363
chrX,930000,940000,12502.910265954783
chrX,940000,950000,12613.607888878063
chrX,950000,960000,12717.835174010783
chrX,960000,970000,12785.64510512108
chrX,970000,980000,12937.765590525823
chrX,980000,990000,13015.708549641007
chrX,990000,1000000,13197.776930826543
chrX,1000000,1010000,13285.983716418177
chrX,1010000,1020000,13397.580868684989
chrX,1020000,1030000,13521.028951734694
chrX,1030000,1040000,13585.890611346205
chrX,1040000,1050000,13642.215547840011
chrX,1050000,1060000,13650.967461505694
chrY,0,10000,
chrY,10000,20000,
chrY,20000,30000,
chrY,30000,40000,
chrY,40000,50000,
chrY,50000,60000,
chrY,60000,70000,
chrY,70000,80000,
chrY,80000,90000,
chrY,90000,100000,
